time,pressure_bar
0,13.64898014
0.010075,13.64898014
0.020142,13.64898014
0.030209,13.64898014
0.040276,13.64898014
0.050344,13.64898014
0.06041,13.64898014
0.070477,13.64898014
0.080545,13.64898014
0.090613,13.64898014
0.100681,13.64898014
0.110748,13.64898014
0.120816,13.64898014
0.130883,13.64898014
0.140948,13.64898014
0.151014,13.64898014
0.161082,13.64898014
0.171148,13.64898014
0.181222,13.64898014
0.191289,13.64898014
0.201358,13.64898014
0.211424,13.64898014
0.22149,13.64898014
0.231558,13.64898014
0.241648,13.64898014
0.251717,13.64898014
0.261786,13.64898014
0.271854,13.64898014
0.281922,13.64898014
0.291989,13.64898014
0.302056,13.64898014
0.312124,13.64898014
0.322192,13.64898014
0.332261,13.64898014
0.34233,13.64898014
0.352404,13.64898014
0.362471,13.64898014
0.372538,13.64898014
0.382605,13.64898014
0.392672,13.64898014
0.40274,13.64898014
0.412809,13.64898014
0.422877,13.64898014
0.432945,13.64898014
0.443012,13.64898014
0.453079,13.64898014
0.463146,13.64898014
0.473214,13.64898014
0.48328,13.64898014
0.493345,13.64898014
0.503414,13.64898014
0.513482,13.64898014
0.52355,13.64898014
0.533615,13.64898014
0.543681,13.64898014
0.553749,13.64898014
0.563816,13.64898014
0.573882,13.64898014
0.583948,13.64898014
0.593995,13.64898014
0.604063,13.64898014
0.614131,13.64898014
0.6242,13.64898014
0.634268,13.64898014
0.644335,13.64898014
0.654402,13.64898014
0.664471,13.64898014
0.674538,13.64898014
0.684604,13.64898014
0.69467,13.64898014
0.704737,13.64898014
0.714803,13.64898014
0.72487,13.64898014
0.734936,13.64898014
0.745003,13.64898014
0.755069,13.64898014
0.765137,13.64898014
0.775204,13.64898014
0.785272,13.64898014
0.795343,13.64898014
0.80541,13.64898014
0.815478,13.64898014
0.825544,13.64898014
0.83561,13.64898014
0.845691,13.64898014
0.855761,13.64898014
0.865832,13.64898014
0.8759,13.64898014
0.885967,13.64898014
0.896033,13.64897535
0.906099,13.64897057
0.916166,13.64896099
0.926231,13.64895142
0.936298,13.64894184
0.946366,13.64893226
0.95643,13.64892269
0.966497,13.64891311
0.976563,13.64890354
0.986629,13.64889396
0.9967,13.64888439
1.006766,13.64887481
1.016834,13.64886523
1.026901,13.64885566
1.036972,13.64884608
1.04704,13.64883651
1.057108,13.64882693
1.067174,13.64881736
1.077239,13.64880778
1.087306,13.64879821
1.097372,13.64878863
1.107439,13.64877905
1.117505,13.64876948
1.127579,13.6487599
1.137673,13.64875033
1.147751,13.64874075
1.157822,13.64873118
1.167907,13.6487216
1.178016,13.64871202
1.188087,13.64870245
1.198163,13.64869766
1.208244,13.64868809
1.21834,13.64867851
1.228431,13.64866893
1.238516,13.64865936
1.248588,13.64864978
1.258655,13.648645
1.268724,13.64863542
1.278791,13.64862584
1.288858,13.64861627
1.298926,13.64860669
1.308993,13.64859712
1.319074,13.64858754
1.329156,13.64857797
1.339225,13.64856839
1.349292,13.64855881
1.359359,13.64854924
1.369429,13.64853966
1.379496,13.64853009
1.389565,13.64852051
1.399634,13.64851094
1.409733,13.64850615
1.419827,13.64850615
1.429921,13.64850136
1.440016,13.64850136
1.450109,13.64850136
1.460201,13.64850136
1.470291,13.64850136
1.480383,13.64850136
1.490479,13.64850136
1.500565,13.64850136
1.510634,13.64850136
1.520703,13.64850136
1.530771,13.64850136
1.540839,13.64850136
1.550907,13.64849657
1.560974,13.64849179
1.571051,13.64848221
1.581121,13.64847263
1.591198,13.64846306
1.601266,13.64845348
1.611336,13.64844391
1.621405,13.64843433
1.631472,13.64842476
1.64154,13.64841518
1.651607,13.6484056
1.661673,13.64839603
1.67174,13.64838645
1.681806,13.64837688
1.691875,13.6483673
1.701944,13.64835773
1.712022,13.64834815
1.722089,13.64833858
1.732157,13.648329
1.742225,13.64831942
1.752292,13.64830985
1.762359,13.64830027
1.772424,13.6482907
1.782491,13.64828112
1.792558,13.64827155
1.802631,13.64826197
1.8127,13.6482524
1.822772,13.64824282
1.832841,13.64823324
1.842911,13.64822367
1.852979,13.64821409
1.863046,13.64820452
1.87312,13.64819494
1.883189,13.64818537
1.893255,13.64817579
1.903332,13.64816621
1.913403,13.64815664
1.923473,13.64814706
1.933541,13.64813749
1.943609,13.64812791
1.953678,13.64811834
1.963745,13.64810876
1.973812,13.64809919
1.98388,13.64808961
1.993955,13.64808003
2.004024,13.64807046
2.014091,13.64806088
2.024158,13.64805131
2.034228,13.64804173
2.044307,13.64803216
2.054375,13.64802258
2.064441,13.648013
2.07451,13.64800343
2.084578,13.64799385
2.094645,13.64798428
2.104712,13.6479747
2.11478,13.64796513
2.125038,13.64795555
2.135104,13.64794598
2.145167,13.6479364
2.155234,13.64792682
2.165304,13.64791725
2.175375,13.64790767
2.185445,13.6478981
2.195513,13.64788852
2.205581,13.64787895
2.215647,13.64787416
2.225714,13.64786937
2.235782,13.64786937
2.24585,13.64786458
2.255916,13.64785979
2.265989,13.64785501
2.276058,13.64785022
2.286124,13.64784543
2.296191,13.64784543
2.306258,13.64784543
2.316326,13.64784543
2.326393,13.64784543
2.336459,13.64784543
2.346527,13.64784543
2.356606,13.64784543
2.366675,13.64784543
2.376744,13.64784543
2.386823,13.64784543
2.396891,13.64784543
2.406958,13.64784543
2.417025,13.64784543
2.427092,13.64784543
2.437161,13.64784543
2.447227,13.64784064
2.457294,13.64783107
2.467361,13.64782149
2.477429,13.64781192
2.487494,13.64780234
2.49756,13.64779277
2.507626,13.64778319
2.517694,13.64777361
2.527761,13.64776404
2.537827,13.64775446
2.547895,13.64774489
2.557962,13.64773531
2.568029,13.64772574
2.578096,13.64771616
2.588163,13.64770658
2.598239,13.64769701
2.608309,13.64768743
2.618378,13.64767786
2.628446,13.64766828
2.638515,13.64765871
2.648583,13.64764913
2.65865,13.64763956
2.668721,13.64762998
2.67879,13.6476204
2.688858,13.64761083
2.698926,13.64760125
2.708994,13.64759168
2.719061,13.6475821
2.729127,13.64757253
2.739195,13.64756295
2.749262,13.64755337
2.759329,13.6475438
2.769396,13.64753422
2.779462,13.64752944
2.789529,13.64751986
2.799596,13.64751028
2.809662,13.64750071
2.819731,13.64749113
2.829799,13.64748635
2.839867,13.64748156
2.849934,13.64747677
2.860002,13.64747677
2.870069,13.64747677
2.880136,13.64747677
2.890203,13.64747677
2.900271,13.64747677
2.910337,13.64748156
2.920404,13.64748635
2.93047,13.64749592
2.940539,13.6475055
2.950605,13.64751507
2.960672,13.64752465
2.970739,13.64753422
2.980806,13.6475438
2.990876,13.64755337
3.000944,13.64756295
3.011012,13.64757253
3.02108,13.6475821
3.031147,13.64759168
3.041214,13.64760125
3.051286,13.64761083
3.061357,13.6476204
3.071425,13.64762998
3.081491,13.64763956
3.091559,13.64764913
3.101628,13.64765871
3.111696,13.64766828
3.121762,13.64767786
3.131829,13.64768743
3.141897,13.64769701
3.151963,13.64770658
3.161988,13.64771616
3.172054,13.64772574
3.182122,13.64773531
3.192189,13.64774489
3.202256,13.64775446
3.212323,13.64775925
3.222391,13.64776883
3.232457,13.6477784
3.242521,13.64778798
3.252586,13.64779755
3.262651,13.64780713
3.272717,13.64781192
3.282783,13.64782149
3.292848,13.64783107
3.302915,13.64784064
3.31298,13.64785022
3.323045,13.64785979
3.333113,13.64786937
3.343179,13.64787895
3.353245,13.64788852
3.36331,13.6478981
3.373377,13.64790767
3.383444,13.64791725
3.39351,13.64792682
3.403576,13.6479364
3.413643,13.64794598
3.423709,13.64795076
3.433774,13.64795076
3.44384,13.64795555
3.453907,13.64795076
3.463971,13.64794598
3.474036,13.64794119
3.484102,13.64794119
3.494167,13.64794119
3.504232,13.64794119
3.51432,13.64794119
3.524388,13.6479364
3.534451,13.64793161
3.544518,13.64793161
3.554585,13.64793161
3.56465,13.6479364
3.574716,13.64794119
3.584781,13.64795076
3.594846,13.64796034
3.604913,13.64796991
3.614981,13.64797949
3.625046,13.64798907
3.635119,13.64799864
3.645193,13.64800822
3.655265,13.64801779
3.665335,13.64802737
3.675407,13.64803694
3.685474,13.64804652
3.695542,13.64805609
3.705608,13.64806567
3.715674,13.64807525
3.725739,13.64808482
3.735805,13.6480944
3.745872,13.64810397
3.755937,13.64811355
3.76602,13.64812312
3.776086,13.6481327
3.78615,13.64814228
3.796218,13.64815185
3.806284,13.64816143
3.816349,13.648171
3.826415,13.64818058
3.836481,13.64819015
3.846547,13.64819973
3.856613,13.6482093
3.866677,13.64821888
3.876742,13.64822846
3.886807,13.64823803
3.896872,13.64824761
3.906938,13.64825718
3.917021,13.64826676
3.927091,13.64827633
3.937157,13.64828591
3.947223,13.64829549
3.957289,13.64830506
3.967355,13.64831464
3.977422,13.64832421
3.98749,13.64833379
3.997556,13.64834336
4.00762,13.64835294
4.017686,13.64836251
4.027753,13.64837209
4.037818,13.64838167
4.047883,13.64839124
4.057957,13.64840082
4.068024,13.64841039
4.078091,13.64841997
4.088157,13.64842954
4.098223,13.64843912
4.10829,13.6484487
4.118356,13.64845348
4.128422,13.64845827
4.138499,13.64845827
4.148568,13.64845827
4.158636,13.64845827
4.168702,13.64845827
4.17877,13.64845827
4.188835,13.64845827
4.198902,13.64845827
4.208967,13.64845827
4.219032,13.64845827
4.229099,13.64845348
4.239167,13.6484487
4.249232,13.64843912
4.259297,13.64843433
4.269363,13.64842954
4.279429,13.64842476
4.289496,13.64841997
4.299561,13.64841518
4.309627,13.6484056
4.319693,13.64839603
4.329759,13.64838645
4.339827,13.64837688
4.349893,13.6483673
4.359958,13.64835773
4.370025,13.64834815
4.380091,13.64833858
4.390158,13.648329
4.400224,13.64831942
4.410291,13.64830985
4.420356,13.64830027
4.430423,13.6482907
4.440489,13.64828112
4.450555,13.64827155
4.460622,13.64826676
4.470688,13.64826676
4.480753,13.64826676
4.490819,13.64826676
4.500903,13.64826676
4.510973,13.64826676
4.521036,13.64826676
4.531103,13.64826676
4.541169,13.64826676
4.551237,13.64826676
4.561302,13.64826676
4.571368,13.64826676
4.581435,13.64826676
4.5915,13.64826676
4.601567,13.64827155
4.611633,13.64827633
4.621699,13.64828112
4.631766,13.64828591
4.641832,13.6482907
4.651896,13.6482907
4.661962,13.6482907
4.672029,13.64829549
4.682093,13.64830506
4.692159,13.64830985
4.702476,13.64831942
4.712543,13.648329
4.722608,13.64833858
4.732676,13.64834815
4.742744,13.64835773
4.752809,13.6483673
4.762874,13.64837688
4.772941,13.64838645
4.783007,13.64839603
4.793073,13.64840082
4.803138,13.64841039
4.813221,13.64841997
4.823309,13.64842954
4.833395,13.64843912
4.843479,13.64844391
4.85357,13.6484487
4.863659,13.64845348
4.873748,13.64845348
4.883836,13.64845348
4.893926,13.64845348
4.904015,13.6484487
4.9141,13.64844391
4.924185,13.64844391
4.934268,13.64843912
4.944352,13.64842954
4.954435,13.64841997
4.96489,13.64841039
4.974982,13.64840082
4.985069,13.64839124
4.995152,13.64838167
5.005238,13.64837209
5.015325,13.64836251
5.025407,13.64835294
5.035486,13.64834336
5.045569,13.64833858
5.05565,13.64833379
5.065739,13.648329
5.075815,13.64832421
5.085899,13.64831942
5.095981,13.64831464
5.10606,13.64830506
5.116151,13.64829549
5.126235,13.64828591
5.13632,13.64828112
5.146869,13.64828112
5.157169,13.64828112
5.167259,13.64827633
5.177568,13.64827155
5.187647,13.64826676
5.197726,13.64826676
5.207804,13.64826676
5.217959,13.64826676
5.228039,13.64826197
5.238117,13.64826197
5.248195,13.64825718
5.258272,13.6482524
5.268351,13.6482524
5.278429,13.64824761
5.288506,13.64823803
5.298587,13.64822846
5.308667,13.64821888
5.318747,13.6482093
5.328828,13.64819973
5.338912,13.64819015
5.348994,13.64818058
5.359075,13.648171
5.369156,13.64816143
5.379239,13.64815185
5.389446,13.64814228
5.399528,13.6481327
5.40961,13.64812312
5.419722,13.64811355
5.429806,13.64810397
5.439889,13.6480944
5.44997,13.64808482
5.460052,13.64807525
5.470134,13.64807046
5.480215,13.64806567
5.490298,13.64806088
5.500379,13.64805131
5.510461,13.64804173
5.520572,13.64803216
5.530655,13.64802258
5.540737,13.64801779
5.550819,13.648013
5.560899,13.64800343
5.57098,13.64799385
5.581061,13.64798428
5.591142,13.6479747
5.601226,13.64796513
5.611303,13.64795555
5.621417,13.64794598
5.631498,13.6479364
5.64158,13.64792682
5.65166,13.64791725
5.661742,13.64790767
5.671823,13.6478981
5.681905,13.64788852
5.691986,13.64787895
5.702067,13.64786937
5.71215,13.64785979
5.722232,13.64785022
5.732313,13.64784064
5.742394,13.64783107
5.752476,13.64782149
5.762558,13.64781192
5.772641,13.64780234
5.782723,13.64779277
5.792813,13.64778319
5.802898,13.64777361
5.81298,13.64776404
5.823093,13.64775446
5.833174,13.64774489
5.843254,13.64773531
5.853336,13.64772574
5.863418,13.64771616
5.873499,13.64770658
5.883579,13.64769701
5.89366,13.64768743
5.90374,13.64767786
5.913821,13.64766828
5.923932,13.64765871
5.934015,13.64764913
5.944097,13.64763956
5.954176,13.64762998
5.964267,13.6476204
5.974356,13.64761083
5.984439,13.64760125
5.994521,13.64759168
6.004602,13.6475821
6.014683,13.64757253
6.024797,13.64756295
6.03488,13.64755337
6.044961,13.6475438
6.055043,13.64753422
6.065127,13.64752465
6.075211,13.64751507
6.085294,13.6475055
6.095377,13.64749592
6.105458,13.64748635
6.11554,13.64748156
6.125652,13.64748156
6.135734,13.64748635
6.145815,13.64749113
6.155894,13.64750071
6.165995,13.64751028
6.176079,13.64751986
6.18616,13.64752944
6.196243,13.64753901
6.206324,13.64754859
6.216407,13.64755816
6.22649,13.64756774
6.236609,13.64757731
6.2467,13.64758689
6.256781,13.64759647
6.266863,13.64760604
6.276946,13.64761562
6.287028,13.64762519
6.297108,13.64763477
6.307193,13.64764434
6.317273,13.64765392
6.327385,13.64766349
6.337469,13.64767307
6.347552,13.64768265
6.357635,13.64769222
6.367716,13.6477018
6.377797,13.64771137
6.387879,13.64772095
6.397962,13.64773052
6.408045,13.6477401
6.418127,13.64774967
6.428239,13.64775925
6.438322,13.64776883
6.448404,13.6477784
6.458484,13.64778798
6.468566,13.64779755
6.478649,13.64780713
6.488734,13.6478167
6.498814,13.64782628
6.508896,13.64783586
6.518978,13.64784543
6.52909,13.64785501
6.539171,13.64786458
6.549252,13.64787416
6.559333,13.64788373
6.569414,13.64789331
6.579496,13.64790288
6.589577,13.64791246
6.599656,13.64791725
6.609738,13.64792682
6.61982,13.64793161
6.629934,13.6479364
6.640014,13.64794119
6.650096,13.64794598
6.660178,13.64795076
6.670259,13.64796034
6.68034,13.64796991
6.690422,13.6479747
6.700503,13.6479747
6.710583,13.64797949
6.720664,13.64797949
6.730746,13.64797949
6.740829,13.6479747
6.75091,13.64796991
6.760991,13.64796513
6.771074,13.64796513
6.781155,13.64796034
6.791238,13.64795076
6.801318,13.64794119
6.811399,13.64793161
6.821479,13.64792204
6.83159,13.64791246
6.841671,13.64790288
6.851751,13.64789331
6.861833,13.64788373
6.871914,13.64787416
6.881996,13.64786458
6.892078,13.64785501
6.90216,13.64784543
6.912244,13.64783586
6.922326,13.64783107
6.932439,13.64782628
6.94252,13.6478167
6.952601,13.64781192
6.962681,13.64781192
6.97277,13.64781192
6.982851,13.64781192
6.992932,13.64781192
7.003013,13.64781192
7.013094,13.64781192
7.023175,13.64781192
7.033287,13.64781192
7.043368,13.64781192
7.053451,13.64781192
7.063534,13.64780713
7.073615,13.64780234
7.083701,13.64779755
7.093789,13.64779277
7.103875,13.64778798
7.11396,13.64778319
7.124305,13.64778319
7.13439,13.64778319
7.144475,13.64778319
7.154559,13.6477784
7.164642,13.64776883
7.174728,13.64775925
7.184811,13.64775446
7.194894,13.64774967
7.204975,13.64774489
7.215056,13.64773531
7.225138,13.64772574
7.235251,13.64771616
7.245332,13.64771137
7.255415,13.6477018
7.265497,13.64769701
7.27558,13.64769222
7.285663,13.64768265
7.295744,13.64767786
7.305831,13.64767786
7.315916,13.64767786
7.326007,13.64767786
7.336106,13.64767786
7.346191,13.64767786
7.356278,13.64767786
7.366383,13.64767786
7.37648,13.64767786
7.386568,13.64767786
7.396656,13.64767786
7.406742,13.64767786
7.416828,13.64767786
7.426912,13.64767786
7.437028,13.64767786
7.447113,13.64767786
7.457198,13.64767786
7.467282,13.64767786
7.477368,13.64767786
7.487451,13.64767786
7.497536,13.64767786
7.507622,13.64767786
7.517708,13.64767786
7.527788,13.64767786
7.537904,13.64767786
7.547989,13.64768265
7.558074,13.64768265
7.568161,13.64768265
7.578244,13.64768265
7.588329,13.64768743
7.598414,13.64769701
7.608501,13.6477018
7.618587,13.64770658
7.628672,13.64771137
7.638786,13.64771137
7.648871,13.64771616
7.658955,13.64771616
7.669038,13.64771616
7.679122,13.64772095
7.689206,13.64772095
7.699289,13.64772095
7.709372,13.64772095
7.719457,13.64772095
7.729542,13.64772095
7.739656,13.64772095
7.749741,13.64772095
7.759826,13.64772095
7.76991,13.64772095
7.779995,13.64772095
7.790076,13.64772095
7.800161,13.64772095
7.810245,13.64772095
7.820331,13.64772095
7.830415,13.64772095
7.840512,13.64772095
7.850595,13.64772095
7.86068,13.64772095
7.870763,13.64772095
7.880847,13.64772095
7.890929,13.64772095
7.901013,13.64772095
7.911097,13.64772095
7.921181,13.64772095
7.931264,13.64772095
7.941375,13.64772095
7.951458,13.64772095
7.961543,13.64772095
7.97163,13.64772095
7.981716,13.64772095
7.991802,13.64772095
8.001886,13.64772095
8.01197,13.64772095
8.022055,13.64772095
8.03214,13.64772095
8.042226,13.64772095
8.052308,13.64772095
8.062389,13.64772095
8.072472,13.64772095
8.082553,13.64772095
8.092642,13.64772095
8.102725,13.64772095
8.112807,13.64772095
8.122887,13.64772095
8.132967,13.64771616
8.143058,13.64770658
8.153144,13.64769701
8.163227,13.64768743
8.173316,13.64767786
8.183466,13.64766828
8.193549,13.64765871
8.203628,13.64764913
8.213838,13.64763956
8.223919,13.64762998
8.234016,13.6476204
8.244114,13.64761083
8.254195,13.64760125
8.264277,13.64759168
8.274358,13.6475821
8.28444,13.64757253
8.294522,13.64756295
8.304604,13.64755337
8.314684,13.6475438
8.324767,13.64753422
8.334851,13.64752465
8.344934,13.64751507
8.355019,13.6475055
8.365105,13.64749592
8.375189,13.64748635
8.385273,13.64747677
8.395358,13.64746719
8.405447,13.64745762
8.415537,13.64744804
8.425624,13.64743847
8.43573,13.64742889
8.445839,13.64741932
8.455919,13.64740974
8.466002,13.64740016
8.476083,13.64739059
8.486162,13.64738101
8.496245,13.64737144
8.506325,13.64736186
8.516407,13.64735229
8.526488,13.64734271
8.536569,13.64733314
8.546652,13.64732356
8.556733,13.64731398
8.566814,13.64730441
8.576897,13.64729483
8.586979,13.64728526
8.597065,13.64727568
8.607152,13.64726611
8.617233,13.64726132
8.627315,13.64725174
8.637397,13.64724217
8.647511,13.64723259
8.657593,13.64722302
8.667673,13.64721344
8.677754,13.64720386
8.687842,13.64719429
8.697926,13.64718471
8.708009,13.64717514
8.718097,13.64716556
8.728179,13.64715599
8.73826,13.64714641
8.748373,13.64713684
8.758454,13.64713205
8.768534,13.64712726
8.778616,13.64712247
8.788698,13.6471129
8.79878,13.64710811
8.808861,13.64710811
8.818943,13.64710811
8.829025,13.64710811
8.839106,13.64710811
8.849217,13.64710811
8.859298,13.64710811
8.869378,13.64710811
8.879461,13.64710811
8.889542,13.64710811
8.899625,13.64710811
8.909708,13.64710811
8.919789,13.64710811
8.929869,13.64710811
8.939952,13.64710811
8.950035,13.64710811
8.960116,13.64710811
8.970202,13.64710811
8.980285,13.64710811
8.990367,13.64710811
9.000448,13.64710811
9.010527,13.6471129
9.020609,13.64712247
9.03069,13.64713205
9.040772,13.64714162
9.050885,13.6471512
9.060966,13.64716077
9.071048,13.64717035
9.08113,13.64717993
9.091211,13.6471895
9.101298,13.64719908
9.111382,13.64720865
9.121464,13.64721823
9.131546,13.6472278
9.141628,13.64723738
9.151737,13.64724695
9.161819,13.64725653
9.171907,13.64726611
9.181993,13.64727568
9.192074,13.64728526
9.202156,13.64729483
9.212238,13.64730441
9.222318,13.64731398
9.232399,13.64732356
9.242481,13.64733314
9.252591,13.64734271
9.262672,13.64735229
9.272753,13.64736186
9.282835,13.64737144
9.292918,13.64738101
9.303001,13.64739059
9.313083,13.64740016
9.323164,13.64740974
9.333246,13.64741932
9.343328,13.64742889
9.353439,13.64743847
9.363521,13.64744804
9.373603,13.64745762
9.383683,13.64746241
9.393763,13.64746719
9.403845,13.64746719
9.413927,13.64747198
9.424013,13.64747677
9.434095,13.64748156
9.44418,13.64748156
9.454261,13.64748156
9.464345,13.64748156
9.474427,13.64748635
9.484509,13.64749113
9.49459,13.64749113
9.504671,13.64749113
9.514754,13.64749113
9.524836,13.64749113
9.534916,13.64749113
9.544998,13.64749113
9.55511,13.64749113
9.565192,13.64748635
9.575274,13.64748635
9.585356,13.64748635
9.595438,13.64748635
9.60552,13.64748156
9.615602,13.64747198
9.625683,13.64746719
9.635764,13.64746241
9.645845,13.64745762
9.655959,13.64745762
9.66604,13.64745283
9.676122,13.64745283
9.686201,13.64745283
9.69628,13.64744804
9.706362,13.64744804
9.716443,13.64744804
9.726525,13.64744804
9.736606,13.64744804
9.746686,13.64745283
9.756799,13.64745762
9.766881,13.64746241
9.776962,13.64746241
9.787043,13.64746719
9.797124,13.64747198
9.807205,13.64747677
9.817287,13.64747677
9.827368,13.64747677
9.837448,13.64748156
9.84753,13.64749113
9.857639,13.64750071
9.86772,13.64751028
9.877801,13.64751986
9.887885,13.64752944
9.897967,13.64753901
9.908049,13.64754859
9.918132,13.64755816
9.928215,13.64756774
9.938297,13.64757731
9.948378,13.64758689
9.958497,13.64759647
9.968582,13.64760604
9.978665,13.64761562
9.988746,13.64762519
9.998827,13.64763477
10.008908,13.64764434
10.018989,13.64765392
10.029069,13.64766349
10.039149,13.64767307
10.049229,13.64768265
10.059334,13.64769222
10.069417,13.6477018
10.079499,13.64771137
10.089593,13.64772095
10.099674,13.64773052
10.10976,13.6477401
10.119846,13.64774967
10.129932,13.64775925
10.140017,13.64776883
10.150107,13.6477784
10.16022,13.64778798
10.170303,13.64779755
10.180386,13.64780713
10.190468,13.6478167
10.200549,13.64782149
10.210631,13.64782628
10.220713,13.64782628
10.230795,13.64782628
10.240878,13.64782628
10.250959,13.64782628
10.26107,13.64782628
10.271153,13.64782628
10.281236,13.64782628
10.291319,13.64782628
10.301401,13.64782628
10.311483,13.64782628
10.321564,13.64782628
10.331645,13.64782628
10.34173,13.64782628
10.351813,13.64782628
10.361925,13.64782628
10.372007,13.64782628
10.382086,13.64782628
10.392169,13.64782628
10.40225,13.64782628
10.412332,13.64782628
10.422414,13.64782628
10.432497,13.64782628
10.442579,13.64782628
10.45266,13.64782628
10.462742,13.64782628
10.472823,13.64782628
10.482904,13.64782628
10.492987,13.64782628
10.503068,13.64782628
10.513149,13.64782628
10.523231,13.64782628
10.533313,13.64782628
10.543394,13.64782628
10.553476,13.64782628
10.563589,13.64782628
10.573672,13.64782628
10.583779,13.64782628
10.593861,13.64782628
10.603945,13.64782628
10.614027,13.64782628
10.624109,13.64782628
10.634189,13.64782628
10.644272,13.64782628
10.654353,13.64782628
10.664466,13.64782628
10.674549,13.64782628
10.68463,13.64782628
10.694711,13.64782628
10.704792,13.64782628
10.714874,13.64782628
10.724955,13.64782628
10.735038,13.64782628
10.745119,13.64782628
10.755201,13.64782628
10.765313,13.64782628
10.775396,13.64782628
10.785477,13.64782628
10.795559,13.64782628
10.805645,13.64782628
10.815729,13.64782628
10.825811,13.64782628
10.835893,13.64782628
10.845995,13.64782628
10.856077,13.64782628
10.86616,13.64782628
10.876241,13.64782628
10.886322,13.64782628
10.896405,13.64782628
10.906486,13.64782628
10.916567,13.64782628
10.926648,13.64782628
10.936728,13.64782628
10.946811,13.64782628
10.956897,13.64782628
10.967009,13.64782628
10.977092,13.64782628
10.987174,13.64782628
10.997256,13.64782628
11.007337,13.64782628
11.017419,13.64782628
11.027502,13.64782149
11.037585,13.64781192
11.047666,13.64780234
11.057751,13.64779277
11.067846,13.64778319
11.077932,13.64777361
11.088018,13.64776404
11.098102,13.64775446
11.108188,13.64774489
11.118279,13.64773531
11.128366,13.64772574
11.138452,13.64771616
11.148536,13.64770658
11.158621,13.64769701
11.168737,13.64768743
11.178819,13.64767786
11.188905,13.64766828
11.198989,13.64765871
11.209074,13.64764913
11.219332,13.64763956
11.22947,13.64762998
11.239734,13.6476204
11.249817,13.64761083
11.259901,13.64760125
11.270035,13.64759168
11.280119,13.6475821
11.290202,13.64757253
11.300283,13.64756295
11.310366,13.64755337
11.320448,13.6475438
11.330531,13.64753422
11.340615,13.64752465
11.3507,13.64751507
11.361204,13.6475055
11.371296,13.64749592
11.381382,13.64748635
11.391466,13.64747677
11.401607,13.64747198
11.41169,13.64746719
11.42177,13.64746719
11.431852,13.64746241
11.441934,13.64745762
11.452016,13.64745283
11.462098,13.64745283
11.472181,13.64745283
11.482262,13.64745283
11.492341,13.64744804
11.502421,13.64744326
11.512501,13.64744326
11.522584,13.64744326
11.532664,13.64744326
11.542744,13.64744326
11.552824,13.64744326
11.562906,13.64744326
11.572989,13.64744326
11.583069,13.64744326
11.59315,13.64744326
11.60324,13.64744326
11.613322,13.64744326
11.623409,13.64744326
11.633489,13.64744326
11.64357,13.64744326
11.653653,13.64744326
11.663735,13.64744326
11.673848,13.64744326
11.683929,13.64744326
11.694009,13.64744326
11.704088,13.64744326
11.714167,13.64744326
11.724246,13.64744326
11.734327,13.64744326
11.744405,13.64744326
11.754485,13.64744326
11.76457,13.64743847
11.774653,13.64743368
11.784736,13.64742889
11.794815,13.64742889
11.804894,13.6474241
11.814975,13.64741932
11.825053,13.64741453
11.835135,13.64741453
11.845214,13.64741453
11.855295,13.64740974
11.865373,13.64740016
11.875482,13.64739059
11.88556,13.64738101
11.895641,13.64737144
11.905718,13.64736186
11.915797,13.64735229
11.925877,13.64734271
11.935956,13.64733314
11.946036,13.64732356
11.956123,13.64731398
11.966203,13.64730441
11.976315,13.64729483
11.986396,13.64728526
11.996476,13.64727568
12.006556,13.64726611
12.016635,13.64725653
12.026716,13.64724695
12.036794,13.64723738
12.046875,13.6472278
12.056952,13.64721823
12.067032,13.64720865
12.077135,13.64719908
12.087216,13.6471895
12.097294,13.64717993
12.107375,13.64717035
12.117454,13.64716077
12.127539,13.6471512
12.137619,13.64714162
12.1477,13.64713205
12.157779,13.64712247
12.167858,13.6471129
12.177971,13.64710332
12.188051,13.64709374
12.198131,13.64708417
12.208214,13.64707459
12.218297,13.64706981
12.228379,13.64706502
12.238486,13.64706502
12.248579,13.64706502
12.258665,13.64706502
12.268747,13.64706502
12.278829,13.64706502
12.288911,13.64706502
12.298994,13.64706502
12.309077,13.64706502
12.319159,13.64706502
12.329239,13.64706502
12.339329,13.64706502
12.349412,13.64706502
12.359494,13.64706502
12.369576,13.64706502
12.379664,13.64706502
12.389763,13.64706502
12.399848,13.64706502
12.409935,13.64706502
12.420021,13.64706502
12.430104,13.64706502
12.440186,13.64706502
12.450268,13.64706502
12.46035,13.64706502
12.470431,13.64706502
12.480513,13.64706502
12.490595,13.64706502
12.500677,13.64706502
12.51076,13.64706502
12.520842,13.64706502
12.530923,13.64706502
12.541007,13.64706502
12.55109,13.64706502
12.561171,13.64706502
12.571253,13.64706502
12.581334,13.64706502
12.591417,13.64706502
12.601539,13.64706502
12.611622,13.64706502
12.621704,13.64706502
12.631787,13.64706502
12.64187,13.64706502
12.651952,13.64706502
12.662033,13.64706502
12.672115,13.64706502
12.682198,13.64706502
12.692283,13.64706502
12.702368,13.64706502
12.712453,13.64706502
12.722538,13.64706502
12.732624,13.64706502
12.742711,13.64706502
12.752798,13.64706502
12.762884,13.64706502
12.772969,13.64706502
12.783124,13.64706502
12.793208,13.64706502
12.80329,13.64706502
12.813372,13.64706502
12.823453,13.64706502
12.833534,13.64706502
12.843614,13.64706502
12.853695,13.64706502
12.863777,13.64706502
12.873856,13.64706502
12.883964,13.64706502
12.894045,13.64706502
12.904124,13.64706502
12.914205,13.64706502
12.924284,13.64706502
12.934363,13.64706502
12.944441,13.64706502
12.954524,13.64706502
12.964606,13.64706502
12.974687,13.64706502
12.984798,13.64706502
12.994878,13.64706502
13.004959,13.64706502
13.015038,13.64706502
13.025117,13.64706502
13.035197,13.64706502
13.045276,13.64706502
13.055356,13.64706502
13.065433,13.64706502
13.075512,13.64706502
13.085618,13.64706502
13.095698,13.64706502
13.105777,13.64706502
13.115858,13.64706502
13.125938,13.64706502
13.136022,13.64706502
13.146104,13.64706502
13.156183,13.64706502
13.166262,13.64706502
13.17636,13.64706502
13.18644,13.64706502
13.196519,13.64706502
13.206599,13.64706502
13.216679,13.64706502
13.22693,13.64706502
13.237018,13.64706502
13.247106,13.64706502
13.257193,13.64706502
13.267279,13.64706502
13.277365,13.64706502
13.287482,13.64706502
13.297567,13.64706502
13.307653,13.64706502
13.317738,13.64706502
13.327823,13.64706502
13.337909,13.64706502
13.347995,13.64706502
13.35808,13.64706502
13.368161,13.64706502
13.378244,13.64706502
13.38836,13.64706502
13.398444,13.64706502
13.408529,13.64706502
13.418613,13.64706502
13.428698,13.64706502
13.438781,13.64706502
13.448868,13.64706502
13.458958,13.64706502
13.469046,13.64706502
13.47913,13.64706502
13.489244,13.64706502
13.499329,13.64706502
13.509413,13.64706502
13.519504,13.64706502
13.529587,13.64706502
13.539667,13.64706502
13.549756,13.64706502
13.559841,13.64706502
13.569942,13.64706502
13.580031,13.64706502
13.590117,13.64706502
13.6002,13.64706502
13.610286,13.64706502
13.620369,13.64706502
13.630451,13.64706502
13.640533,13.64706502
13.650614,13.64706502
13.660696,13.64706502
13.670778,13.64706502
13.68086,13.64706502
13.690974,13.64706502
13.701056,13.64706502
13.711139,13.64706502
13.72122,13.64706502
13.731301,13.64706502
13.741383,13.64706502
13.751467,13.64706502
13.761552,13.64706502
13.771639,13.64706502
13.781724,13.64706502
13.79182,13.64706502
13.801905,13.64706502
13.81199,13.64706023
13.822074,13.64705065
13.832159,13.64704108
13.842243,13.64703629
13.852329,13.6470315
13.862413,13.6470315
13.872498,13.6470315
13.882581,13.6470315
13.892696,13.6470315
13.902779,13.6470315
13.912865,13.6470315
13.922949,13.6470315
13.933034,13.64702672
13.943125,13.64702672
13.953211,13.64702672
13.963298,13.64702672
13.973382,13.64702672
13.983473,13.64702672
13.993565,13.64702672
14.003652,13.64702672
14.013737,13.64702672
14.023824,13.64702672
14.033909,13.64702672
14.043994,13.64702672
14.054079,13.64702672
14.064165,13.64702672
14.074249,13.64702672
14.084332,13.64702672
14.094414,13.64702193
14.1045,13.64701714
14.114584,13.64701235
14.124669,13.64700756
14.134752,13.64700278
14.144847,13.6469932
14.154933,13.64698363
14.165017,13.64697884
14.175105,13.64697405
14.185193,13.64696926
14.195279,13.64695969
14.205363,13.64695011
14.215447,13.64694054
14.225531,13.64693096
14.235615,13.64692138
14.245699,13.64691181
14.255846,13.64690223
14.266149,13.64689266
14.276356,13.64688787
14.286437,13.64688308
14.296556,13.64688308
14.30664,13.64688308
14.316723,13.64688308
14.326805,13.64688308
14.336891,13.64688308
14.346975,13.64688308
14.357057,13.64688308
14.367139,13.64688308
14.377222,13.64688308
14.387304,13.64688308
14.397414,13.64688308
14.407497,13.64688308
14.417578,13.64688308
14.427659,13.64688308
14.437741,13.64688308
14.447824,13.64688308
14.457908,13.64688308
14.467995,13.64688308
14.478078,13.64688308
14.488161,13.64688308
14.498243,13.64688308
14.508327,13.64688308
14.518411,13.64688308
14.528493,13.64688308
14.538575,13.64688308
14.548657,13.64688308
14.558736,13.64688308
14.568819,13.64688308
14.5789,13.64688308
14.588981,13.64688308
14.599093,13.64688308
14.609177,13.64688308
14.619259,13.64688308
14.629342,13.64688308
14.639424,13.64688308
14.649506,13.64688308
14.659592,13.64688308
14.669669,13.64688308
14.679747,13.64688308
14.689828,13.64688308
14.699935,13.64688308
14.710015,13.64688308
14.720095,13.64688308
14.730175,13.64688308
14.740255,13.64688308
14.750334,13.64688308
14.760412,13.64688308
14.770492,13.64688308
14.780569,13.64688308
14.790649,13.64688308
14.800755,13.64688308
14.810837,13.64688308
14.820914,13.64688308
14.830994,13.64688308
14.841076,13.64688308
14.851154,13.64688308
14.861235,13.64688308
14.871316,13.64688308
14.881396,13.64688308
14.891478,13.64688308
14.901586,13.64688308
14.911668,13.64688308
14.921746,13.64688308
14.931828,13.64688308
14.941908,13.64688308
14.951988,13.64688308
14.962068,13.64688308
14.972149,13.64688308
14.982229,13.64688308
14.992307,13.64688308
15.002417,13.64688308
15.012495,13.64688308
15.022575,13.64688308
15.032652,13.64688308
15.042731,13.64688308
15.05281,13.64688308
15.062891,13.64688308
15.072969,13.64688308
15.083048,13.64688308
15.093126,13.64688308
15.103234,13.64688308
15.113312,13.64688308
15.123392,13.64688308
15.133471,13.64688308
15.14355,13.64688308
15.153632,13.64688308
15.163713,13.64688308
15.173797,13.64688308
15.183878,13.64688308
15.193955,13.64688308
15.204064,13.64688308
15.214145,13.64688308
15.224228,13.64688308
15.234305,13.64688308
15.244389,13.64688308
15.254471,13.64688308
15.264554,13.64688308
15.274633,13.64688308
15.284713,13.64688308
15.294799,13.64688308
15.304909,13.64688308
15.314991,13.64688308
15.32507,13.64688308
15.335151,13.64688308
15.345237,13.64688308
15.355315,13.64688308
15.365394,13.64688308
15.375474,13.64688308
15.385554,13.64688308
15.395634,13.64688308
15.405745,13.64688308
15.415825,13.64688308
15.425905,13.64688308
15.435983,13.64688308
15.446063,13.64688308
15.456142,13.64688308
15.466222,13.64688308
15.476303,13.64688308
15.486382,13.64688308
15.496461,13.64688308
15.506541,13.64688308
15.516619,13.64688308
15.526701,13.64688308
15.536779,13.64688308
15.54686,13.64688308
15.556941,13.64688308
15.567021,13.64688308
15.5771,13.64688308
15.58718,13.64688308
15.597258,13.64688308
15.607368,13.64688308
15.617447,13.64688308
15.627527,13.64688308
15.637606,13.64688308
15.647686,13.64688308
15.657765,13.64688308
15.667844,13.64688308
15.677923,13.64688308
15.688003,13.64688308
15.698083,13.64688308
15.70819,13.64688308
15.718271,13.64688308
15.728349,13.64688308
15.738428,13.64688308
15.748506,13.64688308
15.758585,13.64688308
15.768664,13.64688308
15.778744,13.64688308
15.788822,13.64688308
15.798901,13.64688308
15.809007,13.64688308
15.819089,13.64688308
15.82917,13.64688787
15.839249,13.64689744
15.849329,13.64690702
15.85941,13.64691181
15.869488,13.6469166
15.879568,13.6469166
15.889648,13.6469166
15.899765,13.6469166
15.909874,13.6469166
15.919954,13.6469166
15.930058,13.6469166
15.940139,13.6469166
15.95022,13.64692138
15.9603,13.64692138
15.97038,13.64692138
15.98046,13.64692138
15.99054,13.64692138
16.000618,13.64692138
16.010697,13.64692138
16.020777,13.64692138
16.030858,13.64692138
16.040937,13.64692138
16.051016,13.64692138
16.061096,13.64692138
16.071176,13.64692138
16.081255,13.64692138
16.091335,13.64692138
16.101414,13.64692138
16.111522,13.64692617
16.121599,13.64693096
16.131678,13.64693575
16.14176,13.64694054
16.15184,13.64694532
16.161937,13.6469549
16.172021,13.64696447
16.182104,13.64696926
16.192188,13.64697405
16.202273,13.64697884
16.212383,13.64698841
16.222465,13.64699799
16.232548,13.64700756
16.242631,13.64701714
16.252714,13.64702672
16.262798,13.64703629
16.27288,13.64704587
16.282961,13.64705544
16.293043,13.64706023
16.303125,13.64706502
16.313234,13.64706502
16.323318,13.64706502
16.333401,13.64706502
16.343488,13.64706502
16.35357,13.64706502
16.363653,13.64706502
16.373734,13.64706502
16.383815,13.64706502
16.393899,13.64706502
16.403982,13.64706502
16.414064,13.64706502
16.424146,13.64706502
16.434227,13.64706502
16.444311,13.64706502
16.454393,13.64706502
16.464474,13.64706502
16.474557,13.64706502
16.484641,13.64706502
16.494721,13.64706502
16.504803,13.64706502
16.514915,13.64706502
16.524998,13.64706502
16.53508,13.64706502
16.545163,13.64706502
16.555246,13.64706502
16.565328,13.64706502
16.57541,13.64706502
16.585493,13.64706502
16.595575,13.64706502
16.605664,13.64706023
16.615777,13.64705544
16.625861,13.64705065
16.635944,13.64705065
16.646026,13.64705065
16.656107,13.64704587
16.666189,13.64704108
16.676271,13.64703629
16.686353,13.6470315
16.696435,13.6470315
16.706517,13.64702672
16.716626,13.64702672
16.726707,13.64702672
16.736789,13.64702672
16.74687,13.64702193
16.756952,13.64701714
16.767035,13.64701714
16.777117,13.64701714
16.787199,13.64701714
16.79728,13.64701714
16.807364,13.64701714
16.817474,13.64701714
16.827556,13.64701714
16.837635,13.64701714
16.847716,13.64701714
16.857798,13.64701714
16.86788,13.64701714
16.877962,13.64701714
16.888044,13.64701714
16.898127,13.64701714
16.908208,13.64701714
16.918289,13.64701714
16.928377,13.64701714
16.93846,13.64701714
16.948542,13.64701714
16.958624,13.64701714
16.968707,13.64701235
16.978789,13.64700278
16.988871,13.64699799
16.998951,13.64699799
17.009034,13.64699799
17.019118,13.6469932
17.0292,13.6469932
17.039281,13.64698841
17.049363,13.64698363
17.059445,13.64697884
17.069527,13.64697405
17.079611,13.64696926
17.089693,13.64696926
17.099776,13.64696447
17.109857,13.6469549
17.119967,13.64695011
17.130047,13.64694532
17.140129,13.64694054
17.15021,13.64693575
17.160292,13.64693096
17.170377,13.64692138
17.180458,13.6469166
17.19054,13.64691181
17.200622,13.64690702
17.210703,13.64690223
17.220815,13.64689266
17.230896,13.64688308
17.240979,13.64687351
17.25106,13.64686393
17.261142,13.64685435
17.271224,13.64684478
17.281305,13.6468352
17.291421,13.64682563
17.301503,13.64681605
17.311635,13.64680648
17.321747,13.6467969
17.33183,13.64678733
17.341919,13.64677775
17.352004,13.64677296
17.362086,13.64676339
17.372168,13.64675381
17.38225,13.64674423
17.392332,13.64673466
17.402445,13.64672508
17.412531,13.64671551
17.42268,13.64671072
17.432755,13.64670114
17.44283,13.64669636
17.452903,13.64669157
17.462978,13.64668678
17.47305,13.64668199
17.483131,13.64667721
17.493214,13.64666763
17.503288,13.64666284
17.513363,13.64665327
17.523497,13.64664369
17.533577,13.64663412
17.543658,13.64662454
17.553737,13.64661496
17.563817,13.64660539
17.573898,13.64659581
17.583979,13.64658624
17.594059,13.64657666
17.604143,13.64656709
17.61422,13.64655751
17.624328,13.64654793
17.634408,13.64653836
17.644491,13.64652878
17.654574,13.64651921
17.664655,13.64650963
17.674736,13.64650006
17.684819,13.64649048
17.6949,13.64648091
17.704986,13.64647133
17.715066,13.64646175
17.72518,13.64645218
17.73526,13.6464426
17.745342,13.64643303
17.755426,13.64642345
17.765508,13.64641388
17.77559,13.6464043
17.785672,13.64639472
17.795752,13.64638515
17.805831,13.64637557
17.815911,13.646366
17.826022,13.64635642
17.836102,13.64634685
17.846181,13.64633727
17.856262,13.6463277
17.866342,13.64631812
17.876421,13.64630854
17.886502,13.64629897
17.896578,13.64628939
17.906657,13.64627982
17.916737,13.64627024
17.926819,13.64626067
17.9369,13.64625109
17.94698,13.64624151
17.95706,13.64623194
17.967141,13.64622236
17.977221,13.64621279
17.987301,13.64620321
17.997381,13.64619364
18.007462,13.64618406
18.01754,13.64617449
18.027647,13.64616491
18.037728,13.64615533
18.047807,13.64614576
18.057888,13.64613618
18.067969,13.64612661
18.078049,13.64611703
18.088129,13.64610746
18.098211,13.64609788
18.10829,13.6460883
18.11837,13.64607873
18.128478,13.64606915
18.13856,13.64605958
18.148641,13.64605
18.158721,13.64604043
18.1688,13.64603085
18.178886,13.64602128
18.188967,13.6460117
18.199048,13.64600212
18.209128,13.64599255
18.219209,13.64598297
18.229319,13.6459734
18.239406,13.64596382
18.249495,13.64595425
18.259581,13.64594467
18.269664,13.64593509
18.279747,13.64592552
18.289831,13.64591594
18.299915,13.64590637
18.309999,13.64589679
18.320081,13.64588722
18.330193,13.64587764
18.340282,13.64586807
18.350365,13.64585849
18.360448,13.64584891
18.37053,13.64583934
18.380612,13.64582976
18.390693,13.64582019
18.400774,13.64581061
18.410862,13.64580104
18.420945,13.64579146
18.431056,13.64578189
18.441139,13.64577231
18.451221,13.64576273
18.461304,13.64575316
18.471385,13.64574358
18.481466,13.64573401
18.491548,13.64572443
18.501635,13.64571486
18.511718,13.64570528
18.5218,13.6456957
18.531914,13.64568613
18.541997,13.64567655
18.552078,13.64566698
18.562161,13.6456574
18.572242,13.64564783
18.582323,13.64563825
18.592404,13.64562868
18.602492,13.6456191
18.612575,13.64560952
18.622657,13.64560474
18.63277,13.64559995
18.642853,13.64559516
18.652934,13.64558558
18.663016,13.64557601
18.673098,13.64557122
18.683181,13.64556643
18.693263,13.64556165
18.703342,13.64555686
18.713424,13.64554728
18.723507,13.64554249
18.733618,13.64553292
18.7437,13.64552334
18.753782,13.64551377
18.763863,13.64550898
18.773944,13.64550419
18.784027,13.64549462
18.794107,13.64548504
18.804188,13.64547547
18.81427,13.64546589
18.824352,13.64545631
18.834433,13.64544674
18.844513,13.64543716
18.854595,13.64542759
18.864677,13.64541801
18.874757,13.64540844
18.884839,13.64539886
18.894921,13.64538928
18.905004,13.64537971
18.915087,13.64537013
18.925172,13.64536056
18.935289,13.64535098
18.945371,13.64534141
18.955452,13.64533183
18.965534,13.64532226
18.975614,13.64531268
18.985698,13.64530789
18.99578,13.64530789
19.005861,13.6453031
19.015943,13.64529353
19.026024,13.64528395
19.03613,13.64527916
19.04621,13.64526959
19.056295,13.6452648
19.066377,13.64526001
19.076458,13.64525523
19.08654,13.64525044
19.096621,13.64524565
19.106702,13.64523607
19.116783,13.64523129
19.126864,13.64523129
19.13698,13.6452265
19.147065,13.64522171
19.157148,13.64521692
19.167229,13.64521214
19.177314,13.64520735
19.187402,13.64520735
19.197487,13.64520256
19.20757,13.64519777
19.217651,13.64519298
19.227734,13.6451882
19.237847,13.6451882
19.247929,13.6451882
19.25801,13.6451882
19.268092,13.6451882
19.278174,13.64519298
19.288255,13.64519777
19.298337,13.64519777
19.308421,13.64519777
19.318503,13.64519777
19.328585,13.64519777
19.338674,13.64519777
19.348758,13.64519777
19.35884,13.64519777
19.368923,13.64519298
19.379006,13.64519298
19.389086,13.64519298
19.399167,13.64519298
19.409311,13.64519298
19.419395,13.64519298
19.429476,13.64519298
19.439559,13.6451882
19.449643,13.6451882
19.459725,13.64518341
19.469808,13.64517862
19.47989,13.64517383
19.489993,13.64516905
19.500076,13.64516426
19.510159,13.64516426
19.520242,13.64515947
19.530325,13.64515947
19.540406,13.64515947
19.550488,13.64515947
19.56057,13.64515947
19.570654,13.64515947
19.580736,13.64515947
19.590819,13.64515947
19.600901,13.64515947
19.610983,13.64516426
19.621066,13.64516905
19.63115,13.64517383
19.64123,13.64517862
19.651312,13.64517862
19.661393,13.64518341
19.671477,13.6451882
19.681559,13.64519298
19.69164,13.64519777
19.701726,13.64520735
19.71181,13.64521692
19.721894,13.6452265
19.731979,13.64523607
19.742064,13.64524565
19.752151,13.64525523
19.762235,13.6452648
19.772319,13.64527438
19.782404,13.64528395
19.792487,13.64529353
19.80257,13.6453031
19.812656,13.64531268
19.82274,13.64532226
19.832823,13.64533183
19.842939,13.64534141
19.853023,13.64535098
19.863107,13.64536056
19.873191,13.64537013
19.883275,13.64537971
19.893361,13.64538928
19.903445,13.64539886
19.91353,13.64540844
19.923621,13.64541801
19.933708,13.64542759
19.943866,13.64543716
19.953947,13.64544674
19.964029,13.64545631
19.97411,13.64546589
19.984191,13.64547547
19.994271,13.64548504
20.004354,13.64549462
20.014434,13.64550419
20.024516,13.64551377
20.034597,13.64552334
20.044683,13.64553292
20.054768,13.64554249
20.064853,13.64555207
20.074935,13.64556165
20.085021,13.64557122
20.095105,13.6455808
20.105191,13.64559037
20.115276,13.64559995
20.125362,13.64560952
20.135447,13.6456191
20.145541,13.64562868
20.155632,13.64563825
20.16572,13.64564783
20.175809,13.6456574
20.18589,13.64566698
20.195977,13.64567655
20.206061,13.64568613
20.216144,13.6456957
20.226224,13.64570528
20.236308,13.64571486
20.246391,13.64572443
20.256473,13.64573401
20.266554,13.64574358
20.276635,13.64575316
20.286717,13.64576273
20.296805,13.64577231
20.306888,13.64578189
20.31697,13.64579146
20.327124,13.64580104
20.337206,13.64581061
20.347518,13.64582019
20.357603,13.64582976
20.367686,13.64583934
20.377772,13.64584891
20.387857,13.64585849
20.397942,13.64586807
20.408027,13.64587764
20.418111,13.64588722
20.428197,13.64589679
20.438282,13.64590637
20.448399,13.64591594
20.458485,13.64592552
20.46857,13.64593509
20.478656,13.64594467
20.488741,13.64595425
20.498827,13.64596382
20.508914,13.6459734
20.519,13.64598297
20.529087,13.64599255
20.539172,13.64600212
20.549286,13.6460117
20.559371,13.64602128
20.569456,13.64603085
20.579542,13.64604043
20.589627,13.64605
20.599723,13.64605958
20.609812,13.64606915
20.619898,13.64607873
20.63001,13.6460883
20.640096,13.64609788
20.650209,13.64610746
20.660295,13.64611224
20.67038,13.64612182
20.680472,13.6461314
20.690558,13.64614097
20.700644,13.64614576
20.710731,13.64615533
20.720819,13.64616012
20.730905,13.64616491
20.740992,13.64616491
20.751107,13.64616491
20.761191,13.64616491
20.771276,13.64616491
20.781361,13.64616491
20.791445,13.64616491
20.801531,13.64616491
20.811616,13.64616491
20.821705,13.6461697
20.831792,13.64617927
20.841877,13.64618885
20.851991,13.64619842
20.862076,13.646208
20.87216,13.64621758
20.882245,13.64622715
20.89233,13.64623673
20.902413,13.6462463
20.912498,13.64625588
20.922587,13.64626545
20.932672,13.64627503
20.942757,13.64628461
20.952912,13.64629418
20.962994,13.64630376
20.973075,13.64631333
20.983155,13.64632291
20.993239,13.64633248
21.00332,13.64634206
21.013401,13.64635163
21.023483,13.64636121
21.033566,13.64637079
21.043652,13.64638036
21.053801,13.64638994
21.063887,13.64639951
21.073994,13.64640909
21.084079,13.64641866
21.094163,13.64642824
21.104248,13.64643781
21.114332,13.64644739
21.124416,13.64645697
21.134499,13.64646654
21.144582,13.64647612
21.154692,13.64648569
21.164776,13.64649527
21.174866,13.64650484
21.184951,13.64651442
21.195037,13.646524
21.205131,13.64653357
21.215218,13.64654315
21.225303,13.64655272
21.235388,13.6465623
21.245474,13.64657187
21.255589,13.64658145
21.265675,13.64659102
21.275755,13.64659581
21.28584,13.64659581
21.295926,13.64659102
21.306012,13.64658624
21.316098,13.64659102
21.326182,13.64659581
21.336266,13.6466006
21.346351,13.64660539
21.356465,13.64661018
21.366549,13.64661496
21.376632,13.64662454
21.386714,13.64663412
21.396799,13.6466389
21.406881,13.64664848
21.416968,13.64665327
21.427054,13.64665327
21.437139,13.64665327
21.447223,13.64665327
21.457336,13.64665327
21.46742,13.64665327
21.477506,13.64665327
21.487591,13.64665327
21.497677,13.64665327
21.507757,13.64665327
21.517863,13.64665327
21.527956,13.64665327
21.538027,13.64665327
21.548114,13.64665327
21.558228,13.64665327
21.568314,13.64665327
21.578398,13.64665327
21.588483,13.64665327
21.598566,13.64665327
21.608653,13.64665327
21.618739,13.64665327
21.628825,13.64664848
21.63891,13.64664369
21.648996,13.6466389
21.659111,13.64663412
21.669196,13.64663412
21.67928,13.64662933
21.689365,13.64662454
21.69945,13.64661975
21.709534,13.64661496
21.719623,13.64660539
21.72971,13.64659581
21.739792,13.64658624
21.749874,13.64657666
21.759968,13.64656709
21.770015,13.64655751
21.780101,13.64654793
21.790186,13.64653836
21.800271,13.64652878
21.810357,13.64651921
21.820442,13.64650963
21.830527,13.64650006
21.840612,13.64649048
21.850697,13.64648091
21.860795,13.64647133
21.870878,13.64646175
21.880959,13.64645218
21.891041,13.6464426
21.901121,13.64643303
21.911205,13.64642345
21.92129,13.64641388
21.931374,13.6464043
21.941457,13.64639472
21.951551,13.64638515
21.961651,13.64637557
21.971731,13.646366
21.981815,13.64635642
21.991899,13.64634685
22.002005,13.64633727
22.012091,13.6463277
22.022175,13.64631812
22.03226,13.64630854
22.042344,13.64629897
22.052429,13.64628939
22.062511,13.64627982
22.072596,13.64627024
22.082679,13.64626067
22.092765,13.64625109
22.10285,13.64624151
22.112935,13.64623194
22.123016,13.64622236
22.133106,13.64621279
22.143191,13.64620321
22.153276,13.64619364
22.163363,13.64618406
22.173456,13.64617449
22.183541,13.64616491
22.193628,13.64615533
22.203757,13.64614576
22.213851,13.64613618
22.223939,13.64612661
22.234008,13.64611703
22.244095,13.64610746
22.254178,13.64609788
22.264265,13.6460883
22.274349,13.64607873
22.284435,13.64606915
22.294519,13.64605958
22.304604,13.64605
22.314686,13.64604043
22.324773,13.64603085
22.334858,13.64602128
22.344941,13.6460117
22.355022,13.64600212
22.365131,13.64599255
22.375213,13.64598297
22.385294,13.6459734
22.395379,13.64596382
22.405462,13.64595425
22.415545,13.64594467
22.425645,13.64593509
22.435731,13.64592552
22.445814,13.64591594
22.455901,13.64590637
22.466042,13.64589679
22.476128,13.64588722
22.486214,13.64587764
22.496302,13.64586807
22.506386,13.64585849
22.516468,13.64584891
22.526555,13.64583934
22.536647,13.64582976
22.54673,13.64582019
22.556814,13.64581061
22.566927,13.64580104
22.577007,13.64579146
22.587091,13.64578189
22.597173,13.64577231
22.607258,13.64576273
22.617345,13.64575316
22.627431,13.64574358
22.637517,13.64573401
22.647602,13.64572443
22.657687,13.64571486
22.667798,13.64570528
22.677878,13.64570049
22.687962,13.64569092
22.698045,13.64568134
22.708129,13.64567177
22.718212,13.64566698
22.728295,13.6456574
22.738376,13.64565261
22.748457,13.64564783
22.758539,13.64564783
22.76865,13.64564783
22.778731,13.64564783
22.788813,13.64564783
22.798894,13.64564783
22.808975,13.64564783
22.819057,13.64564783
22.829138,13.64564783
22.839219,13.64564304
22.849299,13.64563346
22.859381,13.64562389
22.869489,13.64561431
22.87957,13.64560474
22.889652,13.64559516
22.899732,13.64558558
22.909814,13.64557601
22.919899,13.64556643
22.930003,13.64555686
22.940086,13.64554728
22.950168,13.64553771
22.960251,13.64552813
22.970332,13.64551856
22.980416,13.64550898
22.990498,13.6454994
23.000577,13.64548983
23.010658,13.64548025
23.020739,13.64547068
23.030822,13.6454611
23.040902,13.64545153
23.050985,13.64544195
23.061067,13.64543237
23.071149,13.6454228
23.08123,13.64541322
23.091311,13.64540365
23.101393,13.64539407
23.111474,13.6453845
23.121555,13.64537492
23.131637,13.64536535
23.141718,13.64535577
23.151801,13.64534619
23.161882,13.64533662
23.17199,13.64532704
23.182072,13.64531747
23.192154,13.64530789
23.202235,13.64529832
23.212316,13.64528874
23.222402,13.64527916
23.232484,13.64526959
23.242565,13.64526001
23.252646,13.64525044
23.262724,13.64524086
23.272836,13.64523129
23.282918,13.64522171
23.292999,13.64521692
23.303081,13.64521692
23.313162,13.64521692
23.323244,13.64521692
23.333324,13.64521214
23.343409,13.64520735
23.353562,13.64520256
23.363652,13.64519777
23.373969,13.64519298
23.384471,13.6451882
23.394553,13.64517862
23.404635,13.64516905
23.414716,13.64516426
23.424797,13.64515468
23.434879,13.64514989
23.44496,13.64514989
23.455042,13.64514989
23.465123,13.64514989
23.475203,13.64514989
23.485284,13.64514989
23.495366,13.64514989
23.505447,13.64514989
23.515528,13.64514989
23.525609,13.64514989
23.535696,13.64514989
23.545783,13.64514989
23.555865,13.64514989
23.565944,13.64514989
23.576024,13.64514989
23.586106,13.64514989
23.596188,13.64514989
23.606275,13.64514989
23.616359,13.64514989
23.626441,13.64514989
23.636524,13.64514989
23.646609,13.64514989
23.656692,13.64514989
23.666773,13.64514989
23.676857,13.64514989
23.686939,13.64514989
23.697021,13.64514989
23.707103,13.64514989
23.717185,13.64514989
23.727267,13.64514989
23.73735,13.64514989
23.747432,13.64514989
23.757513,13.64514989
23.767597,13.64514989
23.777679,13.64514989
23.787761,13.64514989
23.797846,13.64514989
23.807926,13.64514989
23.818008,13.64514989
23.828091,13.64514989
23.838172,13.64514989
23.848255,13.64514989
23.858337,13.64514989
23.868418,13.64514989
23.878501,13.64514989
23.888582,13.64514989
23.898665,13.64514989
23.908747,13.64514989
23.918833,13.64514989
23.928918,13.64514989
23.938999,13.64514989
23.949079,13.64514989
23.959162,13.64514989
23.969244,13.64514989
23.979328,13.64514989
23.98941,13.64514989
23.999493,13.64514989
24.009575,13.64514989
24.019656,13.64514989
24.029738,13.64514989
24.039821,13.64514989
24.049904,13.64514989
24.059986,13.64514989
24.070068,13.64514989
24.08015,13.64514989
24.090233,13.64514989
24.100314,13.64514989
24.110396,13.64514989
24.120477,13.64514989
24.130558,13.64514989
24.14064,13.64514989
24.150721,13.64514989
24.160802,13.64514989
24.170883,13.64514989
24.180969,13.64514989
24.191053,13.64514989
24.201135,13.64514989
24.211216,13.64514989
24.221298,13.64514989
24.231391,13.64514989
24.241514,13.64514989
24.251601,13.64514989
24.261688,13.64514989
24.271771,13.64514989
24.281853,13.64514989
24.291935,13.64514989
24.30202,13.64514989
24.312102,13.64514989
24.322183,13.64514989
24.332265,13.64514989
24.342351,13.64514989
24.352434,13.64514989
24.362515,13.64514989
24.372598,13.64514989
24.382681,13.64514989
24.392764,13.64514989
24.402848,13.64514989
24.41293,13.64514989
24.423013,13.64514989
24.433097,13.64514989
24.443179,13.64514989
24.453261,13.64514989
24.463343,13.64514989
24.473425,13.64514989
24.48354,13.64514989
24.493623,13.64514989
24.503704,13.64514989
24.513784,13.64514989
24.523863,13.64514989
24.533944,13.64514989
24.544024,13.64514989
24.554106,13.64514989
24.564187,13.64514989
24.574268,13.64514989
24.584375,13.64514989
24.594456,13.64514989
24.604541,13.64514989
24.614623,13.64514989
24.624704,13.64514989
24.634784,13.64514989
24.644863,13.64514989
24.654943,13.64514989
24.665023,13.64514989
24.675103,13.64514989
24.685214,13.64514989
24.695296,13.64514989
24.705376,13.64514989
24.715456,13.64514989
24.725536,13.64514989
24.735617,13.64514989
24.745696,13.64514989
24.755776,13.64514989
24.765857,13.64514989
24.775937,13.64514989
24.786019,13.64514989
24.796099,13.64514989
24.806181,13.64514989
24.816261,13.64514989
24.826341,13.64514989
24.836421,13.64514989
24.846502,13.64514989
24.856582,13.64514989
24.866662,13.64514989
24.876744,13.64514989
24.886856,13.64514989
24.896935,13.64514989
24.907015,13.64514989
24.917098,13.64514989
24.927179,13.64514989
24.937259,13.64514989
24.94734,13.64514989
24.957419,13.64514989
24.967498,13.64514989
24.977579,13.64514989
24.98769,13.64514989
24.99777,13.64514989
25.00785,13.64514989
25.01793,13.64514989
25.028009,13.64514989
25.038091,13.64514989
25.048173,13.64514989
25.058253,13.64514989
25.068334,13.64514989
25.078416,13.64514989
25.08852,13.64514989
25.0986,13.64514989
25.108677,13.64514989
25.118757,13.64514989
25.128835,13.64514989
25.138916,13.64514989
25.148994,13.64514989
25.159109,13.64514989
25.169194,13.64514989
25.179278,13.64514989
25.189387,13.64514989
25.199469,13.64514989
25.209553,13.64514989
25.219634,13.64514989
25.229715,13.64514989
25.239798,13.64514989
25.24988,13.64514989
25.25996,13.64514989
25.27004,13.64514989
25.28012,13.64514989
25.290201,13.64514989
25.300281,13.64514989
25.310362,13.64514989
25.32044,13.64514989
25.33052,13.64514989
25.340594,13.64514989
25.350678,13.64514989
25.360758,13.64514989
25.370838,13.64514989
25.380919,13.64514989
25.391031,13.64514989
25.401109,13.64514989
25.41119,13.64514989
25.421268,13.64514989
25.431349,13.64514989
25.441429,13.64514989
25.451509,13.64514989
25.461588,13.64514989
25.471668,13.64514989
25.481748,13.64514989
25.491856,13.64514989
25.501937,13.64514989
25.512014,13.64514989
25.522094,13.64514989
25.532174,13.64514989
25.542254,13.64514989
25.552334,13.64514989
25.562414,13.64514989
25.572495,13.64514989
25.582575,13.64514989
25.592689,13.64514989
25.602775,13.64514989
25.612856,13.64514989
25.622936,13.64514989
25.633014,13.64514989
25.643094,13.64514989
25.653172,13.64514989
25.663253,13.64514989
25.673331,13.64514989
25.683412,13.64514989
25.69352,13.64514989
25.703601,13.64514989
25.71368,13.64514989
25.72376,13.64514989
25.733841,13.64514989
25.74392,13.64514989
25.754001,13.64514989
25.76408,13.64514989
25.77416,13.64514989
25.78424,13.64514989
25.79432,13.64514989
25.804399,13.64514989
25.814479,13.64514989
25.824567,13.64514989
25.83465,13.64514989
25.844731,13.64514989
25.854812,13.64514989
25.864891,13.64514989
25.874972,13.64514989
25.885049,13.64514989
25.895159,13.64514989
25.905237,13.64514989
25.91532,13.64514989
25.925401,13.64514989
25.935482,13.64514989
25.945562,13.64514989
25.955642,13.64514989
25.965721,13.64514989
25.975801,13.64514989
25.985882,13.64514989
25.995995,13.64514989
26.006077,13.64514989
26.016157,13.64514989
26.026238,13.64514989
26.036317,13.64514989
26.046396,13.64514989
26.056475,13.64514989
26.066556,13.64514989
26.076635,13.64514989
26.086715,13.64514989
26.096826,13.64514989
26.106905,13.64514989
26.116984,13.64514989
26.127065,13.64514989
26.137143,13.64514989
26.147223,13.64514989
26.157303,13.64514989
26.167383,13.64514989
26.177466,13.64514989
26.187549,13.64514989
26.197658,13.64514989
26.207739,13.64514989
26.217819,13.64514989
26.227898,13.64514989
26.237993,13.64514989
26.248079,13.64514989
26.258162,13.64514989
26.268243,13.64514989
26.278323,13.64514989
26.288402,13.64514989
26.298512,13.64514989
26.308591,13.64514989
26.31867,13.64514989
26.32875,13.64514989
26.338831,13.64514989
26.348913,13.64514989
26.358994,13.64514989
26.369073,13.64514989
26.379153,13.64514989
26.3893,13.64514989
26.399379,13.64514989
26.409625,13.64514989
26.419705,13.64514989
26.429787,13.64514989
26.439869,13.64514989
26.449951,13.64514989
26.460033,13.64514989
26.470114,13.64514989
26.480197,13.64514989
26.490279,13.64514989
26.500388,13.64514989
26.510468,13.64514989
26.520547,13.64514989
26.530628,13.64514989
26.540712,13.64514989
26.550793,13.64514989
26.560873,13.64514989
26.570953,13.64514989
26.581034,13.64514989
26.591114,13.64514989
26.601206,13.64514989
26.611324,13.64514989
26.621404,13.64514989
26.631485,13.64514989
26.641568,13.64514989
26.65165,13.64514989
26.661733,13.64514989
26.671816,13.64514989
26.6819,13.64514989
26.691983,13.64514989
26.702064,13.64514989
26.712149,13.64514989
26.722231,13.64514989
26.732312,13.64514989
26.742394,13.64514989
26.752476,13.64514989
26.762558,13.64514989
26.772639,13.64514989
26.782719,13.64514989
26.792801,13.64514989
26.802883,13.64514989
26.812964,13.64514989
26.823047,13.64514989
26.833129,13.64514989
26.843211,13.64514511
26.853292,13.64514032
26.863373,13.64513074
26.873455,13.64512117
26.883536,13.64511159
26.893619,13.6451068
26.903729,13.64510202
26.913819,13.64509723
26.923906,13.64509723
26.934004,13.64509244
26.944089,13.64508286
26.954174,13.64507329
26.964259,13.64506371
26.974344,13.64505414
26.98443,13.64504456
26.994515,13.64503499
27.004611,13.64502541
27.014693,13.64501584
27.024774,13.64500626
27.034855,13.64499668
27.044935,13.64498711
27.055015,13.64497753
27.065096,13.64496796
27.075176,13.64495838
27.085256,13.64494881
27.095337,13.64493923
27.105428,13.64492965
27.115511,13.64492008
27.125597,13.6449105
27.135682,13.64490093
27.145768,13.64489135
27.155853,13.64488178
27.165938,13.6448722
27.176027,13.64486263
27.186114,13.64485305
27.196199,13.64484347
27.206293,13.6448339
27.216378,13.64482432
27.226464,13.64481475
27.236548,13.64480517
27.24663,13.6447956
27.256724,13.64478602
27.26681,13.64477644
27.276895,13.64476687
27.286981,13.64475729
27.297065,13.64474772
27.307159,13.64473814
27.317243,13.64472857
27.327326,13.64471899
27.337412,13.64470942
27.347497,13.64469984
27.357584,13.64469026
27.36767,13.64468069
27.377756,13.64467111
27.387842,13.64466154
27.397927,13.64465196
27.408041,13.64464239
27.418125,13.64463281
27.42821,13.64462323
27.438312,13.64461366
27.448408,13.64460408
27.458495,13.64459451
27.46858,13.64458493
27.478663,13.64457536
27.488749,13.64456578
27.498835,13.64455621
27.508948,13.64454663
27.519033,13.64453705
27.529117,13.64452748
27.5392,13.6445179
27.549285,13.64450833
27.559369,13.64449875
27.569454,13.64448918
27.579538,13.6444796
27.589624,13.64447003
27.599705,13.64446045
27.609822,13.64445087
27.619907,13.6444413
27.63,13.64443172
27.640085,13.64442215
27.650169,13.64441257
27.660252,13.644403
27.670336,13.64439821
27.680421,13.64439342
27.690505,13.64438863
27.700588,13.64438384
27.7107,13.64437906
27.720787,13.64437906
27.730872,13.64437906
27.740957,13.64437427
27.751041,13.64436948
27.761126,13.64436469
27.77121,13.64436469
27.781294,13.64436469
27.791378,13.64436469
27.801463,13.64436469
27.811558,13.64436469
27.821644,13.64436469
27.831723,13.64436469
27.841809,13.64436469
27.851894,13.64435991
27.861999,13.64435033
27.872083,13.64434075
27.882166,13.64433118
27.89225,13.6443216
27.902333,13.64431203
27.912505,13.64430245
27.922587,13.64429288
27.932667,13.6442833
27.942749,13.64427372
27.952832,13.64426415
27.962911,13.64425457
27.97299,13.644245
27.983068,13.64423542
27.993145,13.64422585
28.003225,13.64421627
28.013314,13.6442067
28.023396,13.64419712
28.033477,13.64418754
28.043562,13.64417797
28.053646,13.64416839
28.063727,13.64415882
28.073811,13.64414924
28.083894,13.64413967
28.093995,13.64413009
28.104081,13.64412051
28.114165,13.64411094
28.124249,13.64410136
28.134338,13.64409179
28.144417,13.64408221
28.154501,13.64407264
28.164587,13.64406306
28.174675,13.64405349
28.18476,13.64404391
28.194845,13.64403433
28.20493,13.64402476
28.215045,13.64401518
28.22513,13.64400561
28.235215,13.64399603
28.2453,13.64398646
28.255385,13.64397688
28.265477,13.6439673
28.275559,13.64395773
28.285647,13.64394815
28.295727,13.64393858
28.305813,13.643929
28.31591,13.64391943
28.326018,13.64390985
28.336101,13.64390028
28.346189,13.6438907
28.356276,13.64388112
28.366368,13.64387155
28.376453,13.64386197
28.386536,13.6438524
28.396619,13.64384282
28.406701,13.64383325
28.41685,13.64382367
28.426937,13.6438141
28.437022,13.64380452
28.447114,13.64379494
28.457203,13.64378537
28.4673,13.64377579
28.477391,13.64376622
28.487473,13.64375664
28.497563,13.64374707
28.507655,13.64373749
28.517748,13.64372791
28.527831,13.64371834
28.537912,13.64370876
28.547995,13.64370398
28.558075,13.6436944
28.568156,13.64368482
28.578241,13.64367525
28.588329,13.64366567
28.598406,13.6436561
28.608488,13.64364652
28.61857,13.64363695
28.62866,13.64362737
28.638744,13.64361779
28.648826,13.64360822
28.658909,13.64359864
28.668991,13.64359386
28.679073,13.64358907
28.68916,13.64357949
28.699241,13.64356992
28.709322,13.64356034
28.719436,13.64355077
28.729519,13.64354119
28.739604,13.64353161
28.749689,13.64352204
28.75977,13.64351725
28.769856,13.64351246
28.779941,13.64350768
28.790009,13.64350289
28.800095,13.64350289
28.810178,13.64350289
28.820275,13.64350289
28.830358,13.64350289
28.840443,13.64350289
28.850526,13.64350289
28.860611,13.64350768
28.870694,13.64351246
28.880779,13.64352204
28.890864,13.64352683
28.900948,13.6435364
28.911039,13.6435364
28.921158,13.64354119
28.931242,13.64354598
28.94133,13.64354119
28.951415,13.64354598
28.961502,13.64355555
28.971586,13.64356513
28.98167,13.6435747
28.991749,13.64358428
29.001836,13.64359386
29.011922,13.64359864
29.022012,13.64360822
29.032097,13.64361779
29.042181,13.64362258
29.052264,13.64363216
29.062347,13.64364173
29.072432,13.64365131
29.082514,13.64366089
29.092599,13.64367046
29.102683,13.64368004
29.112767,13.64368961
29.122852,13.6436944
29.132936,13.64370398
29.14302,13.64371355
29.153105,13.64372313
29.16319,13.6437327
29.173277,13.64374228
29.183363,13.64375185
29.193448,13.64376143
29.203533,13.643771
29.213618,13.64378058
29.223739,13.64379016
29.233826,13.64379973
29.243911,13.64380931
29.254001,13.64381888
29.264087,13.64382846
29.274178,13.64383803
29.284265,13.64384761
29.294351,13.64385719
29.304437,13.64386676
29.314522,13.64387155
29.324618,13.64387155
29.334704,13.64387155
29.344792,13.64387155
29.354876,13.64387155
29.364962,13.64387634
29.375046,13.64388591
29.385132,13.6438907
29.395216,13.64389549
29.4053,13.64390028
29.415384,13.64390028
29.42583,13.64390028
29.436156,13.64390028
29.446345,13.64390028
29.456421,13.64390028
29.466508,13.64390028
29.476593,13.64390028
29.486677,13.64390028
29.496763,13.64390028
29.506848,13.64390028
29.516933,13.64390028
29.527049,13.64390028
29.537134,13.64390028
29.547218,13.64390028
29.557303,13.64390028
29.567387,13.64390028
29.577472,13.64390028
29.587558,13.64390028
29.59765,13.64390028
29.607739,13.64390028
29.617825,13.64390028
29.627942,13.64390028
29.638015,13.64390028
29.648101,13.64390028
29.658185,13.64390028
29.668269,13.64390028
29.678353,13.64390028
29.68844,13.64389549
29.698525,13.6438907
29.70861,13.64388591
29.718695,13.64388112
29.728807,13.64387634
29.738892,13.64386676
29.748976,13.64385719
29.759061,13.6438524
29.769148,13.64384761
29.779232,13.64384282
29.789319,13.64383325
29.799405,13.64382367
29.809492,13.6438141
29.819581,13.64380452
29.829693,13.64379494
29.839776,13.64378537
29.849858,13.64377579
29.859941,13.64376622
29.870022,13.64376143
29.880105,13.64376143
29.890187,13.64376143
29.900272,13.64376143
29.910355,13.64376143
29.920438,13.64376143
29.93052,13.64376143
29.940602,13.64376143
29.950684,13.64376143
29.960766,13.64376143
29.970847,13.64376143
29.980929,13.64376143
29.991012,13.64376143
30.001093,13.64376143
30.011173,13.64376143
30.021255,13.64376143
30.031369,13.64376143
30.041452,13.64376143
30.051534,13.64376143
30.061615,13.64376143
30.071696,13.64376143
30.081779,13.64376143
30.09186,13.64376143
30.101942,13.64376143
30.112022,13.64376143
30.122103,13.64376143
30.132212,13.64376143
30.142295,13.64376143
30.152376,13.64376143
30.162456,13.64376143
30.17254,13.64376143
30.182624,13.64376143
30.192708,13.64376143
30.202791,13.64376143
30.212874,13.64376143
30.222954,13.64376143
30.233065,13.64376143
30.243166,13.64376143
30.53604,13.64376143
30.546108,13.64376143
30.556173,13.64376143
30.566238,13.64376143
30.576305,13.64376143
30.586371,13.64376143
30.596437,13.64376143
30.606835,13.64376143
30.616908,13.64376143
30.626974,13.64376143
30.637041,13.64376143
30.647108,13.64376143
30.657175,13.64376143
30.667241,13.64376143
30.677306,13.64376143
30.687371,13.64376143
30.697436,13.64376143
30.707502,13.64376143
30.717568,13.64376143
30.727633,13.64376143
30.7377,13.64376143
30.747765,13.64376143
30.757831,13.64376143
30.767896,13.64376143
30.777962,13.64376143
30.788028,13.64376143
30.798093,13.64376143
30.80816,13.64376143
30.818225,13.64376143
30.828291,13.64376143
30.83836,13.64376143
30.848426,13.64375664
30.858493,13.64375664
30.86856,13.64375664
30.878626,13.64375664
30.888692,13.64375664
30.898757,13.64375664
30.908823,13.64375664
30.918888,13.64375664
30.928953,13.64375664
30.939018,13.64375664
30.949083,13.64375664
30.959149,13.64375664
30.969215,13.64375185
30.979293,13.64374707
30.989362,13.64374707
30.999427,13.64374707
31.009494,13.64374707
31.01956,13.64374707
31.029626,13.64374707
31.039691,13.64374707
31.049756,13.64374707
31.059824,13.64374228
31.069889,13.64373749
31.079955,13.6437327
31.090021,13.64372791
31.100086,13.64371834
31.110152,13.64370876
31.120217,13.64369919
31.130288,13.64368961
31.140358,13.64368004
31.150425,13.64367046
31.16049,13.64366089
31.170557,13.64365131
31.180625,13.64364173
31.190691,13.64363695
31.200756,13.64362737
31.210822,13.64362258
31.220888,13.64361301
31.230953,13.64360343
31.241019,13.64359864
31.251086,13.64358907
31.261152,13.64357949
31.271218,13.64356992
31.281283,13.64356034
31.291348,13.64355077
31.301419,13.64354119
31.311487,13.6435364
31.321553,13.64352683
31.331619,13.64351725
31.341685,13.64351246
31.351755,13.64350289
31.361823,13.64348852
31.37189,13.64347416
31.381955,13.6434598
31.392023,13.64345022
31.402088,13.64344065
31.412155,13.64343107
31.422222,13.64342628
31.432289,13.64341671
31.442354,13.64340713
31.45242,13.64339756
31.462486,13.64338798
31.472555,13.6433784
31.48262,13.64336883
31.492685,13.64335925
31.502752,13.64334968
31.512817,13.64333531
31.522882,13.64331616
31.532952,13.6433018
31.543019,13.64328744
31.553084,13.64326828
31.563155,13.64324913
31.573224,13.64322998
31.583291,13.64321083
31.593357,13.64319168
31.603425,13.64317253
31.613494,13.64315817
31.623561,13.64314859
31.633627,13.64313901
31.643693,13.64312944
31.653759,13.64311986
31.663825,13.6431055
31.673893,13.64308635
31.68396,13.64307198
31.694026,13.64305762
31.704091,13.64304326
31.714157,13.64303368
31.724222,13.64302411
31.734287,13.64301453
31.744352,13.64300496
31.754418,13.64299538
31.764483,13.6429858
31.774549,13.64297623
31.784615,13.64296665
31.79468,13.64295708
31.804745,13.6429475
31.814812,13.64293793
31.824878,13.64292835
31.834944,13.64291877
31.845009,13.6429092
31.855074,13.64289962
31.865139,13.64289005
31.875205,13.64288047
31.885271,13.6428709
31.895336,13.64286132
31.905402,13.64285175
31.915468,13.64284217
31.925534,13.64283259
31.9356,13.64282302
31.945665,13.64281344
31.95573,13.64280387
31.965795,13.64279429
31.97586,13.64278472
31.985925,13.64277514
31.995992,13.64276556
32.006058,13.64275599
32.016124,13.64274641
32.02619,13.64273684
32.036256,13.64272726
32.046323,13.64271769
32.056389,13.64270811
32.066455,13.64269854
32.076521,13.64268896
32.086587,13.64267938
32.096651,13.64266981
32.106716,13.64266023
32.116783,13.64265066
32.126848,13.64264108
32.136914,13.64263151
32.146979,13.64262193
32.157044,13.64261235
32.167109,13.64260278
32.177176,13.6425932
32.187243,13.64258363
32.197308,13.64257405
32.207374,13.64256448
32.21744,13.6425549
32.227506,13.64254533
32.237571,13.64253575
32.247637,13.64252617
32.257703,13.6425166
32.267769,13.64250702
32.277834,13.64249745
32.287899,13.64248787
32.297964,13.6424783
32.308035,13.64246872
32.318101,13.64245914
32.328168,13.64244957
32.338233,13.64243999
32.348303,13.64243042
32.35837,13.64242084
32.368435,13.64241127
32.378501,13.64240169
32.388568,13.64239212
32.398633,13.64238254
32.408699,13.64237296
32.418764,13.64236339
32.428828,13.64235381
32.438893,13.64234424
32.448957,13.64233466
32.459047,13.64232509
32.469112,13.64231551
32.479239,13.64230593
32.489303,13.64229636
32.499369,13.64228678
32.509434,13.64227721
32.5195,13.64226763
32.529569,13.64225806
32.539635,13.64224848
32.549699,13.64223891
32.559765,13.64222933
32.569832,13.64221975
32.579897,13.64221018
32.589961,13.6422006
32.600031,13.64219103
32.610099,13.64218145
32.620166,13.64217188
32.630236,13.6421623
32.640301,13.64215272
32.650369,13.64214315
32.660438,13.64213357
32.670504,13.642124
32.680575,13.64211442
32.690663,13.64210485
32.700732,13.64209527
32.7108,13.6420857
32.720901,13.64207612
32.730994,13.64206654
32.741095,13.64205697
32.751232,13.64204739
32.761344,13.64203782
32.771453,13.64202824
32.781593,13.64201867
32.79171,13.64200909
32.801849,13.64199951
32.811964,13.64198994
32.822059,13.64198036
32.832157,13.64197079
32.842254,13.64196121
32.852347,13.64195164
32.862442,13.64194206
32.872559,13.64193249
32.882656,13.64192291
32.892756,13.64191333
32.902853,13.64190376
32.912949,13.64189418
32.923043,13.64188461
32.933139,13.64187503
32.943226,13.64186546
32.953319,13.64185588
32.96341,13.64184631
32.973522,13.64183673
32.983622,13.64182715
32.993725,13.64181758
33.003833,13.641808
33.01394,13.64179843
33.024046,13.64178885
33.034145,13.64177928
33.044263,13.6417697
33.054364,13.64176012
33.064475,13.64175055
33.074581,13.64174097
33.084689,13.6417314
33.094794,13.64172182
33.104898,13.64171225
33.115006,13.64169788
33.125114,13.64167873
33.135226,13.64166437
33.145335,13.64165
33.155445,13.64163564
33.165554,13.64161649
33.175677,13.64159734
33.185797,13.64157819
33.195908,13.64155904
33.206023,13.64153989
33.216129,13.64152073
33.226238,13.64150158
33.236352,13.64148243
33.246459,13.64146328
33.256559,13.64144413
33.266653,13.64142498
33.276742,13.64140583
33.286828,13.64138668
33.296917,13.64136752
33.307013,13.64134837
33.317104,13.64132922
33.327195,13.64131007
33.337285,13.64129092
33.347382,13.64127177
33.357474,13.64125262
33.367565,13.64123347
33.377655,13.6412191
33.387745,13.64120474
33.397836,13.64119038
33.407925,13.64117122
33.418014,13.64115207
33.428107,13.64113292
33.438195,13.64111377
33.448289,13.64109462
33.458386,13.64107547
33.468478,13.64105632
33.478572,13.64103717
33.488682,13.64101801
33.498792,13.64099886
33.50889,13.64097971
33.518987,13.64096056
33.529085,13.6409462
33.53918,13.64093662
33.549277,13.64092226
33.559375,13.64090789
33.56948,13.64089832
33.579579,13.64088874
33.589674,13.64087917
33.599771,13.64086959
33.60987,13.64086002
33.619966,13.64085044
33.630024,13.64084086
33.640412,13.64083129
33.650509,13.64082171
33.660605,13.64081214
33.670702,13.64080256
33.68081,13.64079299
33.690909,13.64078341
33.701006,13.64077384
33.711105,13.64076426
33.7212,13.64075468
33.731289,13.64074511
33.741378,13.64073553
33.751463,13.64072596
33.761555,13.64071638
33.771646,13.64070681
33.781736,13.64069723
33.791828,13.64068765
33.801918,13.64067808
33.812009,13.6406685
33.822101,13.64065893
33.832191,13.64064935
33.842281,13.64063978
33.852374,13.6406302
33.862465,13.64062063
33.872555,13.64061105
33.882654,13.64060147
33.892751,13.6405919
33.902843,13.64058232
33.912937,13.64057275
33.92303,13.64056317
33.933123,13.6405536
33.943213,13.64054402
33.953306,13.64053445
33.963399,13.64052487
33.973494,13.64051529
33.983586,13.64050572
33.993682,13.64049614
34.003787,13.64048657
34.013884,13.64047699
34.023981,13.64046742
34.034076,13.64045305
34.044175,13.6404339
34.054272,13.64041954
34.064368,13.64040517
34.074464,13.64039081
34.084557,13.64037645
34.094651,13.6403573
34.104739,13.64033814
34.114829,13.64031899
34.124923,13.64029984
34.135025,13.64028069
34.145122,13.64026154
34.155216,13.64024239
34.165309,13.64022324
34.175418,13.64020409
34.185513,13.64018493
34.195606,13.64016578
34.2057,13.64014663
34.215794,13.64012748
34.225887,13.64010833
34.235979,13.64008918
34.246073,13.64007003
34.256166,13.64005088
34.26626,13.64003173
34.276352,13.64001257
34.286445,13.63999342
34.296537,13.63997427
34.306629,13.63995512
34.316729,13.63993597
34.326825,13.63991682
34.336954,13.63989767
34.34707,13.63987852
34.35717,13.63985936
34.367263,13.63984021
34.377356,13.63982106
34.387449,13.63980191
34.397541,13.63978276
34.407633,13.63976361
34.417795,13.63974446
34.427953,13.63972531
34.438038,13.63970615
34.448179,13.639687
34.458281,13.63966785
34.468385,13.6396487
34.478486,13.63962955
34.488592,13.6396104
34.498695,13.63959125
34.5088,13.6395721
34.518905,13.63955294
34.529014,13.63953379
34.539121,13.63951464
34.549229,13.63949549
34.559334,13.63947634
34.569447,13.63945719
34.579561,13.63943804
34.589667,13.63941889
34.599809,13.63939973
34.610017,13.63938058
34.620255,13.63936143
34.630443,13.63934228
34.640567,13.63932313
34.651996,13.63930398
34.662109,13.63928483
34.672219,13.63926568
34.682323,13.63924652
34.692433,13.63922737
34.70254,13.63920822
34.712644,13.63918907
34.722748,13.63916992
34.732855,13.63915077
34.742961,13.63913162
34.753063,13.63911247
34.763164,13.63909331
34.773266,13.63907416
34.783369,13.63905501
34.793471,13.63903586
34.803578,13.63901671
34.813683,13.63899756
34.82381,13.63897841
34.833946,13.63895926
34.844091,13.6389401
34.854253,13.63892095
34.864438,13.6389018
34.874621,13.63888265
34.884798,13.6388635
34.894956,13.63884435
34.905185,13.6388252
34.915365,13.63880605
34.925656,13.63878689
34.935839,13.63876774
34.945957,13.63874859
34.956058,13.63872944
34.966153,13.63871029
34.976252,13.63869114
34.986348,13.63867199
34.996444,13.63865284
35.006541,13.63863368
35.016637,13.63861453
35.026733,13.63859538
35.036828,13.63857623
35.046924,13.63855708
35.057022,13.63853793
35.067119,13.63851878
35.077215,13.63849963
35.08731,13.63848047
35.097405,13.63846132
35.107499,13.63844217
35.117591,13.63842302
35.127684,13.63840387
35.137776,13.63838951
35.147869,13.63837993
35.15796,13.63836557
35.168053,13.6383512
35.178149,13.63833684
35.188242,13.63832726
35.198333,13.63831769
35.208424,13.63830811
35.218518,13.63829854
35.228613,13.63828896
35.238706,13.63827939
35.248796,13.63826981
35.258889,13.63826024
35.268982,13.63825066
35.279075,13.63824108
35.289167,13.63823151
35.29926,13.63822193
35.309353,13.63821236
35.319451,13.63820278
35.329546,13.63819321
35.33963,13.63818363
35.349718,13.63817405
35.359803,13.63816448
35.369886,13.6381549
35.379967,13.63814533
35.390049,13.63813575
35.400133,13.63812618
35.410215,13.6381166
35.420298,13.63810703
35.43038,13.63809745
35.440463,13.63808787
35.450546,13.6380783
35.460628,13.63806872
35.470709,13.63805915
35.480791,13.63804957
35.490907,13.63804
35.500988,13.63803042
35.511317,13.63802084
35.521397,13.63801127
35.53148,13.63800169
35.541563,13.63799212
35.551646,13.63798254
35.561728,13.63797297
35.571812,13.63796339
35.581895,13.63795382
35.591978,13.63794424
35.602074,13.63793466
35.612161,13.63792509
35.622245,13.63791073
35.632326,13.63789636
35.642409,13.63787721
35.652493,13.63786285
35.662577,13.63784848
35.67266,13.63783412
35.682743,13.63781497
35.692823,13.63779582
35.702905,13.63777667
35.712989,13.63775752
35.723074,13.63773836
35.733159,13.63771921
35.743243,13.63770006
35.753324,13.63768091
35.763408,13.63766655
35.773492,13.63765218
35.783574,13.63764261
35.793658,13.63762824
35.803742,13.63760909
35.813825,13.63758994
35.823907,13.63757079
35.83399,13.63755643
35.844077,13.63754685
35.854163,13.63753728
35.864247,13.63752291
35.87433,13.63750855
35.884412,13.6374894
35.894493,13.63747025
35.904576,13.6374511
35.914659,13.63743194
35.92474,13.63741279
35.934821,13.63739364
35.944905,13.63737449
35.954988,13.63735534
35.965071,13.63733619
35.975154,13.63731704
35.985236,13.63729789
35.995319,13.63727873
36.005401,13.63725958
36.015483,13.63724043
36.025566,13.63722128
36.035646,13.63720213
36.045729,13.63718298
36.055812,13.63716861
36.065895,13.63715904
36.075978,13.63714468
36.086061,13.63713031
36.096144,13.63711595
36.106228,13.63710159
36.116311,13.63709201
36.126393,13.63708243
36.136475,13.63707286
36.146558,13.63706328
36.15664,13.63705371
36.166723,13.63704413
36.176808,13.63703456
36.186893,13.63702498
36.196976,13.6370154
36.207058,13.63700583
36.21714,13.63699625
36.227222,13.63698668
36.237316,13.6369771
36.247405,13.63696753
36.25749,13.63695795
36.267573,13.63694838
36.277657,13.6369388
36.287739,13.63692922
36.297818,13.63691965
36.3079,13.63691007
36.317995,13.6369005
36.328079,13.63689092
36.338161,13.63688135
36.348242,13.63687177
36.358324,13.63686219
36.368404,13.63685262
36.378484,13.63684304
36.388564,13.63683347
36.398644,13.63682389
36.408724,13.63681432
36.418805,13.63680474
36.428885,13.63679517
36.438966,13.63678559
36.449047,13.63677601
36.459129,13.63676644
36.469208,13.63675686
36.479288,13.63674729
36.489366,13.63673771
36.499447,13.63672814
36.509525,13.63671856
36.519605,13.63670898
36.529683,13.63669941
36.539762,13.63668983
36.549843,13.63668026
36.559923,13.63666589
36.570004,13.63664674
36.580083,13.63662759
36.590164,13.63660844
36.600244,13.63658929
36.610328,13.63657014
36.62041,13.63655099
36.630492,13.63653184
36.64057,13.63651268
36.650651,13.63649353
36.66073,13.63647438
36.670809,13.63645523
36.680891,13.63643608
36.690977,13.63641693
36.70106,13.63639778
36.711143,13.63637863
36.721221,13.63635947
36.731303,13.63634032
36.741382,13.63632117
36.751463,13.63630202
36.761541,13.63628287
36.771622,13.63626372
36.781704,13.63624457
36.791784,13.63622542
36.801865,13.63620626
36.811944,13.63618711
36.822026,13.63616796
36.832106,13.63614881
36.842187,13.63612966
36.852267,13.63611051
36.862349,13.63609136
36.872427,13.63607221
36.882507,13.63605305
36.892586,13.6360339
36.902664,13.63601475
36.912746,13.6359956
36.922827,13.63597645
36.932907,13.6359573
36.943017,13.63593815
36.953096,13.635919
36.963176,13.63589984
36.973255,13.63588069
36.983334,13.63586154
36.993411,13.63584239
37.003491,13.63582324
37.01357,13.63580409
37.02365,13.63578494
37.033728,13.63576579
37.043838,13.63574185
37.053918,13.63571791
37.063998,13.63569876
37.074079,13.63567961
37.084158,13.63565567
37.094239,13.63563173
37.104319,13.63560779
37.114399,13.63557906
37.12448,13.63555033
37.134567,13.63552161
37.144677,13.63549288
37.154759,13.63546415
37.164842,13.63543543
37.174927,13.6354067
37.18501,13.63537797
37.195093,13.63534925
37.205176,13.63532052
37.215258,13.63529179
37.22534,13.63526307
37.235424,13.63523434
37.245539,13.63520561
37.255622,13.63517689
37.265704,13.63514816
37.275788,13.63511943
37.285871,13.6350907
37.295955,13.63506198
37.306038,13.63503325
37.316122,13.63500452
37.326204,13.6349758
37.336293,13.63494707
37.346378,13.63491834
37.356464,13.63488962
37.366548,13.63486089
37.37663,13.63483216
37.386712,13.63480344
37.396795,13.63477471
37.406877,13.63474598
37.416958,13.63471726
37.42704,13.63468853
37.437122,13.6346598
37.447237,13.63463108
37.45732,13.63460235
37.467403,13.63457362
37.477487,13.63454011
37.487571,13.63450659
37.497654,13.63446829
37.507737,13.63442999
37.517816,13.63439168
37.527896,13.63435338
37.537992,13.63431508
37.5481,13.63427678
37.558182,13.63423847
37.568262,13.63420017
37.578344,13.63416187
37.588423,13.63412357
37.598504,13.63408526
37.608588,13.63404696
37.61867,13.63400866
37.628749,13.63397036
37.638831,13.63393684
37.648942,13.63390333
37.659023,13.6338746
37.669104,13.63384109
37.679185,13.63380757
37.689268,13.63377406
37.699348,13.63374533
37.709427,13.6337166
37.719508,13.63368788
37.729587,13.63365915
37.739666,13.63363042
37.749775,13.6336017
37.759855,13.63357297
37.769934,13.63354424
37.780014,13.63351073
37.790095,13.63347721
37.800174,13.63343891
37.810256,13.6334054
37.820335,13.63337667
37.830415,13.63334794
37.840493,13.63331922
37.850574,13.6332857
37.860653,13.6332474
37.870732,13.63320431
37.88081,13.63316122
37.890891,13.63311813
37.900971,13.63307982
37.911052,13.63304152
37.921131,13.63300322
37.931212,13.63296492
37.94129,13.63292661
37.951401,13.63288831
37.961481,13.63285001
37.971569,13.63281171
37.981654,13.6327734
37.991734,13.6327351
38.001818,13.6326968
38.011898,13.6326585
38.021994,13.63262019
38.032075,13.63258189
38.042156,13.63254359
38.052263,13.63250529
38.062343,13.63246698
38.072422,13.63242868
38.082502,13.63239038
38.09258,13.63235208
38.102661,13.63231378
38.11274,13.63227547
38.122821,13.63223717
38.132901,13.63219887
38.142983,13.63216057
38.153091,13.63212226
38.163172,13.63208396
38.173255,13.63204566
38.183337,13.63200736
38.193415,13.63196905
38.203495,13.63193075
38.213574,13.63189245
38.223655,13.63185415
38.233733,13.63181584
38.243814,13.63177754
38.253924,13.63173445
38.264005,13.63168657
38.274086,13.63163869
38.284165,13.63159082
38.294245,13.63154294
38.304324,13.63149506
38.314405,13.63144718
38.324486,13.6313993
38.334565,13.63135143
38.344649,13.63130355
38.354735,13.63125567
38.364845,13.63120779
38.374929,13.63115991
38.38501,13.63111203
38.395092,13.63106416
38.405175,13.63101149
38.415255,13.63095404
38.425334,13.63089658
38.435414,13.63083913
38.445506,13.63078168
38.455605,13.63072422
38.465691,13.63066677
38.475774,13.63060931
38.485857,13.63055186
38.49594,13.63049441
38.506022,13.63043695
38.516106,13.6303795
38.5264,13.63032205
38.536627,13.63026459
38.546888,13.63020714
38.557003,13.63014968
38.567085,13.63009223
38.577165,13.63003957
38.587253,13.62999169
38.597337,13.62994381
38.607437,13.62989593
38.617522,13.62984805
38.627605,13.62980017
38.637689,13.6297523
38.647772,13.62970442
38.657884,13.62965654
38.667967,13.62960866
38.678051,13.62956078
38.688139,13.62951291
38.698221,13.62946503
38.708303,13.62941715
38.718385,13.62936927
38.728466,13.62932139
38.738548,13.62927352
38.748631,13.62922564
38.758713,13.62917776
38.768796,13.62912988
38.778877,13.629082
38.788959,13.62903413
38.799041,13.62898625
38.809122,13.62893837
38.819203,13.62889049
38.829285,13.62884261
38.839368,13.62879473
38.84945,13.62874686
38.859558,13.62869898
38.869639,13.6286511
38.879722,13.62859843
38.889803,13.62855056
38.899885,13.62849789
38.909967,13.62844522
38.920048,13.62839256
38.930131,13.62833989
38.940214,13.62828244
38.950296,13.62822499
38.960405,13.62816753
38.970486,13.62811008
38.980568,13.62805262
38.99065,13.62799517
39.000731,13.62793772
39.010812,13.62788026
39.020893,13.62782281
39.030974,13.62776536
39.041054,13.6277079
39.051134,13.62765045
39.061242,13.62759778
39.071323,13.62754512
39.081405,13.62748766
39.091487,13.62743021
39.101568,13.62737754
39.111647,13.62732488
39.121729,13.62727221
39.131812,13.62722433
39.141894,13.62717645
39.151977,13.62712858
39.162085,13.6270807
39.172172,13.62703282
39.182256,13.62698494
39.192338,13.62693706
39.20242,13.62688919
39.2125,13.62684131
39.222582,13.62679343
39.232663,13.62674555
39.242744,13.62669289
39.252825,13.62663543
39.262937,13.62657798
39.273017,13.62652052
39.283099,13.62646307
39.293181,13.62640562
39.303261,13.62634816
39.313343,13.62629071
39.323425,13.62623326
39.333507,13.6261758
39.343588,13.62611835
39.353681,13.62606089
39.363804,13.62600344
39.373888,13.62594599
39.383968,13.62588853
39.39405,13.62583108
39.40413,13.62577363
39.41421,13.62571617
39.424291,13.62565872
39.434372,13.62560127
39.444451,13.62554381
39.45453,13.62548636
39.46464,13.6254289
39.474722,13.62536666
39.4848,13.62529963
39.49488,13.62523739
39.504961,13.62517515
39.515041,13.6251177
39.525119,13.62506024
39.5352,13.62500279
39.545278,13.62494534
39.55536,13.62488788
39.565465,13.62483043
39.575546,13.62477297
39.585626,13.62471552
39.595709,13.62465807
39.605798,13.62460061
39.615884,13.62454316
39.625966,13.62448571
39.636048,13.62442825
39.646129,13.6243708
39.656208,13.62431334
39.666318,13.6242511
39.676397,13.62418407
39.686477,13.62411704
39.696558,13.62405001
39.706637,13.62398299
39.716716,13.62391596
39.726796,13.62384893
39.736874,13.6237819
39.746955,13.62371487
39.757038,13.62364784
39.767145,13.62358081
39.777224,13.62351378
39.787304,13.62344675
39.797383,13.62337972
39.807465,13.62331269
39.817543,13.62324566
39.827623,13.62317863
39.837703,13.6231116
39.847783,13.62304457
39.857864,13.62297755
39.867971,13.62291052
39.878052,13.62284349
39.88813,13.62278125
39.898271,13.62272379
39.908349,13.62266155
39.918429,13.62259452
39.928507,13.62252749
39.938587,13.62246046
39.948666,13.62239343
39.958746,13.6223264
39.968853,13.62225937
39.978934,13.62219234
39.989012,13.62212532
39.999091,13.62205829
40.009169,13.62199126
40.01925,13.62192423
40.029328,13.6218572
40.039409,13.62179017
40.049488,13.62172314
40.05957,13.62165611
40.069675,13.62158908
40.079754,13.62152205
40.089835,13.62145502
40.099914,13.62138799
40.109995,13.62132096
40.120074,13.62125393
40.130158,13.6211869
40.140239,13.62111987
40.15032,13.62105285
40.160401,13.62098582
40.17051,13.62091879
40.180591,13.62085176
40.190672,13.62078473
40.200751,13.6207177
40.210832,13.62065067
40.220911,13.62058364
40.230998,13.62051661
40.241079,13.62044958
40.251158,13.62038255
40.261237,13.62031552
40.271346,13.62024849
40.281425,13.62018146
40.291504,13.62011443
40.301582,13.62004741
40.311663,13.61998038
40.321742,13.61991335
40.331822,13.61984632
40.341903,13.61977929
40.352005,13.61971226
40.362089,13.61964523
40.372201,13.6195782
40.382282,13.61951117
40.39236,13.61944414
40.402441,13.61937711
40.412519,13.61931008
40.422599,13.61924784
40.432678,13.61919039
40.442758,13.61913293
40.452837,13.61907548
40.462919,13.61901803
40.473028,13.61896057
40.483111,13.61890312
40.493188,13.61884567
40.503267,13.61878821
40.513345,13.61873076
40.523426,13.61866852
40.533504,13.61860149
40.543586,13.61853446
40.553664,13.61846743
40.563745,13.6184004
40.573852,13.61833337
40.583932,13.61826634
40.594046,13.61819931
40.604133,13.61813228
40.614216,13.61806525
40.624296,13.61799822
40.634377,13.61793119
40.644456,13.61786416
40.654538,13.61779713
40.664617,13.61773011
40.674698,13.61766308
40.684776,13.61759605
40.694857,13.61752902
40.704937,13.61746199
40.715018,13.61739496
40.725097,13.61732793
40.735178,13.6172609
40.745256,13.61719387
40.755336,13.61712684
40.765414,13.61705981
40.775526,13.61699278
40.785605,13.61692575
40.795687,13.61685394
40.805765,13.61677733
40.815843,13.61670073
40.825924,13.61662412
40.836003,13.61654752
40.846085,13.61647091
40.856167,13.61639431
40.866247,13.6163177
40.876353,13.6162411
40.886434,13.61616449
40.896512,13.61609267
40.906593,13.61601607
40.916671,13.61594425
40.926752,13.61587243
40.936891,13.61580062
40.94697,13.6157288
40.95705,13.61566177
40.967131,13.61559474
40.977237,13.61552771
40.987316,13.61546068
40.997394,13.61539365
41.007474,13.61532662
41.017552,13.6152596
41.027633,13.61519257
41.037712,13.61512554
41.047791,13.61505372
41.057871,13.61497711
41.067951,13.61490051
41.078033,13.6148239
41.088113,13.6147473
41.098195,13.61467069
41.108274,13.61459409
41.118355,13.61451748
41.128434,13.61444088
41.138513,13.61436427
41.14859,13.61428767
41.158671,13.61421106
41.168749,13.61413446
41.178862,13.61405785
41.188941,13.61398125
41.199021,13.61390464
41.2091,13.61382804
41.219182,13.61375144
41.229261,13.61367483
41.23934,13.61359823
41.249419,13.61352162
41.2595,13.6134498
41.269577,13.61338277
41.279687,13.61331574
41.289766,13.61324393
41.299847,13.61316732
41.309928,13.61309072
41.320008,13.61301411
41.330089,13.61293751
41.340169,13.6128609
41.350248,13.6127843
41.360328,13.6127029
41.370413,13.61262151
41.380526,13.61253533
41.390608,13.61244915
41.400686,13.61236297
41.410768,13.61227679
41.420846,13.61219061
41.430928,13.61210443
41.441007,13.61201825
41.451087,13.61193207
41.461166,13.61184589
41.471247,13.61175971
41.481355,13.61167353
41.491435,13.61159213
41.501514,13.61151553
41.511595,13.61143892
41.521674,13.61136232
41.531754,13.61128571
41.541834,13.61120911
41.551994,13.61112772
41.562433,13.61104153
41.572513,13.61095535
41.583013,13.61086917
41.5931,13.61078299
41.603185,13.61069681
41.613269,13.61061063
41.623351,13.61052445
41.633432,13.61043827
41.643515,13.61035209
41.653594,13.61026591
41.663678,13.61017973
41.673761,13.61009355
41.683875,13.61001216
41.693957,13.60993555
41.704039,13.60985895
41.714124,13.60978234
41.724208,13.60970574
41.734291,13.60962913
41.744372,13.60955253
41.754455,13.60947592
41.764537,13.60939932
41.774619,13.60932271
41.784729,13.60924611
41.794812,13.6091695
41.804894,13.6090929
41.814978,13.60901629
41.82506,13.60893969
41.83514,13.60886308
41.845221,13.60878169
41.855303,13.60869551
41.865384,13.60860933
41.875467,13.60852315
41.885577,13.60843697
41.895658,13.60835079
41.90574,13.6082646
41.915823,13.60817842
41.925905,13.60809703
41.935988,13.60802043
41.94607,13.60794382
41.956149,13.60786722
41.966231,13.60779061
41.976314,13.60771401
41.986397,13.6076374
41.996479,13.6075608
42.00656,13.60748419
42.01664,13.6074028
42.026723,13.60732141
42.036806,13.60723523
42.04689,13.60714904
42.056972,13.60706286
42.067054,13.60697668
42.077136,13.6068905
42.087246,13.60680432
42.097328,13.60671814
42.10741,13.60663196
42.117491,13.60654578
42.127573,13.6064596
42.137653,13.60636863
42.147733,13.60627288
42.157813,13.60617712
42.167896,13.60608136
42.178002,13.60598561
42.188116,13.60588985
42.198199,13.60579409
42.20828,13.60569834
42.218362,13.60560258
42.228443,13.60550683
42.23853,13.60541107
42.248616,13.60531531
42.2587,13.60521956
42.268784,13.6051238
42.278867,13.60502326
42.28898,13.60492271
42.29906,13.60482696
42.309143,13.6047312
42.319224,13.60463544
42.329305,13.60453969
42.339388,13.60444393
42.349469,13.60434818
42.359553,13.60425242
42.36965,13.60415666
42.379743,13.60406091
42.389856,13.60396515
42.399944,13.60386939
42.410027,13.60376885
42.42011,13.60366352
42.430193,13.60355819
42.440276,13.60345286
42.450359,13.60334752
42.46044,13.60324219
42.470522,13.60313686
42.480604,13.60303153
42.490715,13.6029262
42.500798,13.60282086
42.51088,13.60271553
42.520962,13.6026102
42.531045,13.60250487
42.541126,13.60240432
42.551207,13.60230857
42.561289,13.60220802
42.57137,13.60210269
42.581451,13.60199736
42.591569,13.60189203
42.60165,13.6017867
42.611735,13.60168137
42.621818,13.60157603
42.6319,13.6014707
42.641999,13.60136537
42.652081,13.60125525
42.662163,13.60114034
42.672244,13.60102544
42.682327,13.60091053
42.692439,13.60079562
42.702521,13.60068071
42.712604,13.60056581
42.722689,13.6004509
42.732772,13.60033599
42.742854,13.60022108
42.752937,13.60010618
42.76302,13.59999127
42.77311,13.59987636
42.783195,13.59976145
42.793306,13.59964655
42.803391,13.59953164
42.813474,13.59942152
42.823557,13.59931619
42.833639,13.59921086
42.843721,13.59910552
42.853802,13.59900019
42.863884,13.59889486
42.873967,13.59878474
42.884049,13.59866983
42.894131,13.59855493
42.904214,13.59844002
42.914297,13.59832511
42.92438,13.5982102
42.934462,13.5980953
42.944544,13.59798039
42.954626,13.59786548
42.964706,13.59775057
42.974788,13.59763088
42.984868,13.5975064
42.994949,13.59738191
43.005032,13.59725743
43.015112,13.59713295
43.025192,13.59700846
43.035274,13.59688398
43.045355,13.5967595
43.055433,13.59663501
43.065517,13.59651532
43.075599,13.59640041
43.085681,13.5962855
43.095764,13.5961706
43.105844,13.59605569
43.115924,13.59594078
43.126003,13.59582587
43.13609,13.59571097
43.146174,13.59559606
43.156255,13.59548115
43.166338,13.59536624
43.17642,13.59525134
43.186502,13.59513164
43.196583,13.59500716
43.206663,13.59488268
43.216743,13.59475819
43.226824,13.59463371
43.236903,13.59450923
43.246984,13.59438474
43.257063,13.59426026
43.267145,13.59413578
43.277228,13.59401129
43.28731,13.59388681
43.297392,13.59376233
43.307475,13.59364263
43.317553,13.59352294
43.327634,13.59339845
43.337713,13.59327397
43.347794,13.59314949
43.357876,13.593025
43.36796,13.59290052
43.37804,13.59278083
43.388124,13.59266113
43.398237,13.59254622
43.408317,13.59243132
43.418398,13.59231641
43.428478,13.5922015
43.438558,13.59208659
43.448638,13.59197169
43.458719,13.59185678
43.468798,13.59174187
43.478878,13.59162218
43.488958,13.59149769
43.499067,13.59137321
43.509146,13.59124873
43.519226,13.59112424
43.529303,13.59099976
43.539383,13.59087528
43.549462,13.5907508
43.559543,13.59062631
43.569621,13.59050662
43.579704,13.59038692
43.589784,13.59026244
43.599893,13.59013796
43.609998,13.59001347
43.62008,13.58988899
43.630164,13.58976451
43.640247,13.58964002
43.650328,13.58951554
43.660409,13.58939106
43.670488,13.58926657
43.68057,13.5891373
43.690651,13.58900324
43.700761,13.58886919
43.710843,13.58873513
43.720925,13.58860107
43.731008,13.58846701
43.741092,13.58833295
43.751175,13.58819889
43.761255,13.58806005
43.771338,13.58791641
43.781419,13.58777278
43.791501,13.58762914
43.801612,13.58748551
43.811693,13.58734187
43.821775,13.58719824
43.831856,13.58705461
43.841938,13.58691097
43.852021,13.58676734
43.862102,13.58662849
43.872185,13.58648964
43.882267,13.58634601
43.892347,13.58620238
43.90246,13.58605874
43.912542,13.58591511
43.922624,13.58577147
43.932706,13.58562784
43.942789,13.5854842
43.952872,13.58534057
43.962954,13.58519694
43.973036,13.5850533
43.983119,13.58490967
43.9932,13.58476603
44.003312,13.5846224
44.013391,13.58447876
44.023474,13.58433513
44.033555,13.58419628
44.043639,13.58405744
44.053721,13.58392338
44.063804,13.58378932
44.073888,13.58365526
44.083971,13.5835212
44.094052,13.58338714
44.104161,13.58325308
44.114242,13.58311903
44.124323,13.58298497
44.134406,13.58284612
44.144487,13.58270249
44.154568,13.58256364
44.16465,13.58242958
44.174736,13.58229552
44.184822,13.58216146
44.194905,13.5820274
44.205016,13.58189335
44.215098,13.58175929
44.225181,13.58162523
44.23527,13.58149117
44.245354,13.58135711
44.255436,13.58121827
44.265519,13.58107463
44.275601,13.580931
44.285683,13.58078736
44.295766,13.58064852
44.305874,13.58051446
44.315956,13.5803804
44.326037,13.58024155
44.336119,13.58009792
44.3462,13.57995428
44.356284,13.57981065
44.366366,13.57966701
44.37646,13.57952338
44.386548,13.57937975
44.396633,13.57923611
44.406717,13.57908769
44.416798,13.57893448
44.426879,13.57878606
44.436959,13.57864242
44.447041,13.57849879
44.457121,13.57835515
44.467201,13.57821152
44.477282,13.57806789
44.487363,13.57792425
44.497447,13.57778062
44.507529,13.57763698
44.51761,13.57749335
44.527693,13.57734971
44.537772,13.57720608
44.547854,13.57705766
44.557935,13.57690445
44.568017,13.57675124
44.578099,13.57660282
44.588182,13.57645918
44.598434,13.57631555
44.608519,13.57617191
44.618599,13.57602828
44.628686,13.57588464
44.638772,13.57574101
44.648858,13.57559738
44.658942,13.57545374
44.669027,13.5753149
44.679112,13.57518084
44.689199,13.57504678
44.699284,13.57491272
44.70937,13.57477866
44.719456,13.5746446
44.729545,13.57451054
44.739627,13.57437648
44.749709,13.57424243
44.759792,13.57410358
44.769886,13.57395994
44.77997,13.57381631
44.790052,13.57367268
44.800135,13.57352904
44.810218,13.57338541
44.820299,13.57324177
44.83038,13.57309814
44.840461,13.5729545
44.850543,13.57281087
44.86073,13.57266724
44.870815,13.5725236
44.880898,13.57237997
44.890981,13.57223633
44.901062,13.5720927
44.911144,13.57194906
44.921225,13.57180543
44.931309,13.5716618
44.941392,13.57151816
44.951472,13.57137453
44.961554,13.57123089
44.971635,13.57108726
44.981717,13.57094362
44.991799,13.57079999
45.001879,13.57065636
45.011961,13.57051272
45.022042,13.57036909
45.032123,13.57022545
45.042203,13.57008182
45.052285,13.56993818
45.062367,13.56979455
45.07245,13.56965092
45.082532,13.56950728
45.092614,13.56936365
45.102697,13.56922001
45.112779,13.56907159
45.122861,13.56891838
45.13295,13.56876517
45.143033,13.56861196
45.153115,13.56845875
45.163198,13.56830554
45.173284,13.56815233
45.183367,13.56799912
45.19345,13.56784591
45.203533,13.56769749
45.213646,13.56755385
45.223728,13.56741022
45.23381,13.56726659
45.243892,13.56712295
45.253992,13.56697453
45.264073,13.56682132
45.274155,13.56666811
45.284238,13.5665149
45.294319,13.56636169
45.304401,13.56620848
45.314513,13.56605527
45.324595,13.56590206
45.334676,13.56575364
45.344757,13.56561
45.354842,13.56546637
45.364924,13.56532274
45.375005,13.56517431
45.385085,13.5650211
45.395166,13.56486789
45.405253,13.56471468
45.415366,13.56456147
45.425448,13.56440826
45.43553,13.56425505
45.445614,13.56410184
45.455695,13.56394863
45.465777,13.56379542
45.475857,13.56364221
45.485939,13.563489
45.496021,13.56334058
45.506102,13.56319695
45.516214,13.56305331
45.526296,13.56290968
45.536377,13.56276604
45.546458,13.56262241
45.556539,13.56247399
45.566622,13.56232078
45.576708,13.56216757
45.586791,13.56201436
45.596875,13.56186594
45.606956,13.5617223
45.617071,13.56157867
45.627154,13.56143503
45.637235,13.5612914
45.647316,13.56114776
45.657397,13.56100413
45.667479,13.5608605
45.67756,13.56071207
45.68764,13.56055886
45.697723,13.56041044
45.707806,13.56026681
45.717917,13.56012317
45.727997,13.55997954
45.73808,13.5598359
45.748174,13.55969227
45.75826,13.55954864
45.768346,13.559405
45.778432,13.55926616
45.788517,13.5591321
45.798601,13.55899325
45.808686,13.55884962
45.818803,13.55870598
45.828886,13.55856235
45.838971,13.55841871
45.849061,13.55827508
45.859147,13.55813144
45.869232,13.55798781
45.879318,13.55784418
45.889402,13.55770533
45.899489,13.55757127
45.909574,13.55743721
45.919671,13.55730315
45.929758,13.55716909
45.939842,13.55703504
45.949928,13.55689619
45.960013,13.55675256
45.970097,13.55660892
45.980182,13.55646529
45.990267,13.55632165
46.000353,13.55617802
46.010437,13.55603438
46.020548,13.55589075
46.030632,13.55574712
46.040716,13.55560348
46.050799,13.55545985
46.060882,13.55531142
46.070964,13.55515821
46.081049,13.555005
46.091131,13.55485179
46.101216,13.55469858
46.1113,13.55454537
46.121394,13.55439216
46.131478,13.55423895
46.141562,13.55408574
46.151646,13.55393732
46.16173,13.55379369
46.171815,13.55365005
46.1819,13.55350163
46.191987,13.55334842
46.202076,13.55319521
46.212163,13.553042
46.222248,13.55288879
46.232335,13.55273558
46.242419,13.55258237
46.252502,13.55242916
46.262587,13.55227595
46.272672,13.55212274
46.282756,13.55196953
46.29284,13.55181632
46.302924,13.55166311
46.313009,13.5515099
46.323091,13.55135669
46.333174,13.55120348
46.343257,13.55105506
46.353342,13.55091143
46.363433,13.55076779
46.373521,13.55062416
46.383605,13.55048052
46.393691,13.55033689
46.403774,13.55019326
46.41386,13.55004962
46.423945,13.54990599
46.434029,13.54976235
46.444114,13.54961872
46.454196,13.54947508
46.464279,13.54933145
46.47436,13.54918782
46.484441,13.54904418
46.494524,13.54890055
46.504604,13.54875691
46.514687,13.54861328
46.524769,13.54846964
46.534851,13.54832601
46.544934,13.54817759
46.555014,13.54802438
46.565097,13.54787596
46.575184,13.54773232
46.585267,13.54758869
46.595349,13.54744505
46.605433,13.54730142
46.615516,13.54715778
46.6256,13.54701415
46.635683,13.54687051
46.645765,13.54672688
46.655847,13.54658325
46.66593,13.54643961
46.676013,13.54629598
46.686094,13.54615234
46.696176,13.54600871
46.706259,13.54586507
46.71634,13.54571665
46.726422,13.54556344
46.736504,13.54541023
46.746586,13.54525702
46.756668,13.54510381
46.766751,13.5449506
46.776834,13.54480218
46.786915,13.54465855
46.796999,13.54451491
46.807081,13.54437128
46.817162,13.54422764
46.827244,13.54408401
46.837325,13.54394038
46.847407,13.54379674
46.857489,13.54365311
46.867571,13.54350947
46.877653,13.54336584
46.887735,13.5432222
46.897816,13.54307378
46.907899,13.54292536
46.918,13.54278173
46.928087,13.54263809
46.93817,13.54249446
46.948253,13.54235082
46.958336,13.54220719
46.968419,13.54206355
46.978501,13.54191992
46.988583,13.54177628
46.998665,13.54163265
47.008745,13.5414938
47.01883,13.54135975
47.028913,13.54122569
47.038997,13.54109163
47.049079,13.54095757
47.059162,13.54082351
47.069243,13.54068945
47.079325,13.54055539
47.089407,13.54042133
47.099487,13.54028728
47.109568,13.54014843
47.119649,13.5400048
47.129731,13.53986595
47.139814,13.53973189
47.149897,13.53959783
47.159979,13.53946377
47.17006,13.53932971
47.180145,13.53919566
47.190227,13.5390616
47.20031,13.53892754
47.210393,13.53879348
47.220475,13.53865942
47.230556,13.53852536
47.240637,13.5383913
47.250718,13.53825724
47.260801,13.53812319
47.270881,13.53799391
47.280961,13.53786943
47.291044,13.53774495
47.301124,13.53762047
47.311205,13.53749598
47.321285,13.5373715
47.331367,13.53724702
47.341449,13.53711775
47.35153,13.53698369
47.361615,13.53684963
47.371699,13.53671557
47.38178,13.53658151
47.391862,13.53645224
47.401942,13.53632776
47.412023,13.53620327
47.422109,13.53607879
47.432193,13.53595431
47.442271,13.53582982
47.452352,13.53570534
47.462434,13.53558086
47.472514,13.53545638
47.482596,13.53533189
47.492677,13.53520741
47.502757,13.53508293
47.512838,13.53495844
47.522919,13.53483396
47.533,13.53470948
47.543082,13.53458499
47.553164,13.53446051
47.563247,13.53433603
47.573335,13.53421633
47.583418,13.53410143
47.593501,13.53398652
47.603588,13.53387161
47.613676,13.53375192
47.62376,13.53363701
47.634125,13.53351731
47.644248,13.53339283
47.654331,13.53326835
47.664415,13.53314386
47.674497,13.53301938
47.68458,13.5328949
47.694663,13.5327752
47.704746,13.53266029
47.71483,13.53254539
47.724938,13.53243048
47.735021,13.53231557
47.745104,13.53220066
47.755185,13.53208576
47.765268,13.53197085
47.775349,13.53185594
47.785428,13.53174103
47.795512,13.53162613
47.805594,13.53151122
47.815676,13.5314011
47.825789,13.53129577
47.835873,13.53119044
47.845956,13.5310851
47.856038,13.53097977
47.86612,13.53087444
47.876202,13.53076911
47.886285,13.53066378
47.896366,13.53055845
47.906447,13.53045311
47.916529,13.53034778
47.92661,13.53024245
47.93669,13.53013712
47.946771,13.53003179
47.956853,13.52992645
47.966936,13.52982591
47.977017,13.52973015
47.987098,13.5296344
47.99718,13.52953864
48.007261,13.52944289
48.017342,13.52934713
48.027454,13.52925137
48.037537,13.52915562
48.047619,13.52905986
48.057701,13.52895932
48.067784,13.52885877
48.077866,13.52875823
48.087946,13.52866247
48.098028,13.52856672
48.108107,13.52847096
48.118188,13.5283752
48.128297,13.52827945
48.138373,13.52818369
48.148452,13.52808794
48.158531,13.52799218
48.16861,13.52789642
48.178693,13.52780067
48.188773,13.52770491
48.198854,13.52761394
48.208933,13.52752776
48.219013,13.52744158
48.229122,13.5273554
48.239261,13.52726922
48.249354,13.52718304
48.259441,13.52709686
48.269529,13.52701068
48.27961,13.5269245
48.28969,13.52684311
48.299773,13.5267665
48.309857,13.5266899
48.31994,13.52661329
48.330023,13.52653669
48.340105,13.52646008
48.350187,13.52638348
48.36028,13.52630687
48.370361,13.52623027
48.380443,13.52615366
48.390523,13.52607706
48.400605,13.52600045
48.410685,13.52592385
48.420766,13.52584724
48.430881,13.52577064
48.440964,13.52569882
48.451047,13.52563179
48.461128,13.52556476
48.47121,13.52549773
48.481292,13.5254307
48.491374,13.52536367
48.501456,13.52529664
48.511537,13.52522961
48.521619,13.52516258
48.531727,13.52509555
48.541808,13.52502853
48.551886,13.5249615
48.561967,13.52489447
48.572052,13.52483222
48.582135,13.5247652
48.592218,13.52469817
48.602302,13.52463114
48.612385,13.52456411
48.622463,13.52449708
48.632576,13.52443005
48.642658,13.52436302
48.652738,13.52429599
48.66282,13.52422896
48.672903,13.52416193
48.682984,13.5240949
48.693065,13.52402787
48.703147,13.52396084
48.713229,13.52389381
48.723311,13.52382678
48.733423,13.52376454
48.743505,13.52370709
48.753587,13.52364964
48.763669,13.52359218
48.773754,13.52353473
48.783837,13.52347727
48.793919,13.52341982
48.804,13.52336237
48.814083,13.52330491
48.824165,13.52324746
48.834246,13.52319001
48.844327,13.52313255
48.854409,13.5230751
48.864491,13.52301764
48.874572,13.52296019
48.884653,13.52290274
48.894732,13.5228405
48.904815,13.52277347
48.914897,13.52271122
48.924979,13.52265377
48.935092,13.52259632
48.945173,13.52253886
48.955254,13.52248141
48.965333,13.52242396
48.975415,13.5223665
48.985495,13.52230905
48.995577,13.5222516
49.005659,13.52219414
49.015739,13.52213669
49.02582,13.52207923
49.035926,13.52202178
49.04601,13.52196433
49.056092,13.52190687
49.066173,13.52184942
49.076256,13.52179197
49.086338,13.52173451
49.096421,13.52167706
49.106502,13.5216196
49.116583,13.52156215
49.126664,13.52150948
49.136773,13.52146161
49.146855,13.52141373
49.156936,13.52136585
49.167015,13.52131797
49.177111,13.52127009
49.187195,13.52122222
49.197282,13.52117434
49.207366,13.52112646
49.21745,13.52107858
49.227533,13.5210307
49.237644,13.52097804
49.247725,13.52092058
49.257807,13.52086313
49.267889,13.52080568
49.277971,13.52074822
49.288052,13.52069077
49.298132,13.52063332
49.308214,13.52057586
49.318295,13.52051841
49.328378,13.52046095
49.33846,13.5204035
49.348541,13.52034605
49.358627,13.52029338
49.36871,13.5202455
49.378792,13.52019762
49.388874,13.52014975
49.39898,13.52010187
49.409077,13.52005399
49.419164,13.52000611
49.42925,13.51995823
49.43934,13.51991036
49.449428,13.51986248
49.459514,13.5198146
49.4696,13.51976672
49.479691,13.51971884
49.489774,13.51967097
49.499854,13.51962309
49.509934,13.51957521
49.520013,13.51952733
49.530093,13.51947945
49.540202,13.51943157
49.550285,13.5193837
49.560367,13.51933582
49.570452,13.51928794
49.580536,13.51924006
49.590618,13.51919218
49.600699,13.51914431
49.610785,13.51909643
49.620869,13.51904855
49.630952,13.51900546
49.64103,13.51895758
49.651109,13.51891449
49.661185,13.51887619
49.671262,13.51883789
49.681336,13.5187948
49.691414,13.51874692
49.701489,13.51869904
49.711567,13.51865116
49.721641,13.51860328
49.731719,13.51855541
49.741799,13.51850753
49.751879,13.51845965
49.76196,13.51840698
49.772041,13.51834953
49.782122,13.51829208
49.792203,13.51823462
49.802282,13.51818196
49.812361,13.5181245
49.822441,13.51806705
49.832518,13.5180096
49.842601,13.51795214
49.852679,13.51789469
49.862758,13.51783723
49.872837,13.51777978
49.882915,13.51772233
49.892993,13.51766487
49.903133,13.51760742
49.91321,13.51754997
49.923291,13.51749251
49.93337,13.51743506
49.94348,13.5173776
49.95356,13.51732015
49.963641,13.5172627
49.973719,13.51720524
49.983799,13.51714779
49.993879,13.51709034
50.00396,13.51702809
50.014039,13.51696106
50.02412,13.51689404
50.034202,13.51682701
50.04431,13.51675998
50.054392,13.51669295
50.064472,13.51662592
50.074555,13.51656368
50.084634,13.51650144
50.094716,13.51644398
50.104796,13.51638653
50.114877,13.51632907
50.124956,13.51627162
50.135037,13.51621417
50.145143,13.51615671
50.155222,13.51609926
50.165301,13.51604181
50.175386,13.51598435
50.185467,13.5159269
50.195549,13.51586944
50.205629,13.51581199
50.215712,13.51575454
50.225791,13.51569708
50.23587,13.51563963
50.245994,13.51558218
50.256074,13.51552472
50.266154,13.51546727
50.276233,13.51540981
50.286314,13.51535236
50.296392,13.51529491
50.306473,13.51523745
50.316554,13.51518
50.326634,13.51512255
50.336713,13.51506509
50.346795,13.51500764
50.356876,13.51495018
50.36696,13.51489273
50.37704,13.51483528
50.38712,13.51477782
50.397199,13.51472037
50.407281,13.51466292
50.417361,13.51460546
50.427442,13.51454801
50.437521,13.51449055
50.447607,13.5144331
50.457689,13.51437565
50.46777,13.51431819
50.47785,13.51426074
50.48793,13.51420329
50.498011,13.51414583
50.508091,13.51408838
50.518171,13.51403093
50.528252,13.51397347
50.538333,13.51391602
50.548414,13.51385856
50.558494,13.51380111
50.568577,13.51374366
50.578658,13.5136862
50.588738,13.51362396
50.598819,13.51356651
50.608909,13.51350905
50.618993,13.5134516
50.629078,13.51339415
50.639161,13.51333669
50.649273,13.51327924
50.659725,13.51322179
50.669933,13.51316433
50.680233,13.51310688
50.690317,13.51304942
50.700401,13.51299197
50.710484,13.51293452
50.720566,13.51287706
50.730649,13.51281961
50.740732,13.51276216
50.750816,13.5127047
50.760898,13.51264725
50.77098,13.51258979
50.781063,13.51253234
50.791145,13.51247489
50.801228,13.51241743
50.811311,13.51235998
50.821393,13.51230253
50.831477,13.51224507
50.841559,13.51218762
50.851646,13.51213016
50.861728,13.51207271
50.87181,13.51201526
50.881892,13.5119578
50.891979,13.51190035
50.902063,13.5118429
50.912146,13.51179023
50.922227,13.51174235
50.932309,13.51169447
50.94239,13.5116466
50.952504,13.51159872
50.962588,13.51155084
50.972671,13.51150296
50.982752,13.51145508
50.992834,13.51140721
51.002917,13.51135933
51.013001,13.51131145
51.023083,13.51126357
51.033166,13.51121569
51.043247,13.51116303
51.053354,13.51111036
51.063437,13.51105291
51.07352,13.51099545
51.083602,13.510938
51.093684,13.51088055
51.103766,13.51082309
51.113848,13.51076564
51.12393,13.51070818
51.134011,13.51065073
51.144093,13.51059328
51.154174,13.51053582
51.164254,13.51047837
51.174339,13.51042092
51.184425,13.51036346
51.194505,13.51030601
51.204587,13.51024856
51.214668,13.5101911
51.224751,13.51013365
51.234834,13.51007619
51.244915,13.51001874
51.255025,13.50996607
51.265104,13.5099182
51.275187,13.50987032
51.285269,13.50982244
51.29535,13.50977456
51.305432,13.50972668
51.315514,13.50967881
51.325595,13.50963093
51.335676,13.50958305
51.345757,13.50953517
51.355839,13.50948729
51.365924,13.50943942
51.376007,13.50939154
51.386089,13.50934366
51.39617,13.50929578
51.406251,13.5092479
51.416333,13.50920002
51.426414,13.50915215
51.436495,13.50910427
51.446577,13.50905639
51.456698,13.50900851
51.466781,13.50896063
51.476864,13.50891276
51.486946,13.50886488
51.49703,13.508817
51.507112,13.50876912
51.517194,13.50872124
51.527275,13.50867337
51.537358,13.50862549
51.54744,13.50857761
51.55755,13.50852973
51.567638,13.50848185
51.577722,13.50843398
51.587803,13.5083861
51.597884,13.50833822
51.607968,13.50829034
51.61805,13.50824246
51.628132,13.50819458
51.638214,13.50814671
51.648295,13.50809883
51.658409,13.50805095
51.668492,13.50800307
51.678572,13.50795519
51.688654,13.50790732
51.698737,13.50786423
51.70882,13.50782592
51.718902,13.50778762
51.728984,13.50774932
51.739066,13.50771102
51.74915,13.50767271
51.759261,13.50763441
51.769343,13.50759611
51.779426,13.50756259
51.789508,13.50753387
51.799592,13.50750514
51.809674,13.50747641
51.819756,13.5074429
51.829839,13.50741417
51.839922,13.50738544
51.850005,13.50735672
51.860116,13.50732799
51.870198,13.50729926
51.880281,13.50727054
51.890362,13.50724181
51.900443,13.50721308
51.910525,13.50718436
51.920608,13.50715563
51.930688,13.5071269
51.940771,13.50709818
51.950851,13.50706945
51.960961,13.50704072
51.971045,13.507012
51.981125,13.50698327
51.991207,13.50695454
52.001289,13.50692581
52.01137,13.50689709
52.021453,13.50687315
52.031535,13.506854
52.041619,13.50683485
52.051701,13.5068157
52.061814,13.50679654
52.071895,13.50677739
52.081998,13.50675824
52.092081,13.50673909
52.102163,13.50671994
52.112244,13.50670079
52.122327,13.50668164
52.13241,13.50666249
52.142494,13.50664333
52.152577,13.50662418
52.162659,13.50660503
52.172745,13.50658588
52.18283,13.50656673
52.192912,13.50654279
52.202995,13.50651885
52.213078,13.50649012
52.223161,13.5064614
52.23325,13.50643267
52.243334,13.50640394
52.253417,13.50637522
52.263499,13.50634649
52.27358,13.50631776
52.283662,13.50628904
52.293742,13.50626031
52.303823,13.50623158
52.313904,13.50620286
52.323986,13.50617413
52.334067,13.5061454
52.344149,13.50611667
52.354231,13.50608795
52.364315,13.50605922
52.374396,13.50603049
52.384478,13.50600177
52.394567,13.50597304
52.40465,13.50594431
52.414732,13.50591559
52.424812,13.50588686
52.434893,13.50585813
52.444974,13.50582941
52.455056,13.50580068
52.465142,13.50577195
52.475225,13.50574323
52.485307,13.5057145
52.495388,13.50569056
52.50547,13.50566662
52.515551,13.50564268
52.525633,13.50561874
52.535717,13.50559002
52.545798,13.50556129
52.555881,13.50553256
52.565999,13.50550384
52.576084,13.50547511
52.586167,13.50544638
52.596251,13.50542244
52.606335,13.50540329
52.616418,13.50538414
52.6265,13.50536499
52.63658,13.50534584
52.646661,13.50532669
52.656745,13.50530754
52.666857,13.50528838
52.67694,13.50526923
52.687021,13.50525008
52.697103,13.50523093
52.707185,13.50521178
52.717265,13.50519263
52.727347,13.50517348
52.737427,13.50515433
52.747508,13.50513517
52.757591,13.50511602
52.767702,13.50509687
52.777783,13.50507772
52.787866,13.50505857
52.797947,13.50503942
52.808033,13.50502027
52.818114,13.50500112
52.828196,13.50498196
52.838276,13.50496281
52.848358,13.50494366
52.85844,13.50492451
52.86855,13.50490536
52.87863,13.50488621
52.888713,13.50486706
52.898795,13.50484791
52.908878,13.50482875
52.918961,13.5048096
52.929041,13.50479045
52.939122,13.5047713
52.949204,13.50475215
52.959285,13.504733
52.969395,13.50471385
52.979475,13.5046947
52.989556,13.50467554
52.999636,13.50465639
53.009718,13.50463724
53.0198,13.50461809
53.029882,13.50459894
53.039963,13.50457979
53.050052,13.50456064
53.060139,13.50454627
53.070222,13.50453191
53.080305,13.50452233
53.090388,13.50451276
53.100471,13.50450318
53.110553,13.50449361
53.120635,13.50448403
53.130716,13.50447446
53.140798,13.50446488
53.150892,13.5044553
53.160975,13.50444573
53.171067,13.50443615
53.181154,13.50442658
53.191237,13.504417
53.201329,13.50440743
53.211418,13.50439785
53.221503,13.50438828
53.231593,13.5043787
53.241676,13.50436912
53.251758,13.50435955
53.261842,13.50434997
53.271926,13.5043404
53.28201,13.50433082
53.292096,13.50432125
53.302179,13.50431167
53.312262,13.50430209
53.322343,13.50429252
53.332425,13.50428294
53.342506,13.50427337
53.352588,13.50426379
53.362674,13.50425422
53.372786,13.50424464
53.382868,13.50423507
53.392951,13.50422549
53.403032,13.50421591
53.413112,13.50420634
53.423193,13.50419676
53.433274,13.50418719
53.443355,13.50417761
53.453436,13.50416804
53.463519,13.50415846
53.473638,13.50414888
53.48372,13.50413931
53.493801,13.50412973
53.503883,13.50412016
53.513965,13.50411537
53.524047,13.50411537
53.534128,13.50411537
53.54421,13.50411058
53.554296,13.50411058
53.564377,13.50411058
53.57449,13.50411058
53.584572,13.50410579
53.594653,13.50409622
53.604742,13.50408664
53.614827,13.50407707
53.624909,13.50406749
53.634991,13.50405792
53.645073,13.50404834
53.655159,13.50403877
53.665241,13.50402919
53.675354,13.50401961
53.685436,13.50401004
53.695519,13.50400046
53.705602,13.50399089
53.715682,13.50398131
53.725765,13.50397174
53.735848,13.50396216
53.745928,13.50395737
53.75601,13.50395737
53.766092,13.50395258
53.776205,13.50395258
53.786286,13.50395258
53.796368,13.50395258
53.806449,13.50395258
53.816581,13.50395258
53.826662,13.50395258
53.836744,13.50395258
53.846825,13.50395258
53.856906,13.50395258
53.866988,13.50395258
53.877095,13.50395258
53.887177,13.50395258
53.897259,13.50395258
53.907339,13.50395258
53.91742,13.50395258
53.927502,13.50395258
53.937583,13.50395258
53.947665,13.50395258
53.957747,13.50395258
53.967829,13.50395258
53.97794,13.50395258
53.988021,13.50395258
53.998102,13.50395258
54.008182,13.50395258
54.018264,13.50395258
54.028346,13.50395258
54.038428,13.50395258
54.04851,13.50395258
54.058589,13.50395258
54.06867,13.50395258
54.078779,13.50395258
54.088862,13.50395258
54.098944,13.50395258
54.109025,13.50395258
54.119106,13.50395258
54.129186,13.50395258
54.139268,13.50395258
54.149349,13.50395258
54.159431,13.50395258
54.169514,13.50395258
54.179627,13.50395258
54.189709,13.50395258
54.199791,13.50395258
54.209873,13.50395737
54.219954,13.50396216
54.230036,13.50397174
54.240127,13.50398131
54.250208,13.50399089
54.26029,13.50400046
54.270369,13.50401004
54.280516,13.50401961
54.290601,13.50402919
54.300683,13.50403877
54.310768,13.50404834
54.320851,13.50405792
54.330936,13.50406749
54.341018,13.50407707
54.351103,13.50408664
54.361191,13.50409622
54.371277,13.50410579
54.381434,13.50411537
54.391516,13.50412495
54.401597,13.50413452
54.414063,13.5041441
54.42415,13.50415367
54.43423,13.50416325
54.444312,13.50417282
54.454393,13.5041824
54.464471,13.50419198
54.474556,13.50420155
54.484634,13.50421113
54.494714,13.5042207
54.50479,13.50423028
54.514868,13.50423507
54.524943,13.50423985
54.53502,13.50424464
54.545097,13.50424943
54.555177,13.504259
54.565256,13.50426858
54.575336,13.50427816
54.585417,13.50428773
54.595498,13.50429731
54.605579,13.50430688
54.61566,13.50431646
54.625742,13.50432603
54.635825,13.50433561
54.645907,13.50434519
54.655987,13.50435476
54.666068,13.50436434
54.676149,13.50437391
54.686231,13.50438349
54.696311,13.50439306
54.706394,13.50440264
54.716472,13.50441221
54.726552,13.50442179
54.736631,13.50443137
54.746711,13.50444094
54.756789,13.5044553
54.766871,13.50447446
54.776951,13.50449361
54.787033,13.50451276
54.797113,13.50453191
54.807194,13.50455106
54.817274,13.50457021
54.827361,13.50458936
54.837443,13.50460851
54.847522,13.50462767
54.857601,13.50464682
54.867834,13.50466597
54.877914,13.50468512
54.887996,13.50470427
54.898078,13.50472342
54.908158,13.50474257
54.918239,13.50476172
54.928318,13.50478088
54.938399,13.50480003
54.948478,13.50481918
54.958559,13.50483833
54.968638,13.50485748
54.978717,13.50487663
54.988795,13.50489578
54.998875,13.50491493
55.008954,13.50493409
55.019035,13.50494845
55.029115,13.50495802
55.039194,13.5049676
55.049272,13.50497718
55.059354,13.50498675
55.069432,13.50500112
55.079512,13.50501069
55.089592,13.50502505
55.099672,13.50504421
55.109752,13.50506336
55.119831,13.50508251
55.129912,13.50510166
55.13999,13.50512081
55.15007,13.50513517
55.160149,13.50515433
55.17023,13.50517348
55.180312,13.50519263
55.190399,13.50521178
55.20048,13.50523093
55.210561,13.50525008
55.220643,13.50526923
55.230724,13.50528838
55.240803,13.50530754
55.250883,13.50532669
55.260962,13.50534584
55.271044,13.50536499
55.281124,13.50538414
55.291204,13.50540329
55.301292,13.50542244
55.311374,13.50544159
55.321457,13.50546074
55.331539,13.5054799
55.341621,13.50549905
55.351727,13.5055182
55.361808,13.50553735
55.37189,13.5055565
55.38197,13.50557565
55.39205,13.5055948
55.402131,13.50561395
55.412213,13.50563311
55.422293,13.50565226
55.432371,13.50567141
55.442451,13.50569056
55.452531,13.50570971
55.46261,13.50572886
55.47269,13.50574801
55.482776,13.50576716
55.492859,13.50578632
55.502941,13.50580547
55.513022,13.50582462
55.523103,13.50584377
55.533184,13.50585813
55.543265,13.50586771
55.553352,13.50587728
55.563434,13.50589165
55.573516,13.50590122
55.583598,13.5059108
55.593681,13.50592037
55.603763,13.50593474
55.613846,13.50595389
55.623928,13.50597304
55.634009,13.50599219
55.644092,13.50601134
55.654174,13.50603049
55.66426,13.50604965
55.674342,13.5060688
55.684425,13.50608316
55.694508,13.50609752
55.704589,13.50611189
55.714671,13.50612146
55.724753,13.50613104
55.734834,13.50614061
55.744916,13.50615019
55.754997,13.50615977
55.76508,13.50616455
55.775162,13.50616455
55.785242,13.50616934
55.795323,13.50616934
55.805405,13.50616934
55.815487,13.50616934
55.825569,13.50616934
55.835658,13.50616934
55.845746,13.50616934
55.855835,13.50616934
55.865922,13.50616934
55.876007,13.50616934
55.886121,13.50616934
55.896206,13.50616934
55.906291,13.50616934
55.916376,13.50616934
55.92646,13.50616934
55.936546,13.50616934
55.94663,13.50616934
55.956715,13.50616934
55.966799,13.50616934
55.976883,13.50616934
55.986978,13.50616934
55.997061,13.50616934
56.007146,13.50616934
56.017229,13.50616934
56.027313,13.50616934
56.037397,13.50616934
56.04748,13.50616934
56.057565,13.50616934
56.067649,13.50616934
56.077731,13.50616934
56.087825,13.50616934
56.097911,13.50616934
56.107994,13.50616934
56.118079,13.50616934
56.128162,13.50616934
56.138247,13.50616934
56.148331,13.50616934
56.158415,13.50616934
56.168499,13.50616934
56.17858,13.50616934
56.188694,13.50616934
56.198775,13.50616934
56.208859,13.50616934
56.218943,13.50616934
56.229023,13.50616934
56.239114,13.50616934
56.249201,13.50616934
56.259284,13.50616934
56.269366,13.50616455
56.27945,13.50615977
56.289564,13.50615498
56.299643,13.5061454
56.309726,13.50613583
56.31981,13.50612625
56.329893,13.50611667
56.339976,13.5061071
56.350059,13.50609752
56.360143,13.50608795
56.370225,13.50607837
56.380308,13.5060688
56.390391,13.50605922
56.400473,13.50604965
56.410554,13.50604007
56.420635,13.50603049
56.430717,13.50602092
56.440801,13.50601134
56.450883,13.50600177
56.460964,13.50599219
56.471048,13.50598262
56.48113,13.50597304
56.491218,13.50596347
56.501314,13.50595389
56.511401,13.50594431
56.521484,13.50593474
56.531567,13.50592516
56.54165,13.50591559
56.551737,13.50590601
56.56182,13.50589644
56.5719,13.50588686
56.582,13.50587728
56.592084,13.50586771
56.602167,13.50585813
56.612252,13.50584856
56.622337,13.50583898
56.632421,13.50582941
56.642503,13.50581983
56.652584,13.50581026
56.662667,13.50580068
56.672749,13.5057911
56.682831,13.50578153
56.692944,13.50577195
56.703028,13.50576238
56.71311,13.5057528
56.723414,13.50574323
56.734001,13.50573365
56.744274,13.50572407
56.754357,13.5057145
56.764439,13.50570014
56.774523,13.5056762
56.784605,13.50564747
56.794717,13.50561874
56.804812,13.50559002
56.814896,13.50556129
56.824981,13.50553256
56.835064,13.50550384
56.845148,13.50547511
56.855232,13.50544638
56.865315,13.50541765
56.875398,13.50538893
56.88548,13.5053602
56.895594,13.50533147
56.905677,13.50530275
56.915758,13.50527402
56.925841,13.50524529
56.935924,13.50521657
56.946005,13.50518305
56.956089,13.50514475
56.966171,13.50510645
56.976268,13.50506814
56.986355,13.50502984
56.996467,13.50499154
57.006553,13.50495324
57.016636,13.50491493
57.026717,13.50487663
57.036801,13.50484312
57.046883,13.50481439
57.056967,13.50478566
57.06705,13.50475694
57.077132,13.50472821
57.087216,13.5046947
57.097326,13.50466597
57.10741,13.50462767
57.117492,13.50457979
57.127574,13.50453191
57.137655,13.50448403
57.147735,13.50443615
57.157815,13.50438828
57.167899,13.50434519
57.178006,13.50429731
57.188091,13.50424943
57.198173,13.50420155
57.208259,13.50415367
57.218342,13.50410579
57.228424,13.50405792
57.238522,13.50401004
57.248606,13.50396216
57.258703,13.50391428
57.268792,13.5038664
57.27888,13.50381853
57.288967,13.50377065
57.299057,13.50371798
57.309144,13.50366053
57.319231,13.50360307
57.329317,13.50354562
57.339402,13.50348817
57.349488,13.50343071
57.359587,13.50337326
57.369697,13.50331581
57.379786,13.50325835
57.389873,13.5032009
57.399966,13.50314344
57.410011,13.50308599
57.420105,13.50302854
57.430199,13.50297108
57.440292,13.50291363
57.450383,13.50285618
57.46048,13.50279872
57.470584,13.50274127
57.480679,13.50268382
57.490773,13.50262636
57.500877,13.50256891
57.510965,13.50251145
57.521048,13.502454
57.531132,13.50239655
57.541217,13.5023343
57.5513,13.50226728
57.561384,13.50220025
57.571467,13.50213322
57.581558,13.50206619
57.591643,13.50199916
57.601737,13.50193213
57.61182,13.5018651
57.62191,13.50179807
57.631996,13.50173104
57.642095,13.50166401
57.652188,13.50159698
57.6623,13.50152995
57.672394,13.50146292
57.682506,13.50139589
57.692622,13.50132886
57.702715,13.50126662
57.712794,13.50120438
57.722992,13.50114214
57.733458,13.50108469
57.743579,13.50102723
57.753697,13.50096978
57.763806,13.50091233
57.77392,13.50085487
57.784029,13.50079742
57.794146,13.50073996
57.804235,13.50068251
57.814314,13.50062506
57.824407,13.5005676
57.834494,13.50051015
57.844567,13.5004527
57.854637,13.50039045
57.864703,13.50032821
57.874769,13.50026597
57.884837,13.50019894
57.894908,13.50013191
57.904976,13.50006488
57.915042,13.49999785
57.925111,13.49993082
57.93518,13.49986379
57.945246,13.49979677
57.955311,13.49972974
57.965377,13.49966271
57.975444,13.49959568
57.985511,13.49952865
57.995579,13.49946162
58.005644,13.49939459
58.01571,13.49932756
58.025777,13.49926053
58.035843,13.4991935
58.045912,13.49912647
58.055978,13.49905465
58.066044,13.49898284
58.076111,13.49890623
58.086176,13.49883442
58.096242,13.49875781
58.106307,13.49868121
58.116371,13.4986046
58.126437,13.498528
58.136509,13.49845139
58.146578,13.49837479
58.156644,13.49829818
58.166711,13.49822158
58.17678,13.49814497
58.186848,13.49806837
58.196916,13.49799176
58.206982,13.49791516
58.217048,13.49783855
58.227115,13.49776195
58.237181,13.49768534
58.247248,13.49760874
58.257314,13.49753213
58.267379,13.49745553
58.277444,13.49737892
58.28751,13.4973071
58.297576,13.49723529
58.30764,13.49716347
58.317706,13.49709644
58.327773,13.49702941
58.337841,13.49696238
58.347907,13.49689535
58.357985,13.49682832
58.368052,13.49676129
58.378118,13.49669426
58.388185,13.49662724
58.398251,13.49655542
58.408315,13.4964836
58.418381,13.496407
58.428445,13.49633039
58.438511,13.49625379
58.448577,13.49617718
58.458642,13.49610058
58.468706,13.49602397
58.478773,13.49594737
58.488839,13.49587076
58.498903,13.49579416
58.508974,13.49571755
58.519041,13.49564095
58.529107,13.49556434
58.539173,13.49548774
58.549241,13.49541113
58.55931,13.49533453
58.569376,13.49525792
58.579442,13.49518132
58.589507,13.49510471
58.599573,13.49502811
58.60964,13.4949515
58.619705,13.4948749
58.629785,13.49479829
58.63986,13.49472169
58.649929,13.49464508
58.659995,13.49456848
58.670061,13.49449187
58.680127,13.49441527
58.690193,13.49433866
58.700258,13.49426206
58.710323,13.49418545
58.720388,13.49410885
58.730455,13.49403224
58.740521,13.49395564
58.750587,13.49387903
58.760652,13.49380243
58.770717,13.49372582
58.780783,13.49365401
58.790848,13.49358698
58.800914,13.49351995
58.810979,13.49345292
58.821046,13.49338589
58.831117,13.49331886
58.841186,13.49325183
58.851257,13.4931848
58.861804,13.49311777
58.87187,13.49305074
58.881935,13.49298371
58.892002,13.49291668
58.902068,13.49284487
58.912133,13.49276826
58.9222,13.49269166
58.932265,13.49261505
58.942332,13.49253845
58.9524,13.49246184
58.962465,13.49239002
58.972531,13.49232299
58.982599,13.49225596
58.992666,13.49218894
59.002732,13.49212191
59.012797,13.49205488
59.022862,13.49198785
59.032928,13.49192082
59.042994,13.49185379
59.053061,13.49178676
59.063127,13.49171973
59.073192,13.4916527
59.083258,13.49158567
59.093322,13.49151864
59.103388,13.49145161
59.113451,13.49138458
59.123516,13.49132234
59.133581,13.49126489
59.143647,13.49120743
59.153713,13.49114998
59.163778,13.49109253
59.173848,13.49103507
59.183916,13.49097762
59.193982,13.49092017
59.204049,13.49086271
59.214113,13.49080526
59.224179,13.4907478
59.234244,13.49069035
59.244309,13.4906329
59.254376,13.49057066
59.26444,13.49050363
59.274505,13.4904366
59.284573,13.49036957
59.294639,13.49030254
59.304705,13.49023551
59.314771,13.49017327
59.324838,13.49011581
59.334902,13.49005836
59.344969,13.49000091
59.355034,13.48994345
59.365098,13.489886
59.375165,13.48982854
59.385232,13.48977109
59.395298,13.48971364
59.405365,13.48965618
59.415431,13.48959873
59.425496,13.48954128
59.435584,13.48948382
59.445653,13.48942637
59.455722,13.48936892
59.465789,13.48931146
59.475856,13.48925401
59.485921,13.48919655
59.495987,13.48913431
59.506052,13.48906728
59.516123,13.48900025
59.526189,13.48893322
59.536255,13.48886619
59.546325,13.48879917
59.556393,13.48873692
59.56646,13.48867947
59.576527,13.48862202
59.586593,13.48856456
59.59666,13.48850711
59.606741,13.48844966
59.616807,13.4883922
59.626874,13.48833475
59.636942,13.48827729
59.647008,13.48821984
59.657075,13.48816239
59.66714,13.48810493
59.677205,13.48804269
59.687272,13.48797566
59.69734,13.48790863
59.707413,13.4878416
59.717481,13.48777457
59.727548,13.48770754
59.737615,13.48764052
59.74768,13.48757349
59.757755,13.48750646
59.76782,13.48743943
59.77794,13.4873724
59.788004,13.48730537
59.798069,13.48723834
59.808135,13.48717131
59.8182,13.48710428
59.828264,13.48703725
59.838329,13.48696543
59.848394,13.48689362
59.85846,13.48681701
59.868526,13.4867452
59.878594,13.48667338
59.888661,13.48660156
59.898727,13.48653453
59.908793,13.4864675
59.918859,13.48640047
59.928926,13.48633344
59.938992,13.48626641
59.949057,13.48619938
59.959124,13.48613236
59.96919,13.48606533
59.979256,13.4859983
59.989322,13.48593127
59.999387,13.48586424
60.009452,13.48579721
60.019519,13.48573018
60.029584,13.48566315
60.03965,13.48559612
60.049716,13.48552909
60.059782,13.48546206
60.069851,13.48539982
60.079917,13.48533758
60.089983,13.48528013
60.100049,13.48521788
60.110116,13.48516043
60.120182,13.48510298
60.130248,13.48504552
60.140313,13.48498807
60.150379,13.48493061
60.160445,13.48487316
60.17051,13.48481571
60.180587,13.48475825
60.190655,13.4847008
60.200722,13.48464335
60.210788,13.48458589
60.220854,13.48452844
60.23092,13.48447099
60.241001,13.48441353
60.25107,13.48435608
60.26114,13.48429862
60.271206,13.48424117
60.281272,13.48418372
60.291339,13.48412626
60.301405,13.48406881
60.311471,13.48401136
60.321538,13.4839539
60.331607,13.48389645
60.341675,13.48383421
60.351741,13.48376718
60.361812,13.48370015
60.371879,13.48363312
60.381946,13.48356609
60.392013,13.48349906
60.40208,13.48343203
60.412146,13.48336979
60.422212,13.48330755
60.432278,13.48325009
60.442345,13.48319264
60.452414,13.48313519
60.462481,13.48307773
60.472548,13.48302028
60.482614,13.48296283
60.492681,13.48290537
60.502746,13.48284792
60.512812,13.48279046
60.522882,13.48273301
60.532949,13.48267556
60.543052,13.4826181
60.553118,13.48256065
60.563184,13.4825032
60.573249,13.48244574
60.583315,13.48238829
60.59338,13.48233083
60.603445,13.48227338
60.613509,13.48221593
60.623577,13.48215847
60.633642,13.48210102
60.643707,13.48204357
60.653772,13.48198611
60.663837,13.48192866
60.673903,13.4818712
60.683969,13.48181375
60.694032,13.4817563
60.704097,13.48169884
60.714161,13.48164139
60.724227,13.48158394
60.73429,13.48152648
60.744354,13.48146903
60.754418,13.48141157
60.764482,13.48135412
60.774547,13.48129667
60.784612,13.48123921
61.047154,13.48118176
61.057222,13.48112431
61.067289,13.48106685
61.077354,13.4810094
61.087423,13.48095194
61.09749,13.48089449
61.107556,13.48083704
61.117622,13.48077958
61.127687,13.48072213
61.137757,13.48066468
61.147824,13.48060722
61.157889,13.48054977
61.167956,13.4804971
61.178022,13.48044922
61.188089,13.48040135
61.198155,13.48035347
61.20822,13.48030559
61.218286,13.48025771
61.228352,13.48020983
61.238418,13.48016196
61.248484,13.48011408
61.258549,13.4800662
61.268616,13.48001832
61.278682,13.47997044
61.288748,13.47992257
61.298814,13.47987469
61.308885,13.47982681
61.31895,13.47977893
61.329016,13.47973105
61.339082,13.47968318
61.349147,13.4796353
61.359215,13.47958742
61.369283,13.47953954
61.379348,13.47949166
61.389415,13.47944378
61.39948,13.47939591
61.409546,13.47934803
61.419612,13.47930015
61.429677,13.47925227
61.439742,13.47920439
61.449809,13.47915652
61.459876,13.47910864
61.469942,13.47906076
61.480007,13.47901288
61.490073,13.478965
61.500139,13.47891713
61.510203,13.47886925
61.520269,13.47882616
61.530339,13.47878785
61.540407,13.47874955
61.550473,13.47871125
61.560538,13.47867295
61.570603,13.47863464
61.580671,13.47859634
61.590737,13.47855804
61.600803,13.47851974
61.610875,13.47848143
61.620975,13.47844313
61.631065,13.47840483
61.641169,13.47836653
61.651255,13.47832822
61.661344,13.47828513
61.671436,13.47824683
61.681506,13.47820374
61.691572,13.47816065
61.701638,13.47811756
61.711704,13.47806968
61.72177,13.47802659
61.731835,13.47797871
61.741901,13.47793084
61.751967,13.47788296
61.762032,13.47783987
61.772096,13.47780157
61.782161,13.47776326
61.792227,13.47772496
61.802291,13.47768666
61.812356,13.47764836
61.822421,13.47761005
61.832486,13.47757175
61.842551,13.47753345
61.852617,13.47749515
61.862682,13.47745684
61.872746,13.47741854
61.88281,13.47738024
61.8929,13.47734194
61.902967,13.47730363
61.913031,13.47726533
61.923097,13.47722703
61.933161,13.47718873
61.943227,13.47715521
61.953293,13.47712648
61.963359,13.47709776
61.973425,13.47706903
61.983491,13.4770403
61.993556,13.47701158
62.003622,13.47698285
62.013687,13.47695412
62.023753,13.4769254
62.033818,13.47689667
62.04389,13.47686794
62.053957,13.47683922
62.064023,13.47681049
62.074088,13.47678176
62.084155,13.47675304
62.094221,13.47672431
62.104286,13.47670037
62.114352,13.47667643
62.124417,13.47665728
62.134483,13.47663813
62.144551,13.47661898
62.154618,13.47659983
62.164686,13.47658067
62.174757,13.47656152
62.184825,13.47654237
62.194891,13.47652322
62.204959,13.47650407
62.215025,13.47648492
62.225093,13.47646577
62.23516,13.47644662
62.245227,13.47642746
62.255294,13.47640353
62.26536,13.4763748
62.275427,13.47634607
62.2855,13.47631734
62.295571,13.47628862
62.30564,13.47625989
62.315708,13.47623116
62.325776,13.47620244
62.335843,13.47617371
62.345911,13.47614498
62.355978,13.47611626
62.366048,13.47608753
62.376116,13.4760588
62.386183,13.47603008
62.396264,13.47600135
62.406331,13.47597262
62.416397,13.4759439
62.426466,13.47591517
62.436532,13.47588644
62.446599,13.47585771
62.456667,13.47582899
62.466734,13.47580026
62.476799,13.47577153
62.486867,13.47574281
62.496935,13.47571408
62.507002,13.47568535
62.517069,13.47565663
62.527135,13.4756279
62.537208,13.47559917
62.547275,13.47557045
62.557343,13.47554172
62.567411,13.47551299
62.577478,13.47548427
62.587545,13.47545554
62.597614,13.47542681
62.607762,13.47540287
62.617837,13.47538372
62.627904,13.47536457
62.637969,13.47534542
62.648036,13.47532627
62.658103,13.47530712
62.668171,13.47528797
62.678241,13.47526881
62.688308,13.47524966
62.698375,13.47523051
62.708441,13.47521136
62.718508,13.47519221
62.728577,13.47517306
62.738645,13.47515391
62.748712,13.47513476
62.75878,13.4751156
62.768847,13.47509645
62.778913,13.4750773
62.789412,13.47505815
62.799499,13.475039
62.809588,13.47501985
62.819671,13.4750007
62.829767,13.47497676
62.839862,13.47495761
62.849957,13.47493846
62.860052,13.4749193
62.870146,13.47489536
62.88024,13.47486664
62.890334,13.47483791
62.900421,13.47480918
62.910502,13.47478046
62.920583,13.47475173
62.930662,13.474723
62.940742,13.47469428
62.950821,13.47466555
62.960902,13.47463682
62.970981,13.4746081
62.981061,13.47457937
62.99114,13.47455064
63.001281,13.47452192
63.011364,13.47449319
63.021448,13.47446446
63.031531,13.47443574
63.041624,13.47440701
63.051708,13.47437828
63.061798,13.47434955
63.071881,13.47432083
63.081969,13.4742921
63.092055,13.47426337
63.10214,13.47423465
63.11222,13.47420592
63.122301,13.47417719
63.132382,13.47414847
63.142462,13.47411974
63.152542,13.47409101
63.162621,13.47406229
63.172749,13.47403356
63.18283,13.47400483
63.192911,13.47397611
63.203002,13.47394738
63.213087,13.47391865
63.223171,13.47388992
63.233254,13.4738612
63.243337,13.47383247
63.253421,13.47380374
63.263504,13.47377502
63.273587,13.47374629
63.283676,13.47371756
63.293762,13.47368884
63.303859,13.47366011
63.313943,13.47363138
63.324028,13.47360266
63.334112,13.47357393
63.344196,13.47354041
63.354279,13.47351169
63.364367,13.47347817
63.374452,13.47343987
63.384537,13.47340157
63.394619,13.47336327
63.404728,13.47332496
63.414811,13.47328666
63.424896,13.47324836
63.434978,13.47321006
63.445061,13.47317175
63.455143,13.47313345
63.465227,13.47309515
63.47531,13.47305685
63.485392,13.47301854
63.495483,13.47298024
63.505587,13.47294194
63.515664,13.47290364
63.525747,13.47286533
63.535833,13.47282703
63.545923,13.47278873
63.556007,13.47275043
63.56609,13.47271212
63.576173,13.47267382
63.586256,13.47263552
63.596339,13.47259722
63.606424,13.47255891
63.616509,13.47252061
63.626592,13.47248231
63.636678,13.47244401
63.646763,13.4724057
63.656848,13.4723674
63.666932,13.4723291
63.677016,13.47229558
63.6871,13.47225728
63.697184,13.47222377
63.707278,13.47219025
63.717364,13.47215674
63.727449,13.47212801
63.737533,13.4720945
63.747624,13.47206577
63.757711,13.47203704
63.767793,13.47200832
63.777875,13.4719748
63.787956,13.47194129
63.798009,13.47190298
63.808156,13.47186468
63.818242,13.47182638
63.828327,13.47178808
63.838411,13.47174977
63.848495,13.47171147
63.858582,13.47167317
63.868667,13.47163487
63.878754,13.47159656
63.88884,13.47155826
63.898929,13.47151996
63.909098,13.47148166
63.919181,13.47144335
63.929263,13.47140505
63.939345,13.47136675
63.949426,13.47132845
63.959508,13.47129014
63.969589,13.47125184
63.979669,13.47121354
63.98975,13.47117524
63.999835,13.47113693
64.010008,13.47109863
64.020092,13.47106033
64.030174,13.47102203
64.040259,13.47098372
64.050341,13.47094542
64.060422,13.47090712
64.070504,13.47086882
64.080586,13.47083051
64.090667,13.47079221
64.100749,13.47075391
64.110894,13.47071561
64.120971,13.4706773
64.131048,13.470639
64.14113,13.4706007
64.151209,13.4705624
64.161287,13.47052409
64.171367,13.47048579
64.18145,13.47044749
64.191526,13.47040919
64.201606,13.47037088
64.211744,13.47033258
64.221826,13.47029428
64.231913,13.47025598
64.242003,13.47021767
64.252079,13.47017937
64.262161,13.47014107
64.272246,13.47010755
64.282328,13.47007883
64.29241,13.4700501
64.302491,13.47002137
64.312604,13.46999265
64.322686,13.46996392
64.332768,13.46993519
64.342849,13.46990647
64.352932,13.46987774
64.363016,13.46984901
64.3731,13.46982029
64.383182,13.46979156
64.393263,13.46976283
64.403344,13.46973411
64.413456,13.46970538
64.42354,13.46967665
64.433622,13.46964792
64.443738,13.4696192
64.453855,13.46959047
64.463944,13.46956174
64.474027,13.46953302
64.484114,13.46950429
64.494197,13.46947556
64.504299,13.46944684
64.514387,13.46941811
64.524468,13.46938938
64.53457,13.46936066
64.544655,13.46933193
64.554821,13.4693032
64.564907,13.46927448
64.57499,13.46924575
64.585073,13.46921702
64.595173,13.4691883
64.60527,13.46915957
64.615369,13.46913084
64.625488,13.46910211
64.635585,13.46907339
64.645691,13.46904466
64.655806,13.46901593
64.665896,13.46898721
64.675982,13.46895848
64.686065,13.46892975
64.696144,13.46890103
64.706228,13.4688723
64.716381,13.46884357
64.726461,13.46881485
64.736541,13.46878612
64.746621,13.46875739
64.7567,13.46872867
64.76679,13.46869994
64.776875,13.46867121
64.786952,13.46864248
64.797033,13.46861376
64.80711,13.46858503
64.817253,13.4685563
64.827337,13.46852758
64.837431,13.46849885
64.84753,13.46847491
64.857625,13.46844618
64.867732,13.46841746
64.877831,13.46838873
64.887935,13.46836479
64.898037,13.46834564
64.908133,13.46832649
64.918229,13.46830734
64.928328,13.46828819
64.938418,13.46826904
64.948508,13.46824988
64.958598,13.46823073
64.96869,13.46821158
64.978779,13.46819243
64.988847,13.46817328
64.998915,13.46815413
65.008982,13.46813498
65.019049,13.46811583
65.029116,13.46809667
65.039187,13.46807752
65.049254,13.46805837
65.059321,13.46803922
65.069388,13.46802007
65.079454,13.46800092
65.089527,13.46798177
65.099595,13.46796262
65.109662,13.46794346
65.11973,13.46792431
65.129799,13.46790516
65.139866,13.46788601
65.149935,13.46786686
65.160001,13.46784771
65.170068,13.46782856
65.180137,13.46780941
65.190209,13.46779025
65.200277,13.4677711
65.210343,13.46775195
65.220408,13.4677328
65.230474,13.46771365
65.240539,13.4676945
65.250605,13.46767535
65.260669,13.4676562
65.270739,13.46763704
65.280807,13.46761789
65.290875,13.46759874
65.300941,13.46757959
65.311011,13.46756044
65.321077,13.46754129
65.331142,13.46752214
65.341208,13.46750299
65.351276,13.46748383
65.361351,13.46746947
65.371421,13.46745032
65.381487,13.46743596
65.391553,13.46742638
65.401619,13.46741681
65.411687,13.46740723
65.421753,13.46739765
65.431821,13.46738808
65.441886,13.4673785
65.451954,13.46736893
65.46202,13.46735935
65.472088,13.46734978
65.482155,13.4673402
65.492223,13.46733062
65.50229,13.46732105
65.512356,13.46731147
65.522422,13.4673019
65.53249,13.46729232
65.542554,13.46728753
65.552622,13.46728753
65.562693,13.46728275
65.57276,13.46728275
65.582827,13.46728275
65.592895,13.46728275
65.602963,13.46728275
65.613033,13.46728275
65.623102,13.46728275
65.633172,13.46728275
65.64324,13.46728275
65.653307,13.46728275
65.663374,13.46728275
65.673441,13.46728275
65.683509,13.46728275
65.693576,13.46728275
65.703643,13.46728275
65.71371,13.46728275
65.723777,13.46728275
65.733845,13.46728275
65.743914,13.46728275
65.753982,13.46728275
65.764048,13.46728275
65.774114,13.46728275
65.784181,13.46728275
65.794247,13.46728753
65.804313,13.46729232
65.814381,13.4673019
65.824444,13.46731147
65.834578,13.46732105
65.844646,13.46733062
65.854714,13.4673402
65.864791,13.46734978
65.874874,13.46735935
65.884942,13.46736893
65.895009,13.4673785
65.905075,13.46738808
65.915143,13.46739765
65.925211,13.46740723
65.935279,13.46741681
65.945346,13.46742638
65.955413,13.46743596
65.965482,13.46744553
65.975548,13.46745511
65.985614,13.46746468
65.995679,13.46747426
66.005744,13.46748383
66.015809,13.46749341
66.094723,13.46750299
66.104794,13.46751256
66.114861,13.46752214
66.124927,13.46753171
66.134993,13.46754129
66.14506,13.46755086
66.155125,13.46756044
66.165191,13.46757002
66.175262,13.46757959
66.185329,13.46758917
66.195395,13.46759874
66.205466,13.46760832
66.215532,13.46761789
66.225599,13.46762747
66.235697,13.46763704
66.245767,13.46764662
66.255833,13.4676562
66.2659,13.46766577
66.275967,13.46767535
66.286033,13.46768492
66.296098,13.4676945
66.306163,13.46770407
66.316231,13.46771365
66.326297,13.46772323
66.336363,13.4677328
66.34643,13.46774238
66.356495,13.46775195
66.366563,13.46776153
66.376631,13.4677711
66.386697,13.46778068
66.396763,13.46779025
66.406829,13.46779983
66.416894,13.46780941
66.42696,13.46781898
66.437025,13.46782856
66.447091,13.46783813
66.457169,13.46784771
66.467239,13.46785728
66.477308,13.46786686
66.487375,13.46787644
66.497442,13.46788601
66.507507,13.46789559
66.517572,13.46790516
66.527638,13.46791474
66.537704,13.46792431
66.547769,13.46793389
66.557835,13.46794346
66.567903,13.46795304
66.577971,13.46796262
66.588037,13.46797219
66.598101,13.46798177
66.60817,13.46799134
66.618234,13.46800092
66.628301,13.46801049
66.638366,13.46802007
66.648432,13.46802965
66.658496,13.46803922
66.668565,13.4680488
66.678629,13.46805837
66.688695,13.46806795
66.69876,13.46807752
66.708824,13.4680871
66.718888,13.46809667
66.728951,13.46810625
66.739017,13.46811583
66.749081,13.4681254
66.759147,13.46813498
66.76921,13.46814455
66.779275,13.46815413
66.789339,13.4681637
66.799405,13.46817328
66.809469,13.46818286
66.819536,13.46819243
66.829602,13.46820201
66.839667,13.46821158
66.849731,13.46822116
66.859796,13.46823073
66.86986,13.46824031
66.879925,13.46824988
66.889989,13.46825946
66.900054,13.46826904
66.910117,13.46827861
66.920184,13.46828819
66.930248,13.46829776
66.940313,13.46830734
66.950377,13.46831691
66.960443,13.46832649
66.970519,13.46833606
66.980586,13.46834564
66.990651,13.46835522
67.000718,13.46836479
67.010784,13.46837437
67.020852,13.46838394
67.030922,13.46839352
67.040988,13.46840309
67.051055,13.46841267
67.061121,13.46842225
67.071187,13.46843182
67.081252,13.4684414
67.091318,13.46845097
67.101383,13.46846055
67.111448,13.46847012
67.121513,13.4684797
67.131579,13.46848927
67.141647,13.46849885
67.151713,13.46850843
67.161779,13.468518
67.171844,13.46852758
67.18191,13.46853715
67.191976,13.46854673
67.202041,13.4685563
67.212106,13.46856588
67.22217,13.46857546
67.232235,13.46858503
67.242299,13.46859461
67.252365,13.46860418
67.26243,13.46861376
67.272494,13.46862333
67.282559,13.4686377
67.292623,13.46865685
67.302688,13.468676
67.312756,13.46869036
67.322819,13.46870951
67.332885,13.46872388
67.342949,13.46874303
67.353013,13.46876218
67.363079,13.46878133
67.373145,13.46880048
67.38321,13.46881963
67.393278,13.46883879
67.403354,13.46885315
67.413421,13.46886751
67.423489,13.46888666
67.433554,13.46890581
67.44362,13.46892497
67.453684,13.46894412
67.46375,13.46896327
67.473818,13.46898242
67.483882,13.46900157
67.493946,13.46902072
67.504011,13.46903987
67.514076,13.46905902
67.524142,13.46907818
67.534206,13.46909733
67.544271,13.46911648
67.554335,13.46913563
67.5644,13.46915478
67.574469,13.46917393
67.584535,13.46919308
67.5946,13.46921223
67.60467,13.46923139
67.614737,13.46925054
67.624801,13.4692649
67.634867,13.46927448
67.644932,13.46928884
67.654997,13.46929841
67.665061,13.46930799
67.675128,13.46931757
67.685193,13.46932714
67.695257,13.46933672
67.705346,13.46934629
67.715442,13.46935587
67.725564,13.46936544
67.735686,13.46937502
67.745789,13.4693846
67.755859,13.46939417
67.765931,13.46940375
67.775999,13.46941332
67.786068,13.4694229
67.796136,13.46943247
67.806202,13.46944205
67.816269,13.46945162
67.826336,13.4694612
67.836409,13.46947078
67.846497,13.46948035
67.856568,13.46948993
67.866639,13.4694995
67.876707,13.46950908
67.886777,13.46951865
67.896847,13.46952823
67.906914,13.46953781
67.916984,13.46954738
67.927052,13.46955696
67.937122,13.46956653
67.947193,13.46957611
67.957259,13.46958568
67.967327,13.46959526
67.977396,13.46960483
67.987465,13.46961441
67.997533,13.46962399
68.007601,13.46963356
68.017669,13.46964314
68.027736,13.46965271
68.037808,13.46966229
68.047876,13.46967186
68.057945,13.46968144
68.068013,13.46969102
68.07808,13.46970059
68.088148,13.46971017
68.098224,13.46971974
68.108291,13.46972932
68.11836,13.46973889
68.128427,13.46974847
68.138494,13.46975804
68.148563,13.46976762
68.158631,13.4697772
68.168699,13.46978677
68.178772,13.46979635
68.188889,13.46980592
68.199001,13.4698155
68.209123,13.46982507
68.219209,13.46983465
68.229278,13.46984423
68.239349,13.4698538
68.249419,13.46986338
68.259486,13.46987295
68.269555,13.46988253
68.279622,13.4698921
68.28969,13.46990168
68.299758,13.46991125
68.309827,13.46992083
68.319895,13.46993041
68.329963,13.46993998
68.34003,13.46994956
68.350097,13.46995913
68.360166,13.46996871
68.370234,13.46997828
68.380305,13.46998786
68.390373,13.46999744
68.40044,13.47000701
68.410508,13.47001659
68.420575,13.47002616
68.430642,13.47003574
68.44071,13.47004531
68.450777,13.47005489
68.460845,13.47006446
68.470913,13.47007404
68.48098,13.47008362
68.491048,13.47009319
68.501115,13.47010277
68.511183,13.47011234
68.521251,13.47012192
68.53132,13.47013149
68.541408,13.47014107
68.551479,13.47015065
68.561548,13.47016022
68.571615,13.4701698
68.581688,13.47017937
68.591756,13.47018895
68.601824,13.47019852
68.611899,13.4702081
68.621968,13.47021767
68.632037,13.47022725
68.642106,13.47023683
68.652175,13.4702464
68.662244,13.47025598
68.672311,13.47026555
68.682379,13.47027513
68.692449,13.4702847
68.702518,13.47029428
68.712588,13.47030385
68.722656,13.47031343
68.732725,13.47032301
68.742793,13.47033258
68.752864,13.47034216
68.762932,13.47035173
68.772999,13.47036131
68.783067,13.47037088
68.793135,13.47038046
68.803202,13.47039004
68.81327,13.47039961
68.823337,13.47040919
68.833406,13.47041876
68.843473,13.47042834
68.853537,13.47043791
68.863719,13.47044749
68.873786,13.47045706
68.883854,13.47046664
68.893922,13.47047622
68.90399,13.47048579
68.91406,13.47049537
68.924127,13.47050494
68.934194,13.47051452
68.944264,13.47052409
68.954336,13.47053367
68.964403,13.47054325
68.974472,13.47055282
68.984539,13.4705624
68.994608,13.47057197
69.004675,13.47058155
69.014742,13.47059112
69.02482,13.4706007
69.034886,13.47061027
69.044955,13.47061985
69.055024,13.47062943
69.065093,13.470639
69.07516,13.47064858
69.085228,13.47065815
69.095296,13.47066773
69.105364,13.4706773
69.115432,13.47068688
69.1255,13.47069646
69.135567,13.47070603
69.145635,13.47071561
69.155702,13.47072518
69.16577,13.47073476
69.175841,13.47074433
69.18591,13.47075391
69.195976,13.47076348
69.206043,13.47077306
69.216111,13.47078264
69.226177,13.47079221
69.236254,13.47080179
69.246351,13.47081136
69.257245,13.47082094
69.267363,13.47083051
69.278231,13.47084009
69.288337,13.47084967
69.298432,13.47085445
69.308587,13.47085445
69.318691,13.47085445
69.3288,13.47085924
69.339011,13.47085924
69.349108,13.47086403
69.359249,13.47086403
69.369354,13.47086403
69.379474,13.47086403
69.389587,13.47086403
69.399658,13.47086403
69.409728,13.47086403
69.420078,13.47086882
69.430174,13.4708736
69.440274,13.4708736
69.450366,13.4708736
69.460447,13.4708736
69.470541,13.4708736
69.480651,13.4708736
69.490748,13.4708736
69.500856,13.4708736
69.510962,13.4708736
69.521074,13.4708736
69.531178,13.4708736
69.541287,13.4708736
69.551386,13.4708736
69.561503,13.4708736
69.571588,13.4708736
69.581695,13.4708736
69.591799,13.4708736
69.601892,13.4708736
69.612089,13.4708736
69.622191,13.4708736
69.632303,13.4708736
69.642405,13.4708736
69.652522,13.4708736
69.662657,13.4708736
69.672794,13.4708736
69.682897,13.4708736
69.693018,13.4708736
69.703122,13.4708736
69.713229,13.4708736
69.723366,13.4708736
69.733518,13.4708736
69.743666,13.4708736
69.75379,13.4708736
69.763905,13.4708736
69.774052,13.4708736
69.784181,13.4708736
69.794305,13.4708736
69.804435,13.4708736
69.814555,13.4708736
69.82468,13.4708736
69.834807,13.4708736
69.84493,13.4708736
69.855047,13.4708736
69.865169,13.4708736
69.875297,13.4708736
69.885424,13.4708736
69.895545,13.47086882
69.905667,13.47085924
69.915796,13.47084967
69.925925,13.47084009
69.936047,13.47083051
69.946174,13.47082094
69.956286,13.47081136
69.966398,13.47080179
69.976524,13.47079221
69.986644,13.47078264
69.996778,13.47077306
70.006901,13.47076348
70.017025,13.47075391
70.027146,13.47074433
70.037274,13.47073476
70.047403,13.47072518
70.057533,13.47071561
70.067663,13.47070603
70.077805,13.47069646
70.087931,13.47068688
70.098074,13.4706773
70.108207,13.47066773
70.118329,13.47065815
70.128452,13.47064858
70.138578,13.470639
70.148698,13.47062943
70.158823,13.47061985
70.168947,13.47061027
70.17907,13.4706007
70.189201,13.47059112
70.199327,13.47058155
70.209446,13.47057197
70.219573,13.4705624
70.22971,13.47055282
70.239832,13.47054325
70.24996,13.47053367
70.260084,13.47052409
70.270206,13.47051452
70.280323,13.47050494
70.290452,13.47049537
70.300576,13.47048579
70.310703,13.47047622
70.320828,13.47046664
70.330957,13.47045706
70.341077,13.47044749
70.351194,13.47043791
70.361312,13.47042834
70.37143,13.47041876
70.381557,13.47040919
70.391674,13.47039961
70.40179,13.47039004
70.411909,13.47038046
70.42205,13.47037088
70.432174,13.47036131
70.442293,13.47035173
70.452414,13.47034216
70.462535,13.47033258
70.472671,13.47032301
70.482795,13.47031343
70.492924,13.47030385
70.503056,13.47029428
70.513183,13.4702847
70.523304,13.47027513
70.533426,13.47026076
70.54355,13.47025119
70.553679,13.47024161
70.563803,13.47023204
70.573927,13.47022246
70.584059,13.47021289
70.594185,13.47019852
70.604312,13.47017937
70.614444,13.47016022
70.624575,13.47014107
70.634699,13.47012192
70.644829,13.47010277
70.654952,13.47008362
70.665072,13.47006446
70.675197,13.47004531
70.685319,13.47002616
70.695438,13.47000701
70.706584,13.46998786
70.716728,13.46996871
70.726848,13.46994956
70.736979,13.46993041
70.747098,13.46991125
70.757223,13.4698921
70.767346,13.46987295
70.77747,13.4698538
70.787593,13.46983465
70.797718,13.4698155
70.807844,13.46979635
70.818064,13.4697772
70.828188,13.46975804
70.83831,13.46973889
70.848446,13.46971974
70.858578,13.46970059
70.868712,13.46968144
70.882089,13.46966229
70.892251,13.46964314
70.90609,13.46962399
70.916346,13.46960483
70.926563,13.46958568
70.936786,13.46956653
70.94695,13.46954738
70.957144,13.46952823
70.96727,13.46950908
70.977398,13.46948993
70.987519,13.46947078
70.997651,13.46945162
71.007775,13.46943247
71.017906,13.46941332
71.02803,13.46939417
71.038168,13.46937502
71.048296,13.46935587
71.058421,13.46933672
71.068546,13.46931757
71.078663,13.46929841
71.088781,13.46927926
71.098923,13.46926011
71.109049,13.46924096
71.119202,13.46921702
71.129348,13.4691883
71.139484,13.46915957
71.149633,13.46913084
71.159817,13.46910211
71.170047,13.46907339
71.180221,13.46904466
71.190365,13.46901593
71.200542,13.46898721
71.210707,13.46895848
71.220868,13.46892975
71.231113,13.46890103
71.241284,13.4688723
71.25141,13.46884357
71.261534,13.46881485
71.271649,13.46878612
71.281776,13.46875739
71.291894,13.46872867
71.30205,13.46869994
71.312165,13.46867121
71.322288,13.46864248
71.332402,13.46861376
71.342523,13.46858503
71.352641,13.4685563
71.362773,13.46852758
71.372892,13.46849885
71.383009,13.46847012
71.393131,13.4684414
71.403259,13.46841267
71.413379,13.46838394
71.423495,13.46835522
71.433627,13.46832649
71.443745,13.46829776
71.45386,13.46826904
71.463974,13.46824031
71.474098,13.46821158
71.484212,13.46818286
71.49433,13.46815413
71.504454,13.4681254
71.514581,13.46809667
71.524698,13.46806795
71.534828,13.46803922
71.544953,13.46801049
71.555069,13.46798177
71.565196,13.46795304
71.575312,13.46792431
71.585438,13.46789559
71.595561,13.46786686
71.605692,13.46783813
71.615829,13.46780941
71.625966,13.46778068
71.63615,13.46775195
71.646278,13.46772323
71.656397,13.4676945
71.666516,13.46766577
71.676644,13.46763704
71.686761,13.46760832
71.696888,13.46757959
71.707,13.46755086
71.717122,13.46752214
71.727247,13.46749341
71.737369,13.46746468
71.747502,13.46743596
71.757617,13.46740723
71.767736,13.4673785
71.777863,13.46734978
71.787978,13.46732105
71.798101,13.46729232
71.808226,13.4672636
71.81834,13.46723487
71.828455,13.46720614
71.838572,13.46717741
71.848691,13.46714869
71.858815,13.46711996
71.868937,13.46709123
71.879024,13.46706251
71.889113,13.46703378
71.899478,13.46700505
71.910089,13.46697633
71.920213,13.4669476
71.930335,13.46692366
71.940452,13.46690451
71.950578,13.46688536
71.960698,13.46686621
71.970828,13.46684706
71.980946,13.46682312
71.991061,13.46679918
72.001164,13.46677524
72.011279,13.46674651
72.021398,13.46671779
72.031513,13.46668906
72.041632,13.46666033
72.051745,13.46663639
72.061873,13.46660767
72.071988,13.46657894
72.082111,13.46655021
72.092229,13.46652627
72.102343,13.46649755
72.112448,13.46647361
72.122539,13.46644488
72.132642,13.46641615
72.142744,13.46639221
72.152848,13.46636828
72.162963,13.46634434
72.173075,13.46632518
72.183184,13.46630603
72.193288,13.46628688
72.203395,13.46626773
72.2135,13.46624858
72.223609,13.46622943
72.233702,13.46621028
72.243819,13.46619113
72.253939,13.46617197
72.264043,13.46615282
72.274139,13.46613367
72.284245,13.46611452
72.294353,13.46609537
72.304441,13.46607622
72.31454,13.46605707
72.324645,13.46603792
72.334756,13.46601876
72.344864,13.46599961
72.354974,13.46598046
72.365083,13.46596131
72.375185,13.46594216
72.385293,13.46592301
72.395385,13.46590386
72.405492,13.46588471
72.415604,13.46586077
72.425713,13.46583683
72.435827,13.4658081
72.445948,13.46577937
72.456057,13.46575065
72.466153,13.46572192
72.476255,13.46569319
72.486365,13.46566447
72.49648,13.46563574
72.50659,13.4656118
72.516698,13.46558307
72.526815,13.46555435
72.536974,13.46552562
72.547072,13.46549689
72.557186,13.46546817
72.567295,13.46544423
72.577401,13.4654155
72.587505,13.46538677
72.597615,13.46535805
72.607726,13.46532932
72.617835,13.46530059
72.627937,13.46527665
72.638043,13.4652575
72.648147,13.46523835
72.658251,13.4652192
72.668355,13.46520005
72.678461,13.4651809
72.688569,13.46516175
72.698672,13.4651426
72.708779,13.46512344
72.718885,13.46510429
72.729,13.46508514
72.739096,13.46506599
72.749201,13.46504684
72.759303,13.46502769
72.769415,13.46500854
72.779512,13.46498939
72.789621,13.46497023
72.799731,13.46495108
72.809837,13.46493193
72.819936,13.46491278
72.830047,13.46489363
72.840153,13.46487448
72.850247,13.46485533
72.860355,13.46483618
72.870447,13.46481702
72.880549,13.46479787
72.890645,13.46477872
72.900757,13.46475957
72.910861,13.46474042
72.920964,13.46472127
72.931069,13.46470212
72.941174,13.46468297
72.951286,13.46466381
72.96139,13.46464466
72.9715,13.46462072
72.981607,13.46459679
72.991695,13.46456806
73.001798,13.46453933
73.011905,13.4645106
73.022036,13.46448667
73.032142,13.46446273
73.042246,13.464434
73.05235,13.46440527
73.062446,13.46437655
73.072551,13.46434782
73.082658,13.46431909
73.092765,13.46429037
73.102873,13.46426164
73.112979,13.46423291
73.12309,13.46420418
73.133193,13.46417546
73.143303,13.46415152
73.153421,13.46413237
73.163521,13.46411322
73.173637,13.46409407
73.183742,13.46407491
73.193854,13.46405576
73.203958,13.46403661
73.214043,13.46401746
73.224149,13.46399831
73.234254,13.46397916
73.244357,13.46396001
73.254462,13.46394086
73.264567,13.4639217
73.27467,13.46390255
73.284776,13.4638834
73.294883,13.46386425
73.304971,13.4638451
73.315082,13.46382595
73.325196,13.4638068
73.335299,13.46378765
73.345408,13.46376849
73.355516,13.46374934
73.365625,13.46373019
73.375733,13.46371104
73.38583,13.46369189
73.395924,13.46367274
73.406047,13.46365359
73.416153,13.46363444
73.426263,13.46361528
73.436381,13.46359613
73.446471,13.46357698
73.456574,13.46355783
73.466679,13.46353868
73.476786,13.46351953
73.48689,13.46350038
73.496996,13.46348123
73.507102,13.46346207
73.517207,13.46344292
73.527312,13.46342377
73.537414,13.46340462
73.547521,13.46338547
73.557624,13.46336632
73.567732,13.46334717
73.577837,13.46332802
73.58794,13.46330886
73.598046,13.46328971
73.608171,13.46327056
73.618273,13.46325141
73.628376,13.46323226
73.638481,13.46321311
73.648585,13.46319396
73.658689,13.46317481
73.668798,13.46315565
73.678907,13.4631365
73.68901,13.46311735
73.699115,13.4630982
73.709218,13.46307905
73.719313,13.4630599
73.729418,13.46304075
73.739518,13.4630216
73.74962,13.46300244
73.759721,13.46298329
73.769827,13.46296414
73.779924,13.46294499
73.790039,13.46292584
73.800138,13.46290669
73.810268,13.46288754
73.820424,13.46286839
73.83055,13.46284923
73.840688,13.46283008
73.85083,13.46281093
73.860977,13.46279178
73.871123,13.46277263
73.881267,13.46275348
73.891401,13.46272954
73.901537,13.4627056
73.911626,13.46267687
73.921697,13.46264815
73.931763,13.46261942
73.941829,13.46259069
73.951897,13.46256197
73.961962,13.46253324
73.972029,13.46250451
73.982094,13.46247579
73.992161,13.46244706
74.002233,13.46242312
74.012304,13.46239918
74.022367,13.46237524
74.032433,13.46235609
74.042501,13.46233694
74.052567,13.46231779
74.062635,13.46229864
74.072726,13.4622747
74.082797,13.46225555
74.092863,13.46223639
74.102931,13.46221724
74.112996,13.4621933
74.123072,13.46217415
74.13314,13.46215021
74.143206,13.46213106
74.153273,13.46211191
74.163338,13.46208797
74.173407,13.46206403
74.183474,13.46204009
74.193547,13.46201137
74.203616,13.46198264
74.213684,13.46195391
74.223751,13.46192519
74.233818,13.46189646
74.243889,13.46186773
74.253956,13.46183901
74.264022,13.46181028
74.274089,13.46178155
74.284157,13.46175283
74.294222,13.4617241
74.304288,13.46169537
74.314357,13.46166665
74.324425,13.46163792
74.33449,13.46160919
74.344555,13.46158046
74.354623,13.46155174
74.364712,13.46152301
74.374787,13.46149428
74.384855,13.46146556
74.394935,13.46143683
74.405003,13.4614081
74.41507,13.46137938
74.425136,13.46135065
74.435203,13.46132671
74.44527,13.46130277
74.455345,13.46128362
74.465413,13.46126447
74.475479,13.46124532
74.485545,13.46122617
74.495611,13.46120702
74.505676,13.46118786
74.515743,13.46116871
74.525808,13.46114477
74.535874,13.46112562
74.545939,13.46110647
74.556005,13.46108732
74.566071,13.46106817
74.576137,13.46104902
74.586202,13.46102987
74.596273,13.46101072
74.606342,13.46099156
74.616413,13.46097241
74.626477,13.46095326
74.636561,13.46093411
74.646638,13.46091496
74.656705,13.46089581
74.66677,13.46087666
74.676838,13.46085751
74.686905,13.46083835
74.696971,13.4608192
74.707046,13.46080005
74.717118,13.4607809
74.727185,13.46076175
74.737287,13.4607426
74.747358,13.46072345
74.757426,13.4607043
74.767492,13.46068514
74.777562,13.46066599
74.787632,13.46064684
74.797699,13.46062769
74.807767,13.46060854
74.817835,13.46058939
74.827904,13.46057024
74.837989,13.46055109
74.848057,13.46053193
74.858123,13.46051278
74.868191,13.46049363
74.878262,13.46047448
74.888331,13.46045533
74.898399,13.46043618
74.908468,13.46041703
74.91862,13.46039788
74.92888,13.46037872
74.939,13.46035957
74.949063,13.46034042
74.959139,13.46032127
74.969212,13.46030212
74.979281,13.46028297
74.989349,13.4602686
74.999429,13.46025424
75.009499,13.46024467
75.019574,13.46023509
75.02965,13.46022073
75.039724,13.46020158
75.049797,13.46018242
75.059869,13.46016327
75.069942,13.46014412
75.080016,13.46012497
75.090089,13.46011061
75.100161,13.46010103
75.110234,13.46009146
75.120319,13.46008188
75.130406,13.4600723
75.140492,13.46006273
75.150578,13.46005315
75.160675,13.46004358
75.170763,13.460034
75.180852,13.46002443
75.190938,13.46001485
75.201026,13.46000528
75.211113,13.4599957
75.221196,13.45998612
75.231285,13.45997176
75.241373,13.45995261
75.251455,13.45993346
75.261537,13.45991431
75.271619,13.45989516
75.281701,13.459876
75.291783,13.45985685
75.301865,13.45984249
75.311948,13.45982813
75.322032,13.45981376
75.332113,13.4597994
75.342195,13.45978025
75.352277,13.4597611
75.362358,13.45974195
75.372449,13.45972758
75.382532,13.45970843
75.392616,13.45968928
75.402697,13.45967013
75.412779,13.45965098
75.422874,13.45963183
75.432962,13.45961267
75.443051,13.45959352
75.453135,13.45957437
75.463221,13.45955522
75.473305,13.45953607
75.4834,13.45951692
75.493486,13.45949777
75.503569,13.45947862
75.513651,13.45945946
75.523764,13.45944031
75.534053,13.45942116
75.544135,13.45940201
75.554221,13.45938286
75.564311,13.45936371
75.574396,13.45934456
75.584477,13.45932541
75.594564,13.45930626
75.604652,13.4592871
75.614734,13.45926795
75.624845,13.4592488
75.634927,13.45922965
75.645013,13.4592105
75.655094,13.45919135
75.665174,13.4591722
75.675257,13.45915305
75.685341,13.45913389
75.695427,13.45911474
75.705511,13.45909559
75.715596,13.45907644
75.72571,13.45906208
75.735792,13.45904771
75.745909,13.45902856
75.75602,13.4590142
75.76612,13.45899505
75.776255,13.4589759
75.786373,13.45895674
75.796518,13.45894238
75.806629,13.45892802
75.816774,13.45890887
75.826886,13.45888972
75.837028,13.45887056
75.847169,13.45885141
75.857301,13.45883705
75.867442,13.45882747
75.87759,13.45881311
75.887723,13.45879396
75.897852,13.45877481
75.907922,13.45876044
75.917988,13.45874608
75.928081,13.45873651
75.938152,13.45872693
75.94822,13.45871735
75.958288,13.45871257
75.968356,13.45870778
75.978426,13.45870299
75.988496,13.45869342
75.998563,13.45868384
76.008631,13.45867905
76.018703,13.45866948
76.028772,13.45866469
76.038839,13.4586599
76.048907,13.45865511
76.058976,13.45865511
76.069045,13.45865033
76.079112,13.45864554
76.089181,13.45864075
76.099265,13.45863117
76.16261,13.4586216
76.172685,13.45861202
76.182756,13.45860245
76.192825,13.45859287
76.202896,13.4585833
76.212966,13.45857372
76.223033,13.45856414
76.233099,13.45855457
76.243169,13.45854499
76.253238,13.45853542
76.263305,13.45852584
76.273372,13.45851627
76.283442,13.45850669
76.293509,13.45849712
76.303583,13.45848754
76.313652,13.45847796
76.32465,13.45846839
76.334721,13.45845881
76.344789,13.45844924
76.354856,13.45843966
76.364925,13.45843009
76.374996,13.45842051
76.385064,13.45841093
76.395131,13.45840136
76.4052,13.45839178
76.415268,13.45838221
76.425351,13.45837263
76.43542,13.45836306
76.445487,13.45835348
76.455553,13.45834391
76.465623,13.45833433
76.47569,13.45832475
76.485758,13.45831518
76.495824,13.4583056
76.505895,13.45829603
76.515962,13.45828645
76.525995,13.45827688
76.53606,13.4582673
76.546129,13.45825772
76.556197,13.45824815
76.566263,13.45823857
76.576328,13.458229
76.586411,13.45821942
76.596483,13.45820985
76.606555,13.45820027
76.616625,13.4581907
76.626692,13.45818112
76.636773,13.45817154
76.646841,13.45816197
76.656906,13.45815239
76.666974,13.45814282
76.677043,13.45813324
76.687121,13.45812367
76.697191,13.45811409
76.707258,13.45809973
76.717323,13.45808058
76.727391,13.45806142
76.737457,13.45804227
76.747525,13.45802312
76.757592,13.45800397
76.76766,13.45798482
76.777727,13.45796567
76.787794,13.45794652
76.79786,13.45792737
76.807927,13.45790821
76.817991,13.45788906
76.828057,13.45786991
76.838123,13.45785076
76.848192,13.45783161
76.858258,13.45781246
76.868332,13.45779331
76.878399,13.45777416
76.888466,13.457755
76.898533,13.45773585
76.9086,13.4577167
76.918665,13.45769755
76.928731,13.4576784
76.938805,13.45765925
76.948876,13.4576401
76.958943,13.45762095
76.969009,13.45760179
76.979077,13.45758264
76.989143,13.45756349
76.999211,13.45754434
77.009277,13.4575204
77.019344,13.45749167
77.02941,13.45746774
77.039477,13.45743901
77.049542,13.45741028
77.059611,13.45738156
77.069678,13.45735283
77.079744,13.4573241
77.08981,13.45729537
77.099889,13.45727144
77.109959,13.4572475
77.120026,13.45722356
77.130092,13.45720441
77.14016,13.45718526
77.150227,13.4571661
77.160292,13.45714216
77.170358,13.45711344
77.180427,13.45708471
77.190501,13.45705598
77.20057,13.45702726
77.210637,13.45699853
77.220703,13.4569698
77.23077,13.45694108
77.240836,13.45691235
77.250901,13.45688362
77.260966,13.4568549
77.271031,13.45682617
77.281097,13.45679744
77.291163,13.45676872
77.301233,13.45674478
77.311304,13.45672563
77.321373,13.45670647
77.331439,13.45668732
77.341504,13.45666817
77.351571,13.45664902
77.361646,13.45662987
77.371716,13.45660593
77.381784,13.45658199
77.39185,13.45655805
77.401918,13.45653411
77.411984,13.45651496
77.42205,13.45649581
77.432116,13.45647666
77.442182,13.45645272
77.452248,13.45643357
77.462324,13.45641442
77.472393,13.45639527
77.482461,13.45637612
77.492528,13.45635696
77.502594,13.45633781
77.512661,13.45631866
77.522728,13.45629951
77.532795,13.45628036
77.542861,13.45626121
77.552927,13.45624206
77.562994,13.45622291
77.57306,13.45620375
77.583126,13.4561846
77.593192,13.45616545
77.60326,13.4561463
77.613339,13.45612715
77.623409,13.456108
77.633476,13.45608885
77.643545,13.4560697
77.653612,13.45605054
77.663679,13.45603139
77.673746,13.45601224
77.683813,13.45599309
77.693879,13.45597394
77.703946,13.45595479
77.714074,13.45593564
77.724204,13.45591649
77.734336,13.45589733
77.744508,13.45587818
77.754664,13.45585903
77.764878,13.45583988
77.77511,13.45582073
77.785245,13.45580158
77.795405,13.45577764
77.805567,13.4557537
77.815721,13.45573455
77.825873,13.45571061
77.836028,13.45569146
77.846197,13.45567231
77.856488,13.45565316
77.866602,13.45562922
77.876721,13.45560528
77.886871,13.45558613
77.897018,13.45556698
77.90717,13.45554782
77.917316,13.45552867
77.927459,13.45550473
77.937606,13.45547601
77.947935,13.45545207
77.958214,13.45543292
77.968398,13.45541377
77.97871,13.45539461
77.988837,13.45537546
77.998988,13.45535631
78.009135,13.45533716
78.01927,13.45531801
78.029421,13.45529407
78.039544,13.45527013
78.049705,13.45524619
78.059846,13.45522704
78.07004,13.45520789
78.080189,13.45518395
78.090336,13.4551648
78.100481,13.45514086
78.110627,13.45511692
78.120768,13.45509298
78.130911,13.45506426
78.141053,13.45504032
78.151202,13.45501638
78.161346,13.45499244
78.171474,13.4549685
78.181618,13.45494456
78.191758,13.45491583
78.201902,13.45488711
78.212035,13.45485838
78.222176,13.45482965
78.232316,13.45480093
78.242468,13.4547722
78.252621,13.45474347
78.262754,13.45471475
78.272895,13.45468602
78.28304,13.45465729
78.293182,13.45462856
78.303331,13.45459984
78.313474,13.45457111
78.323606,13.45454238
78.333752,13.45451366
78.343886,13.45448493
78.354071,13.4544562
78.364237,13.45442748
78.374366,13.45439875
78.384509,13.45437002
78.39465,13.4543413
78.404805,13.45431257
78.414934,13.45428384
78.42508,13.45425512
78.435227,13.45422639
78.445364,13.45419766
78.455497,13.45416893
78.465643,13.45414021
78.475771,13.45411148
78.485913,13.45408275
78.496048,13.45405403
78.50619,13.4540253
78.516333,13.45399657
78.526472,13.45396785
78.536615,13.45393912
78.546755,13.45391039
78.556894,13.45388167
78.567035,13.45385294
78.57718,13.45382421
78.587326,13.45379549
78.597466,13.45376676
78.607604,13.45373803
78.617735,13.4537093
78.627873,13.45368058
78.638079,13.45365185
78.648219,13.45362312
78.658358,13.4535944
78.668507,13.45356567
78.678653,13.45353694
78.688803,13.45350822
78.698944,13.45347949
78.709087,13.45345076
78.719234,13.45342204
78.729375,13.4533981
78.739507,13.45337895
78.749653,13.45335979
78.759789,13.45334064
78.769927,13.45332149
78.780065,13.45330234
78.790181,13.45328319
78.800336,13.45326404
78.810469,13.45324489
78.820626,13.45322574
78.830751,13.45320658
78.840898,13.45318743
78.85104,13.45316828
78.861189,13.45314913
78.871326,13.45312998
78.881485,13.45311083
78.89164,13.45309168
78.9018,13.45307253
78.911956,13.45305337
78.922077,13.45303422
78.932254,13.45301507
78.942398,13.45300071
78.952563,13.45298635
78.96272,13.45297677
78.972897,13.45296241
78.983148,13.45294804
78.993317,13.45292889
79.003567,13.45290974
79.013732,13.45289059
79.023867,13.45287623
79.034076,13.45286186
79.044225,13.45285707
79.054366,13.45284271
79.064524,13.45283314
79.074657,13.45282835
79.084811,13.45282356
79.094951,13.45282356
79.105107,13.45282356
79.115245,13.45282356
79.125402,13.45282356
79.135545,13.45282356
79.145697,13.45282356
79.155844,13.45282356
79.166046,13.45282356
79.176201,13.45282356
79.186343,13.45282356
79.196513,13.45282356
79.206659,13.45282356
79.216827,13.45282356
79.227,13.45282356
79.237188,13.45282356
79.247404,13.45282356
79.257584,13.45282356
79.267749,13.45282356
79.277929,13.45282356
79.288102,13.45282356
79.298278,13.45282356
79.309386,13.45282356
79.319525,13.45282356
79.32968,13.45282356
79.339834,13.45282356
79.350028,13.45282356
79.36018,13.45282356
79.370312,13.45282356
79.38046,13.45282356
79.390609,13.45282356
79.400758,13.45282356
79.410906,13.45282356
79.421057,13.45282356
79.431201,13.45282356
79.441351,13.45282356
79.451498,13.45282356
79.461651,13.45282356
79.471799,13.45282356
79.481951,13.45282356
79.492113,13.45282356
79.502273,13.45282356
79.512434,13.45282356
79.522575,13.45282356
79.532737,13.45282356
79.542892,13.45282356
79.553049,13.45282356
79.563195,13.45282356
79.57335,13.45282356
79.583498,13.45282356
79.593654,13.45282356
79.603804,13.45282356
79.61396,13.45282356
79.624114,13.45282356
79.634252,13.45282356
79.644413,13.45282356
79.65456,13.45282356
79.664715,13.45282356
79.674918,13.45282356
79.685097,13.45282356
79.695243,13.45282356
79.705399,13.45282356
79.715554,13.45282356
79.725709,13.45282356
79.73587,13.45282356
79.74608,13.45282356
79.756241,13.45282356
79.766395,13.45282356
79.776551,13.45282356
79.786698,13.45282356
79.796856,13.45282356
79.807012,13.45282356
79.817166,13.45282356
79.827312,13.45282356
79.837465,13.45282356
79.847613,13.45282356
79.857766,13.45282356
79.867906,13.45282356
79.878072,13.45282356
79.888209,13.45282356
79.898352,13.45282356
79.908495,13.45282356
79.918682,13.45282356
79.928861,13.45282356
79.939054,13.45282356
79.949246,13.45282356
79.959439,13.45282356
79.969631,13.45282356
79.979803,13.45282356
79.990075,13.45282356
80.000267,13.45282356
80.010451,13.45282356
80.020628,13.45282356
80.030826,13.45282356
80.04104,13.45282356
80.051228,13.45282356
80.061396,13.45282356
80.071547,13.45282356
80.081758,13.45282356
80.091957,13.45282356
80.10212,13.45282356
80.112286,13.45282356
80.122448,13.45282356
80.132609,13.45282356
80.142766,13.45282356
80.152927,13.45282356
80.163071,13.45282356
80.173206,13.45282356
80.183349,13.45282356
80.193499,13.45282356
80.203647,13.45282835
80.213799,13.45283314
80.225332,13.45284271
80.235469,13.45285229
80.245622,13.45286186
80.25577,13.45287144
80.265922,13.45288101
80.276069,13.45289059
80.286203,13.45290017
80.296354,13.45290974
80.306481,13.45291932
80.316633,13.45292889
80.32677,13.45293847
80.336919,13.45294804
80.347066,13.45295762
80.357221,13.45296719
80.367367,13.45297677
80.377488,13.45298635
80.387601,13.45299592
80.397717,13.4530055
80.40784,13.45301507
80.417963,13.45302465
80.428082,13.45303422
80.438196,13.4530438
80.448315,13.45305337
80.458429,13.45306295
80.468547,13.45307253
80.478657,13.4530821
80.488775,13.45309168
80.498894,13.45310125
80.509013,13.45311083
80.519134,13.4531204
80.529254,13.45312998
80.539376,13.45313956
80.549497,13.45314913
80.559619,13.45315871
80.569741,13.45316828
80.579885,13.45317786
80.590035,13.45318743
80.600156,13.45319701
80.610265,13.45320658
80.620384,13.45321616
80.630504,13.45322574
80.640628,13.45323531
80.650745,13.45324489
80.660865,13.45325446
80.670984,13.45326404
80.681103,13.45327361
80.691228,13.45328319
80.701348,13.45329277
80.711466,13.45330234
80.721588,13.45331192
80.731707,13.45332149
80.74183,13.45333107
80.751951,13.45334064
80.762047,13.45335022
80.772169,13.45335979
80.782279,13.45337416
80.792401,13.45339331
80.802528,13.45340767
80.812656,13.45341725
80.822784,13.45342682
80.832939,13.4534364
80.843297,13.45345076
80.85339,13.45346034
80.863507,13.45346991
80.873624,13.45347949
80.883742,13.45348907
80.893861,13.45349864
80.903976,13.45350822
80.914086,13.45351779
80.924202,13.45352737
80.934328,13.45353694
80.944483,13.45354652
80.95467,13.4535561
80.964852,13.45356567
80.974982,13.45357046
80.985102,13.45357525
80.995181,13.45357525
81.005445,13.45358003
81.015629,13.45358482
81.025808,13.4535944
81.035973,13.45360397
81.046125,13.45361355
81.056313,13.45361834
81.066457,13.45362791
81.076649,13.4536327
81.086767,13.45364228
81.096885,13.45365185
81.107004,13.45365664
81.117112,13.45366143
81.127264,13.45366143
81.137354,13.45366143
81.147426,13.45366143
81.157497,13.45366143
81.167565,13.45366143
81.177636,13.45366143
81.187707,13.45366143
81.197775,13.45366143
81.207842,13.45366143
81.217909,13.45366143
81.227979,13.45366143
81.238066,13.45366143
81.248154,13.45366143
81.258224,13.45366143
81.268291,13.45366143
81.278357,13.45366143
81.288426,13.45366143
81.298493,13.45366143
81.308559,13.45366143
81.318624,13.45366143
81.32869,13.45366143
81.338756,13.45366143
81.348821,13.45366143
81.358886,13.45366143
81.368953,13.45366143
81.379025,13.45366143
81.389092,13.45366143
81.399163,13.45366143
81.409232,13.45366143
81.419298,13.45366143
81.429365,13.45366143
81.43943,13.45366143
81.449495,13.45366143
81.459562,13.45366143
81.469626,13.45366143
81.479691,13.45366143
81.489758,13.45366143
81.499828,13.45366143
81.509896,13.45366143
81.519963,13.45366143
81.530029,13.45366143
81.540096,13.45366143
81.550162,13.45366143
81.560228,13.45366143
81.570294,13.45366143
81.58036,13.45366143
81.590426,13.45366143
81.600491,13.45366143
81.610558,13.45366143
81.620624,13.45366143
81.63069,13.45366143
81.640762,13.45366143
81.650829,13.45366143
81.660894,13.45366143
81.670959,13.45366143
81.681026,13.45366143
81.691092,13.45366143
81.701157,13.45366143
81.711223,13.45366143
81.721288,13.45366143
81.731353,13.45366143
81.741418,13.45366143
81.751484,13.45366143
81.76155,13.45366143
81.771617,13.45366143
81.781683,13.45366143
81.791748,13.45366143
81.801815,13.45366143
81.811881,13.45366143
81.821948,13.45366143
81.832014,13.45366143
81.842079,13.45366143
81.852145,13.45366143
81.862216,13.45366143
81.872281,13.45366143
81.882348,13.45366143
81.892412,13.45366143
81.902476,13.45366143
81.912545,13.45366143
81.922613,13.45366143
81.932679,13.45366143
81.942744,13.45366143
81.95281,13.45366143
81.962874,13.45366143
81.97294,13.45366143
81.983005,13.45366143
81.99307,13.45366143
82.003174,13.45366143
82.013284,13.45366143
82.023359,13.45366143
82.03343,13.45366143
82.043497,13.45366143
82.053564,13.45366143
82.063631,13.45366143
82.073702,13.45366143
82.083774,13.45366143
82.093843,13.45366143
82.103909,13.45366143
82.113986,13.45366143
82.124052,13.45366143
82.134118,13.45366143
82.144191,13.45366143
82.154257,13.45366143
82.164324,13.45366143
82.174401,13.45366143
82.184471,13.45366143
82.194538,13.45366143
82.204604,13.45366143
82.214669,13.45366143
82.224736,13.45366143
82.234802,13.45366143
82.244868,13.45366143
82.254933,13.45366143
82.264998,13.45366143
82.275063,13.45366143
82.285129,13.45366143
82.295194,13.45366143
82.305263,13.45366143
82.315334,13.45366143
82.325402,13.45366143
82.335468,13.45366143
82.345535,13.45366143
82.355601,13.45366143
82.365692,13.45366143
82.375762,13.45366143
82.385832,13.45366143
82.395898,13.45366143
82.405967,13.45366143
82.416033,13.45366143
82.426099,13.45366143
82.436166,13.45366143
82.446231,13.45366143
82.456297,13.45366143
82.466362,13.45366143
82.476427,13.45366143
82.486494,13.45366143
82.49656,13.45366143
82.506627,13.45366143
82.516693,13.45366143
82.526759,13.45366143
82.536825,13.45366143
82.546892,13.45366143
82.556959,13.45366143
82.567026,13.45366143
82.577092,13.45366143
82.587159,13.45366143
82.597225,13.45366143
82.607293,13.45366143
82.61736,13.45366143
82.627427,13.45366143
82.637491,13.45366143
82.647562,13.45366143
82.657629,13.45366143
82.667696,13.45366143
82.677761,13.45366143
82.687828,13.45366143
82.697893,13.45366143
82.70796,13.45366143
82.718026,13.45366143
82.728093,13.45366143
82.738158,13.45366143
82.748223,13.45366143
82.758288,13.45366143
82.768358,13.45366143
82.778435,13.45366143
82.788507,13.45366143
82.798628,13.45365664
82.808699,13.45364706
82.818767,13.45364228
82.828833,13.45364228
82.8389,13.45364228
82.848966,13.45364228
82.859037,13.45363749
82.869104,13.45363749
82.879171,13.45363749
82.889238,13.45363749
82.899303,13.45363749
82.909369,13.45363749
82.919435,13.45363749
82.929502,13.45363749
82.939568,13.45363749
82.949635,13.45363749
82.959701,13.45363749
82.969767,13.45363749
82.979833,13.45363749
82.9899,13.45363749
82.999967,13.45363749
83.010033,13.45363749
83.020099,13.45363749
83.030164,13.45363749
83.04023,13.45363749
83.050297,13.45363749
83.060362,13.45363749
83.070429,13.45363749
83.080496,13.45363749
83.093715,13.45363749
83.103782,13.45363749
83.113849,13.45363749
83.123914,13.45363749
83.133981,13.45363749
83.144047,13.45363749
83.154113,13.45363749
83.164179,13.45363749
83.174255,13.45363749
83.184324,13.45363749
83.194389,13.45363749
83.204453,13.45363749
83.214518,13.45363749
83.224583,13.45363749
83.234648,13.45363749
83.244712,13.45363749
83.254778,13.45363749
83.264842,13.45363749
83.274907,13.45363749
83.284972,13.45363749
83.295036,13.45363749
83.305101,13.45363749
83.315167,13.45363749
83.325231,13.45363749
83.335297,13.45363749
83.345361,13.45363749
83.355426,13.45363749
83.36549,13.45363749
83.375556,13.45363749
83.385621,13.45363749
83.395687,13.45363749
83.40575,13.45363749
83.415814,13.45363749
83.425878,13.45363749
83.435941,13.45363749
83.446005,13.45363749
83.456071,13.45363749
83.466134,13.45363749
83.4762,13.45363749
83.486264,13.45363749
83.496329,13.45363749
83.506393,13.45363749
83.516457,13.45363749
83.526523,13.45363749
83.536589,13.45363749
83.546656,13.45363749
83.556723,13.45363749
83.566789,13.45363749
83.576857,13.45363749
83.586923,13.45363749
83.596988,13.45363749
83.607056,13.45363749
83.617124,13.45363749
83.627189,13.45363749
83.637257,13.45363749
83.647326,13.45363749
83.657397,13.45363749
83.667464,13.45363749
83.677531,13.45363749
83.687598,13.45363749
83.697663,13.45363749
83.70773,13.45363749
83.717795,13.45363749
83.727861,13.45363749
83.737926,13.45363749
83.747992,13.45363749
83.758058,13.45363749
83.768123,13.45363749
83.778187,13.45363749
83.788253,13.45363749
83.798319,13.45363749
83.808384,13.45363749
83.81845,13.45363749
83.828517,13.45363749
83.838582,13.45363749
83.848652,13.45363749
83.85872,13.45363749
83.868785,13.45363749
83.878851,13.45363749
83.888917,13.45363749
83.898983,13.45363749
83.90905,13.45363749
83.919115,13.45363749
83.929181,13.45363749
83.939247,13.45363749
83.949313,13.45363749
83.95938,13.45363749
83.969446,13.45363749
83.979513,13.45363749
83.989578,13.45363749
83.999645,13.45363749
84.00971,13.45363749
84.01995,13.45363749
84.030015,13.45363749
84.04008,13.45363749
84.050144,13.45363749
84.06021,13.45363749
84.070276,13.45363749
84.080343,13.45363749
84.090409,13.45363749
84.100479,13.45363749
84.110549,13.45363749
84.120618,13.45363749
84.130684,13.45363749
84.14075,13.45363749
84.150816,13.45363749
84.160881,13.45363749
84.170947,13.45363749
84.181015,13.45363749
84.191082,13.45363749
84.201148,13.45363749
84.211215,13.45363749
84.221281,13.45363749
84.231352,13.45363749
84.241429,13.45363749
84.251497,13.45363749
84.261563,13.45363749
84.271629,13.45363749
84.281695,13.45363749
84.291761,13.45363749
84.301828,13.45363749
84.311894,13.45363749
84.322046,13.45363749
84.332149,13.45363749
84.342257,13.45363749
84.352328,13.45363749
84.362398,13.45363749
84.372466,13.45363749
84.382533,13.45363749
84.392596,13.45363749
84.402661,13.45363749
84.412726,13.45363749
84.422791,13.45363749
84.432855,13.45363749
84.44292,13.45363749
84.452985,13.45363749
84.463051,13.45363749
84.473115,13.45363749
84.48318,13.45363749
84.493246,13.45363749
84.503313,13.45363749
84.513404,13.45363749
84.523471,13.45363749
84.533542,13.45363749
84.543606,13.45363749
84.553671,13.45363749
84.563738,13.45363749
84.573803,13.45363749
84.583869,13.45363749
84.593934,13.45363749
84.604037,13.45363749
84.614103,13.4536327
84.624173,13.45362791
84.63424,13.45362312
84.644307,13.45362312
84.654371,13.45361834
84.66445,13.45361355
84.674518,13.45361355
84.684585,13.45360876
84.694656,13.45359919
84.704722,13.45358961
84.714789,13.45358003
84.724856,13.45357046
84.734924,13.45356088
84.744991,13.45355131
84.755056,13.45354173
84.765182,13.45353216
84.775276,13.45352258
84.785366,13.453513
84.795442,13.45350343
84.805511,13.45349385
84.815577,13.45348428
84.825643,13.4534747
84.83571,13.45346513
84.845782,13.45345555
84.855849,13.45344598
84.865916,13.4534364
84.875983,13.45342682
84.886066,13.45341725
84.896144,13.45340767
84.906212,13.4533981
84.916296,13.45338852
84.926364,13.45337895
84.936428,13.45336937
84.946498,13.45335979
84.956567,13.45335022
84.966634,13.45334064
84.976701,13.45333107
84.986769,13.45332149
84.996835,13.45331192
85.006907,13.45330234
85.016976,13.45329277
85.027043,13.45328319
85.037109,13.45327361
85.047176,13.45326404
85.057244,13.45325446
85.06731,13.45324489
85.077377,13.45323531
85.087445,13.45322574
85.097515,13.45321616
85.107593,13.45320658
85.117687,13.45319701
85.127763,13.45318743
85.137841,13.45317786
85.147911,13.45316828
85.157997,13.45315871
85.168066,13.45314913
85.178144,13.45313956
85.188216,13.45312998
85.198288,13.4531204
85.208362,13.45311083
85.218431,13.45310125
85.22851,13.45309168
85.238587,13.4530821
85.248658,13.45307253
85.258729,13.45306295
85.268802,13.45305337
85.278875,13.4530438
85.288954,13.45303422
85.299025,13.45302465
85.309102,13.45301507
85.319172,13.4530055
85.329249,13.45299592
85.339318,13.45298635
85.349396,13.45297677
85.359476,13.45296719
85.369546,13.45295762
85.379615,13.45294804
85.38969,13.45293847
85.399766,13.45292889
85.409844,13.45291932
85.419914,13.45290974
85.429997,13.45290017
85.440071,13.45289059
85.450154,13.45288101
85.460224,13.45287144
85.470303,13.45286186
85.480373,13.45285229
85.490446,13.45284271
85.500517,13.45283314
85.510591,13.45282356
85.52066,13.45281398
85.530736,13.45280441
85.540807,13.45279483
85.550886,13.45278526
85.560968,13.45277568
85.571042,13.45276611
85.581112,13.45275653
85.59118,13.45274696
85.601261,13.45273738
85.611337,13.4527278
85.621408,13.45271823
85.631483,13.45270865
85.641552,13.45269908
85.65163,13.4526895
85.661699,13.45267993
85.671772,13.45267035
85.681846,13.45266077
85.691917,13.4526512
85.701984,13.45264162
85.712054,13.45263205
85.722125,13.45262247
85.732199,13.4526129
85.742268,13.45260332
85.752359,13.45259375
85.76243,13.45258417
85.772504,13.45257459
85.782571,13.45256502
85.792643,13.45255544
85.802714,13.45254587
85.812786,13.45253629
85.822856,13.45252672
85.832951,13.45251714
85.843041,13.45250756
85.853132,13.45249799
85.863223,13.45248841
85.873317,13.45247884
85.883407,13.45246926
85.893496,13.45245969
85.903587,13.45244532
85.913674,13.45242617
85.92376,13.45241181
85.933842,13.45239266
85.943924,13.45237351
85.954022,13.45235435
85.964114,13.4523352
85.974197,13.45231605
85.984287,13.4522969
85.994389,13.45227775
86.004479,13.4522586
86.014578,13.45223945
86.024667,13.4522203
86.034752,13.45220114
86.04484,13.45218199
86.054925,13.45216284
86.065002,13.45214369
86.075093,13.45212454
86.08517,13.45210539
86.095254,13.45208624
86.105334,13.45206709
86.115412,13.45204793
86.125845,13.45202878
86.135943,13.45200963
86.146016,13.45199048
86.156105,13.45197133
86.1662,13.45195218
86.176287,13.45193303
86.186378,13.45191388
86.196472,13.45189472
86.206568,13.45187557
86.216657,13.45185642
86.226741,13.45183727
86.236832,13.45181812
86.246919,13.45179897
86.256999,13.45177982
86.267085,13.45176067
86.277177,13.45174151
86.28727,13.45172236
86.297354,13.45170321
86.307447,13.45168406
86.317542,13.45166491
86.327629,13.45164576
86.337716,13.45162661
86.347804,13.45160746
86.357895,13.45158831
86.368,13.45156437
86.378087,13.45154043
86.388177,13.45152128
86.398265,13.45149734
86.408355,13.4514734
86.418439,13.45145425
86.428528,13.4514351
86.438616,13.45141594
86.448701,13.451392
86.458783,13.45136807
86.468875,13.45134413
86.478963,13.4513154
86.489047,13.45128667
86.499132,13.45125795
86.509218,13.45122922
86.519306,13.45120049
86.529396,13.45117177
86.539481,13.45114304
86.549563,13.45111431
86.559647,13.45108558
86.569735,13.45105686
86.579822,13.45103292
86.589913,13.45100419
86.600001,13.45097547
86.610095,13.45094674
86.620179,13.45091801
86.630292,13.45089407
86.640379,13.45087013
86.650466,13.45084619
86.660549,13.45081747
86.670635,13.45079353
86.680725,13.45076959
86.690816,13.45074086
86.7009,13.45071692
86.710987,13.45069777
86.721081,13.45067862
86.731201,13.45065947
86.741289,13.45064032
86.751393,13.45062117
86.761481,13.45060202
86.771569,13.45058286
86.781652,13.45056371
86.791742,13.45054456
86.801827,13.45052541
86.811911,13.45050626
86.821995,13.45048711
86.832106,13.45046796
86.842191,13.45044881
86.852276,13.45042966
86.862359,13.4504105
86.872442,13.45039135
86.882529,13.4503722
86.892617,13.45035305
86.902699,13.4503339
86.912781,13.45031954
86.922864,13.45030996
86.932974,13.45030038
86.94306,13.45029081
86.953148,13.45028123
86.963234,13.45027166
86.973319,13.45026208
86.983402,13.45025251
86.993487,13.45024293
87.00357,13.45023335
87.013655,13.45021899
87.023739,13.45020942
87.033849,13.45019984
87.043936,13.45018548
87.054141,13.45017111
87.064463,13.45015675
87.074751,13.45014239
87.084832,13.45013281
87.094916,13.45011845
87.105,13.4500993
87.115094,13.45008014
87.125179,13.45006578
87.135264,13.45004663
87.145347,13.45002748
87.15543,13.45000833
87.165512,13.44998918
87.175598,13.44997481
87.185679,13.44995566
87.195762,13.44993651
87.205842,13.44991736
87.215934,13.44989821
87.226027,13.44987906
87.236118,13.44985991
87.246205,13.44984075
87.256295,13.4498216
87.266383,13.44980245
87.276467,13.4497833
87.286553,13.44976415
87.296651,13.449745
87.306742,13.44972585
87.316835,13.4497067
87.326926,13.44968754
87.337011,13.44966839
87.347095,13.44964924
87.357184,13.44963009
87.367269,13.44961094
87.377356,13.44959179
87.387442,13.44957264
87.39753,13.44955349
87.407616,13.44953433
87.4177,13.44951518
87.427779,13.44949603
87.437862,13.44947688
87.44795,13.44945773
87.458036,13.44943858
87.468119,13.44941943
87.478207,13.44940028
87.488295,13.44938112
87.498388,13.44936197
87.508475,13.44934282
87.518567,13.44932367
87.528653,13.44930452
87.538736,13.44928537
87.548822,13.44926622
87.558915,13.44924707
87.569005,13.44922791
87.579095,13.44920876
87.589181,13.44918961
87.599264,13.44917046
87.609355,13.44915131
87.619441,13.44913216
87.629525,13.44911301
87.639617,13.44909386
87.649707,13.4490747
87.659794,13.44905555
87.669882,13.4490364
87.679972,13.44901725
87.690063,13.4489981
87.700149,13.44897895
87.710236,13.44896459
87.720324,13.44895022
87.730416,13.44893586
87.7405,13.44892149
87.750589,13.44891192
87.760678,13.44889756
87.770764,13.44888319
87.78085,13.44886404
87.790933,13.44884968
87.801025,13.44883053
87.811109,13.44881138
87.821191,13.44879222
87.831277,13.44877307
87.841368,13.44875392
87.851457,13.44873477
87.861541,13.44871562
87.871627,13.44870126
87.881708,13.44868689
87.891794,13.44867253
87.901883,13.44866295
87.911972,13.44865338
87.922057,13.44864859
87.932143,13.44864859
87.942226,13.4486438
87.952314,13.4486438
87.962399,13.4486438
87.972483,13.4486438
87.982565,13.4486438
87.992651,13.4486438
88.002741,13.44863901
88.012828,13.44862944
88.022913,13.44861986
88.032998,13.44861029
88.043085,13.44860071
88.053172,13.44859114
88.063256,13.44858156
88.07334,13.44857198
88.083424,13.44856241
88.09351,13.44855283
88.103594,13.44854326
88.113687,13.44853368
88.123773,13.44852411
88.133859,13.44851453
88.143944,13.44850496
88.15403,13.44850017
88.164114,13.44849538
88.174201,13.44849538
88.184284,13.44849538
88.19437,13.44849538
88.204455,13.44849538
88.214539,13.44849538
88.224621,13.44849538
88.234706,13.44849538
88.244791,13.44849538
88.254874,13.44849538
88.264959,13.44849538
88.275045,13.44849538
88.285129,13.44849538
88.295212,13.44849538
88.305294,13.44849538
88.315379,13.44849059
88.325469,13.44849059
88.335554,13.4484858
88.345639,13.44847623
88.355725,13.44847144
88.36581,13.44846665
88.375894,13.44845708
88.385998,13.44845229
88.396084,13.4484475
88.406168,13.44843793
88.416254,13.44843314
88.426339,13.44842835
88.436424,13.44841877
88.446508,13.44841399
88.456592,13.4484092
88.466674,13.4484092
88.476755,13.4484092
88.486843,13.4484092
88.49693,13.44841877
88.507012,13.44842835
88.517095,13.44843793
88.52718,13.4484475
88.537263,13.44845708
88.547347,13.44846665
88.557433,13.44847623
88.567518,13.4484858
88.577616,13.44849538
88.58771,13.44850496
88.597804,13.44850974
88.607895,13.44851932
88.618009,13.44852889
88.628096,13.44853847
88.638186,13.44854805
88.648266,13.44855762
88.658346,13.4485672
88.668426,13.44857677
88.678508,13.44858635
88.688588,13.44859592
88.69867,13.4486055
88.708749,13.44861507
88.718829,13.44862465
88.728909,13.44863423
88.738988,13.4486438
88.749074,13.44865338
88.75916,13.44866295
88.769245,13.44867253
88.779329,13.4486821
88.789411,13.44869168
88.799495,13.44870126
88.80958,13.44871083
88.819665,13.44872041
88.829747,13.44872998
88.839834,13.44873956
88.849919,13.44874913
88.860001,13.44875392
88.870085,13.44875392
88.880172,13.44875392
88.890258,13.44875392
88.900342,13.44875392
88.910428,13.44875392
88.920514,13.44875392
88.930614,13.44874913
88.940701,13.44873956
88.950787,13.44872998
88.960872,13.44872041
88.970964,13.44871083
88.98105,13.44870126
88.991136,13.44869168
89.001221,13.4486821
89.011307,13.44867253
89.021403,13.44866295
89.03149,13.44865817
89.041575,13.44864859
89.051661,13.44863901
89.061745,13.44863423
89.071836,13.44862944
89.08193,13.44862465
89.092018,13.44861986
89.102113,13.44861029
89.112213,13.4486055
89.122302,13.4486055
89.132395,13.4486055
89.142482,13.44860071
89.152577,13.44860071
89.162665,13.44860071
89.172754,13.44860071
89.182838,13.44860071
89.192925,13.44859592
89.203012,13.44859592
89.213095,13.44859592
89.223174,13.44859592
89.233257,13.44859592
89.24335,13.44859592
89.253441,13.44859592
89.263528,13.44859592
89.273614,13.44859592
89.283703,13.44859592
89.293797,13.44859592
89.303885,13.44859592
89.313998,13.44859592
89.324087,13.44859592
89.334172,13.44859592
89.344259,13.44859592
89.354349,13.44859592
89.364438,13.44859592
89.374525,13.44859592
89.384616,13.44859592
89.394703,13.44859592
89.404791,13.44859592
89.414875,13.44859592
89.424964,13.44859592
89.435049,13.44859592
89.445135,13.44859592
89.45522,13.44859592
89.465307,13.44859592
89.475393,13.44859592
89.48548,13.44859592
89.495567,13.44859592
89.505651,13.44859592
89.515739,13.44859592
89.525831,13.44859592
89.535915,13.44859592
89.545998,13.44859592
89.55609,13.44859592
89.566177,13.44859592
89.576263,13.44859592
89.58635,13.44859592
89.596443,13.44859592
89.606532,13.44859592
89.616628,13.44859592
89.626722,13.44859592
89.636813,13.44859592
89.646905,13.44859592
89.656992,13.44859592
89.667081,13.44859592
89.67717,13.44859592
89.687259,13.44859592
89.697352,13.44859592
89.70744,13.44859592
89.717527,13.44859592
89.727619,13.44859114
89.737712,13.44858635
89.747798,13.44858156
89.757886,13.44857677
89.767972,13.4485672
89.778059,13.44856241
89.788148,13.44855762
89.798235,13.44855762
89.808323,13.44855283
89.818407,13.44855283
89.828494,13.44855283
89.838581,13.44855283
89.848695,13.44855283
89.858788,13.44855283
89.868877,13.44855283
89.878966,13.44855283
89.889049,13.44854805
89.899134,13.44854326
89.909218,13.44853847
89.919308,13.44852889
89.929397,13.44851932
89.939482,13.44850974
89.949593,13.44850017
89.95968,13.44849059
89.969769,13.44848102
89.979853,13.44847144
89.989947,13.44846187
90.000036,13.44845229
90.010126,13.44844271
90.020209,13.44843793
90.0303,13.44843793
90.04039,13.44843793
90.050504,13.44843793
90.060589,13.44843793
90.070672,13.44843793
90.080758,13.44843793
90.090882,13.44843793
90.101014,13.44843793
90.111255,13.44843793
90.121344,13.44843793
90.131431,13.44843793
90.141515,13.44843793
90.151605,13.44843793
90.161692,13.44843793
90.171782,13.44843314
90.181867,13.44842835
90.191954,13.44841877
90.202048,13.4484092
90.212138,13.44839962
90.222221,13.44839005
90.232313,13.44838047
90.2424,13.4483709
90.252485,13.44836132
90.26257,13.44835175
90.272658,13.44834217
90.282743,13.44833259
90.292826,13.44832302
90.302911,13.44831344
90.312998,13.44830387
90.323083,13.44829429
90.333168,13.4482895
90.343252,13.44827993
90.353336,13.44827514
90.363425,13.44827514
90.373512,13.44827035
90.383601,13.44826556
90.393686,13.44826556
90.403772,13.44826556
90.413856,13.44826556
90.423941,13.44826556
90.434028,13.44826556
90.444113,13.44826556
90.454208,13.44826556
90.464303,13.44826078
90.47439,13.44825599
90.484476,13.4482512
90.494566,13.44824641
90.50465,13.44824163
90.514739,13.44823205
90.524823,13.44822247
90.534913,13.4482129
90.545,13.44820332
90.555088,13.44819375
90.565177,13.44818417
90.575262,13.4481746
90.585349,13.44816502
90.595461,13.44815545
90.605555,13.44814587
90.615645,13.44813629
90.625731,13.44812672
90.635817,13.44811714
90.645907,13.44810757
90.656021,13.44809799
90.666107,13.44808842
90.676193,13.44807884
90.686278,13.44806926
90.696362,13.44805969
90.706448,13.44805011
90.716539,13.44804054
90.726624,13.44802617
90.736707,13.44801181
90.746792,13.44799266
90.756903,13.44797351
90.766985,13.44795436
90.777066,13.44793521
90.787148,13.44791605
90.797229,13.4478969
90.807312,13.44787775
90.817395,13.4478586
90.827481,13.44783945
90.837571,13.4478203
90.847657,13.44780115
90.857767,13.447782
90.867851,13.44776284
90.877935,13.44774848
90.888017,13.44773891
90.898102,13.44772933
90.908187,13.44771975
90.918272,13.44771018
90.92837,13.4477006
90.938463,13.44769103
90.94855,13.44768145
90.958634,13.44767188
90.968728,13.4476623
90.978816,13.44765273
90.988901,13.44764315
90.998993,13.44763357
91.009082,13.447624
91.019167,13.44761442
91.029258,13.44760485
91.039347,13.44759527
91.049438,13.4475857
91.059519,13.44757612
91.069602,13.44756654
91.079695,13.44755697
91.089788,13.44754739
91.099873,13.44753782
91.109958,13.44752824
91.120037,13.44751867
91.130129,13.44750909
91.14022,13.44749952
91.150313,13.44748994
91.160412,13.44748036
91.170495,13.44747079
91.180577,13.44746121
91.190669,13.44745164
91.200763,13.44744206
91.210861,13.44743249
91.220948,13.44742291
91.231035,13.44741333
91.241126,13.44740376
91.251215,13.44739418
91.261305,13.44738461
91.271404,13.44737503
91.281501,13.44736546
91.291593,13.44735588
91.301683,13.44734631
91.311775,13.44733673
91.321866,13.44732715
91.331956,13.44731758
91.342019,13.447308
91.352112,13.44729843
91.362201,13.44728885
91.372288,13.44727928
91.382377,13.4472697
91.392472,13.44726012
91.402564,13.44725055
91.412653,13.44724097
91.422736,13.4472314
91.432826,13.44722182
91.442915,13.44721225
91.453008,13.44720267
91.744477,13.4471931
91.754552,13.44718352
91.764624,13.44717394
91.774695,13.44716437
91.784763,13.44715479
91.794836,13.44714522
91.804904,13.44713564
91.814971,13.44712607
91.825038,13.44711649
91.835104,13.44710691
91.845179,13.44709734
91.855247,13.44708776
91.865315,13.44707819
91.875385,13.44706861
91.885461,13.44705904
91.895531,13.44704946
91.9056,13.44703989
91.91567,13.44703031
91.925742,13.44702073
91.935812,13.44701116
91.94588,13.44700158
91.955946,13.44699201
91.966013,13.44698243
91.976088,13.44697286
91.986159,13.44696328
91.996232,13.4469537
92.006303,13.44694413
92.016374,13.44693455
92.026443,13.44692498
92.036514,13.4469154
92.046587,13.44690583
92.056656,13.44689625
92.066722,13.44688668
92.076795,13.4468771
92.086866,13.44686752
92.096933,13.44685795
92.107003,13.44684837
92.117073,13.4468388
92.127141,13.44682922
92.137208,13.44681965
92.147276,13.44681007
92.157346,13.44680049
92.167416,13.44679092
92.177487,13.44678134
92.187557,13.44677177
92.197624,13.44676219
92.207693,13.44675262
92.217761,13.44674304
92.22783,13.44673347
92.237899,13.44672389
92.247969,13.44671431
92.258037,13.44670474
92.268105,13.44669516
92.278174,13.44668559
92.288241,13.44667601
92.298309,13.44666644
92.308375,13.44665686
92.318444,13.44664728
92.328513,13.44663771
92.33858,13.44662813
92.348648,13.44661856
92.358721,13.44660898
92.368801,13.44659941
92.378869,13.44658983
92.388941,13.44658026
92.399019,13.44657068
92.409092,13.4465611
92.419159,13.44655153
92.429226,13.44654195
92.439296,13.44653238
92.44937,13.4465228
92.459438,13.44651323
92.469511,13.44650365
92.479579,13.44649408
92.489685,13.4464845
92.499759,13.44647492
92.50983,13.44646535
92.519903,13.44645577
92.52997,13.4464462
92.540037,13.44643662
92.55011,13.44642705
92.560181,13.44641747
92.570251,13.44640789
92.58032,13.44639832
92.590386,13.44638874
92.600458,13.44637917
92.610541,13.44636959
92.620611,13.44636002
92.630681,13.44635044
92.640752,13.44634087
92.65082,13.44633129
92.660891,13.44632171
92.670965,13.44631214
92.681037,13.44630256
92.691107,13.44629299
92.701178,13.44628341
92.711247,13.44627384
92.721317,13.44626426
92.731386,13.44625468
92.741458,13.44624511
92.75153,13.44623553
92.7616,13.44622596
92.771669,13.44621638
92.781737,13.44620681
92.791805,13.44619723
92.801871,13.44618766
92.811939,13.44617808
92.822008,13.4461685
92.832076,13.44615893
92.842144,13.44614935
92.852213,13.44613978
92.86228,13.4461302
92.872349,13.44612063
92.882416,13.44611105
92.892484,13.44610147
92.902551,13.4460919
92.91262,13.44608232
92.922688,13.44607275
92.932768,13.44606317
92.942838,13.4460536
92.952908,13.44604402
92.96298,13.44603445
92.97305,13.44602487
92.983121,13.44602008
92.993191,13.44601529
93.003282,13.44601529
93.013356,13.44601529
93.023427,13.44602008
93.0335,13.44602487
93.04357,13.44603445
93.053644,13.44604402
93.063712,13.4460536
93.073779,13.44606317
93.083852,13.44607275
93.093919,13.44608232
93.103986,13.4460919
93.11406,13.44610147
93.124128,13.44611105
93.134277,13.44612063
93.144401,13.4461302
93.154474,13.44613978
93.164544,13.44614935
93.17462,13.44615893
93.18469,13.4461685
93.194758,13.44617808
93.204827,13.44618766
93.214898,13.44619723
93.224971,13.44620681
93.235042,13.44621638
93.245112,13.44622596
93.25518,13.44623553
93.265247,13.44624511
93.275322,13.44625468
93.285393,13.44626426
93.295461,13.44627384
93.305529,13.44628341
93.315601,13.44629299
93.32567,13.44630256
93.33574,13.44631214
93.34581,13.44632171
93.355883,13.44633129
93.365952,13.44634087
93.376022,13.44635044
93.386096,13.44636002
93.396166,13.44636959
93.406237,13.44637917
93.416305,13.44638874
93.426372,13.44639832
93.436444,13.44640789
93.446515,13.44641747
93.456585,13.44642705
93.466655,13.44643662
93.476727,13.4464462
93.486802,13.44645577
93.496873,13.44646535
93.506941,13.44647492
93.517014,13.4464845
93.527083,13.44649408
93.537157,13.44650365
93.547227,13.44651323
93.557299,13.4465228
93.56737,13.44653238
93.577441,13.44654195
93.587509,13.44655153
93.597586,13.4465611
93.607657,13.44657068
93.617727,13.44658026
93.627798,13.44658983
93.637866,13.44659941
93.647935,13.44660898
93.658004,13.44661856
93.668076,13.44662813
93.678146,13.44663771
93.688216,13.44664728
93.698285,13.44665686
93.708353,13.44666644
93.718423,13.44667601
93.728496,13.44668559
93.738565,13.44669516
93.748635,13.44670474
93.758714,13.44671431
93.768787,13.44672389
93.778855,13.44673347
93.788923,13.44674304
93.798995,13.44675262
93.809067,13.44676219
93.819136,13.44677177
93.829206,13.44678134
93.839278,13.44679092
93.849349,13.44680049
93.859417,13.44681007
93.86949,13.44681965
93.879561,13.44682922
93.889635,13.4468388
93.899704,13.44684837
93.909772,13.44685795
93.919844,13.44686752
93.929914,13.4468771
93.939983,13.44688668
93.950053,13.44689625
93.960126,13.44690583
93.970197,13.4469154
93.980264,13.44692977
93.990337,13.44694892
94.000414,13.44696807
94.010487,13.44698722
94.020555,13.44700637
94.030624,13.44702552
94.040697,13.44704467
94.050772,13.44706382
94.060841,13.44708298
94.070913,13.44710213
94.080986,13.44712128
94.091061,13.44714043
94.101131,13.44715958
94.111202,13.44717873
94.121275,13.44719788
94.131343,13.44721703
94.141414,13.44723619
94.151483,13.44725534
94.161557,13.44727449
94.171626,13.44729364
94.181693,13.44731279
94.191761,13.44733194
94.201829,13.44735109
94.211894,13.44737024
94.221961,13.4473894
94.232027,13.44740855
94.242093,13.4474277
94.25216,13.44744685
94.262236,13.447466
94.272312,13.44748515
94.282381,13.4475043
94.292455,13.44752345
94.302528,13.44754261
94.312598,13.44756176
94.322668,13.44758091
94.332735,13.44760006
94.342804,13.44761921
94.352871,13.44763836
94.362938,13.44765751
94.373004,13.44767666
94.383073,13.44769582
94.39314,13.44771497
94.403205,13.44773412
94.413272,13.44775327
94.423339,13.44777242
94.433407,13.44779157
94.443484,13.44781072
94.453558,13.44782987
94.463631,13.44784903
94.473701,13.44786818
94.483775,13.44788733
94.493849,13.44790648
94.503918,13.44792563
94.513986,13.44794478
94.524061,13.44796393
94.534136,13.44798308
94.544206,13.44800224
94.554282,13.44802139
94.564352,13.44804054
94.574423,13.44805969
94.584494,13.44807884
94.594567,13.44809799
94.604644,13.44811714
94.614712,13.44813629
94.624787,13.44815545
94.634858,13.4481746
94.644927,13.44819375
94.655,13.4482129
94.665071,13.44823205
94.675143,13.4482512
94.685215,13.44827035
94.695283,13.4482895
94.705355,13.44830866
94.71543,13.44832781
94.725502,13.44834696
94.735572,13.44836611
94.745643,13.44838526
94.755712,13.44840441
94.765786,13.44842356
94.77586,13.44844271
94.785929,13.44846187
94.796002,13.44848102
94.806076,13.44850017
94.816146,13.44851932
94.826216,13.44853847
94.83629,13.44855762
94.84636,13.44857677
94.856432,13.44859592
94.866504,13.44861507
94.876575,13.44863423
94.886643,13.44865338
94.896717,13.44867732
94.906785,13.44870126
94.916854,13.44872519
94.926931,13.44874913
94.937001,13.44877786
94.947071,13.4488018
94.957145,13.44883053
94.96722,13.44885925
94.977291,13.44888798
94.98736,13.44891671
94.997432,13.44894065
95.007507,13.44896459
95.017578,13.44898374
95.027647,13.44900289
95.037717,13.44902204
95.047791,13.44904119
95.057863,13.44906034
95.067934,13.44907949
95.078008,13.44909864
95.088081,13.4491178
95.09815,13.44913695
95.108217,13.4491561
95.118286,13.44917525
95.128355,13.4491944
95.138421,13.44921355
95.14849,13.4492327
95.158563,13.44925185
95.168635,13.449271
95.178704,13.44929016
95.18878,13.44930931
95.198851,13.44932846
95.208924,13.44934761
95.218994,13.44936676
95.229064,13.44938591
95.239138,13.44940506
95.249212,13.44942421
95.259281,13.44944337
95.269352,13.44946252
95.279426,13.44948167
95.289499,13.44950082
95.299568,13.44951997
95.309639,13.44953912
95.319711,13.44955827
95.329781,13.44957742
95.339849,13.44959658
95.349921,13.44961573
95.359997,13.44963488
95.370069,13.44965403
95.380138,13.44967318
95.390209,13.44969233
95.400281,13.44971148
95.410352,13.44973063
95.420422,13.44974979
95.430493,13.44976894
95.440565,13.44978809
95.450636,13.44980724
95.460707,13.44982639
95.470777,13.44984554
95.48085,13.44986469
95.490921,13.44988384
95.500989,13.449903
95.511061,13.44992215
95.521131,13.4499413
95.531201,13.44996045
95.541269,13.4499796
95.55134,13.44999875
95.561411,13.4500179
95.571481,13.45003705
95.581551,13.45005621
95.591619,13.45007536
95.601688,13.45009451
95.611762,13.45011366
95.621832,13.45013281
95.631903,13.45015196
95.641986,13.45017111
95.652055,13.45019026
95.66212,13.45020942
95.672188,13.45022857
95.682255,13.45024772
95.69232,13.45026687
95.702385,13.45028602
95.712451,13.45030517
95.722527,13.45032432
95.7326,13.45034347
95.742667,13.45036263
95.752753,13.45038178
95.762823,13.45040093
95.772896,13.45042008
95.782964,13.45043923
95.793032,13.45045838
95.803102,13.45047753
95.813169,13.45049668
95.823237,13.45051584
95.833306,13.45053499
95.843372,13.45055414
95.853443,13.45057329
95.863511,13.45059244
95.873578,13.45061638
95.883645,13.45064032
95.893717,13.45066905
95.903785,13.45069777
95.913852,13.4507265
95.92392,13.45075523
95.933987,13.45078395
95.944052,13.45080789
95.954125,13.45083662
95.964198,13.45086535
95.974274,13.45088928
95.984352,13.45091322
95.994442,13.45092759
96.004521,13.45094195
96.014606,13.45095631
96.024676,13.45097068
96.034764,13.45098504
96.044839,13.45100419
96.054915,13.45101856
96.065003,13.45103292
96.075073,13.45104728
96.085164,13.45106165
96.095235,13.4510808
96.105306,13.45109516
96.115383,13.45111431
96.125476,13.45113346
96.135577,13.45115261
96.145679,13.45117177
96.155753,13.45119092
96.166187,13.45121007
96.17658,13.45122922
96.186654,13.45124837
96.196753,13.45126752
96.206853,13.45128189
96.216948,13.45129625
96.227055,13.45130582
96.237162,13.4513154
96.247269,13.45132498
96.257368,13.45133455
96.267473,13.45134891
96.277571,13.45136328
96.287679,13.45137764
96.297786,13.451392
96.307897,13.45140158
96.318032,13.45141116
96.328135,13.45142073
96.338238,13.45143031
96.348337,13.45143988
96.358442,13.45144946
96.368545,13.45145903
96.378634,13.45146861
96.388728,13.45147819
96.398953,13.45148776
96.40905,13.45149734
96.41914,13.45150691
96.429242,13.45151649
96.439375,13.45152606
96.449483,13.45153564
96.459597,13.45154521
96.469715,13.45155479
96.479833,13.45156437
96.48995,13.45157394
96.500062,13.45158831
96.510175,13.45160267
96.520289,13.45161224
96.5304,13.45162661
96.540515,13.45164097
96.550629,13.45165055
96.560747,13.45166012
96.570857,13.4516697
96.580971,13.45167927
96.591082,13.45168885
96.601193,13.45169842
96.611355,13.451708
96.621473,13.45171758
96.631594,13.45172715
96.64171,13.45173673
96.651825,13.45175109
96.661941,13.45176545
96.672074,13.45178461
96.682198,13.45180376
96.692334,13.45182291
96.702455,13.45184206
96.712592,13.45186121
96.722719,13.45188036
96.732847,13.45189951
96.742956,13.45191866
96.753058,13.45193782
96.763151,13.45195697
96.773246,13.45197612
96.78334,13.45199527
96.793437,13.45201442
96.803532,13.45203357
96.813631,13.45205272
96.823727,13.45207187
96.833823,13.45209103
96.843919,13.45211018
96.854014,13.45212933
96.864107,13.45214848
96.8742,13.45216284
96.884295,13.45217721
96.894389,13.45219157
96.904482,13.45221072
96.914576,13.4522203
96.924726,13.45222987
96.935474,13.45223466
96.945687,13.45223945
96.95583,13.45223945
96.965951,13.45224902
96.976047,13.45225381
96.986137,13.45225381
96.996253,13.4522586
97.006369,13.45226339
97.016478,13.45227296
97.026592,13.45227775
97.0367,13.45228733
97.046813,13.4522969
97.056921,13.45230648
97.067026,13.45231126
97.077138,13.45231126
97.087247,13.45231126
97.097405,13.45231126
97.107564,13.45231126
97.117742,13.45231126
97.127947,13.45231126
97.138101,13.45231126
97.148289,13.45231126
97.158404,13.45231126
97.168522,13.45231126
97.178631,13.45231126
97.188744,13.45231126
97.198861,13.45231126
97.208967,13.45231126
97.219076,13.45231126
97.229189,13.45231126
97.239306,13.45231605
97.249416,13.45232084
97.259519,13.45232084
97.269619,13.45232084
97.27972,13.45232084
97.289864,13.45232084
97.29997,13.45232084
97.310091,13.45232084
97.320209,13.45232084
97.330341,13.45232084
97.340484,13.45232084
97.350702,13.45232084
97.360868,13.45232084
97.371021,13.45232084
97.3812,13.45232563
97.391347,13.4523352
97.401544,13.45234478
97.411707,13.45235435
97.421971,13.45236393
97.432151,13.45236872
97.442252,13.45237351
97.452348,13.45237829
97.462442,13.45238308
97.472541,13.45238787
97.482647,13.45239266
97.492743,13.45239744
97.502844,13.45240223
97.512947,13.45240702
97.523047,13.4524166
97.533147,13.45242617
97.543243,13.45243575
97.553343,13.45244532
97.563441,13.45245011
97.573537,13.4524549
97.583633,13.45245969
97.593731,13.45245969
97.603836,13.45246447
97.613934,13.45247405
97.624031,13.45248363
97.634134,13.4524932
97.644232,13.45250278
97.654328,13.45251235
97.664425,13.45252193
97.674525,13.4525315
97.684622,13.45254108
97.694716,13.45254587
97.704807,13.45255065
97.714899,13.45255544
97.724991,13.45255544
97.735081,13.45255544
97.745172,13.45255544
97.755269,13.45255544
97.765363,13.45255544
97.775465,13.45255544
97.785558,13.45255544
97.79565,13.45255544
97.805742,13.45255544
97.815833,13.45255544
97.825928,13.45255544
97.836021,13.45255544
97.84612,13.45255544
97.85622,13.45255544
97.866321,13.45255544
97.87643,13.45255544
97.886538,13.45255544
97.896647,13.45255065
97.906745,13.45254587
97.916839,13.45253629
97.926948,13.45252672
97.937041,13.45251714
97.947135,13.45250756
97.957229,13.45249799
97.967324,13.4524932
97.977417,13.45248363
97.987516,13.45247405
97.997616,13.45246926
98.007715,13.45246447
98.01781,13.45246447
98.027906,13.45245969
98.038006,13.4524549
98.048101,13.45245011
98.058194,13.45244532
98.068289,13.45243575
98.078399,13.45243096
98.088504,13.45242617
98.098598,13.45242138
98.108695,13.4524166
98.11879,13.45240702
98.128887,13.45240223
98.138983,13.45239266
98.149084,13.45238308
98.159184,13.45237351
98.169287,13.45236393
98.179383,13.45235435
98.189482,13.45234478
98.199587,13.4523352
98.209688,13.45232563
98.219786,13.45231605
98.229884,13.45231126
98.239985,13.45230648
98.250083,13.45231126
98.260176,13.45232084
98.270271,13.45233042
98.280369,13.45233999
98.290469,13.45233999
98.300564,13.45233999
98.310663,13.45233999
98.320763,13.4523352
98.330864,13.4523352
98.340959,13.45233999
98.351061,13.45234957
98.361182,13.45235914
98.371338,13.45236872
98.381908,13.45237829
98.392019,13.45238787
98.402126,13.45239744
98.412232,13.45240702
98.422328,13.4524166
98.432424,13.45242617
98.442534,13.45243575
98.452642,13.45244532
98.462744,13.4524549
98.472845,13.45246447
98.482943,13.45247405
98.493035,13.45248363
98.503173,13.4524932
98.51327,13.45250278
98.523371,13.45250756
98.533475,13.45251235
98.543569,13.45252193
98.553667,13.45252672
98.563768,13.4525315
98.573864,13.45254108
98.583956,13.45255065
98.594056,13.45256023
98.604163,13.45256981
98.614267,13.45257938
98.624383,13.45258896
98.634481,13.45259853
98.644579,13.45260811
98.654653,13.45261768
98.664724,13.45262726
98.674795,13.45263205
98.684865,13.45263684
98.694935,13.45263684
98.705006,13.45263684
98.715079,13.45263684
98.725154,13.45263684
98.735226,13.45263684
98.745299,13.45263684
98.755372,13.45263684
98.765449,13.45263684
98.775521,13.45263684
98.785594,13.45263684
98.795671,13.45263684
98.805747,13.45263684
98.815821,13.45263684
98.82589,13.45263684
98.835964,13.45263684
98.846006,13.45263684
98.856105,13.45263684
98.86621,13.45263684
98.876307,13.45263684
98.886403,13.45263684
98.896504,13.45264162
98.906606,13.45264641
98.916701,13.4526512
98.9268,13.4526512
98.936894,13.45265599
98.946987,13.45266077
98.957084,13.45267035
98.967187,13.45267993
98.977285,13.4526895
98.987382,13.45269429
98.997477,13.45269908
99.007681,13.45270865
99.017777,13.45271344
99.02788,13.45271823
99.038051,13.45271823
99.048159,13.45272302
99.058255,13.45272302
99.068354,13.45272302
99.07845,13.45272302
99.08856,13.4527278
99.09866,13.45273738
99.108762,13.45274696
99.118867,13.45275653
99.12898,13.45276611
99.139071,13.45277568
99.149158,13.45278526
99.159267,13.45279483
99.169367,13.45280441
99.179462,13.45281398
99.189553,13.45282356
99.199646,13.45283314
99.21025,13.45284271
99.220344,13.45285229
99.230444,13.45286186
99.240543,13.45287144
99.250638,13.45288101
99.260728,13.4528858
99.270828,13.45289059
99.280925,13.45290017
99.291025,13.45290974
99.301117,13.45291932
99.311217,13.45292889
99.321313,13.45293847
99.331412,13.45294804
99.341504,13.45295762
99.351598,13.45296719
99.361696,13.45297677
99.371796,13.45298635
99.381891,13.45299592
99.391992,13.4530055
99.402095,13.45301028
99.412187,13.45301028
99.42228,13.45301028
99.432387,13.45301028
99.442482,13.45301028
99.452578,13.45301507
99.46267,13.45301986
99.472779,13.45302465
99.482892,13.45302944
99.492996,13.45303422
99.50309,13.45303901
99.513186,13.4530438
99.523294,13.45304859
99.533404,13.45305337
99.543495,13.45305337
99.55359,13.45305337
99.563685,13.45305337
99.573783,13.45305337
99.583877,13.45305816
99.594006,13.45306295
99.604102,13.45306774
99.614196,13.45307731
99.62429,13.4530821
99.634385,13.4530821
99.644488,13.4530821
99.654581,13.4530821
99.664674,13.4530821
99.674769,13.4530821
99.684867,13.4530821
99.694959,13.4530821
99.705053,13.4530821
99.715146,13.45308689
99.725248,13.45309168
99.735352,13.45309647
99.745447,13.45310604
99.755543,13.45311562
99.76564,13.45312519
99.775735,13.45313477
99.785837,13.45314434
99.795933,13.45315392
99.806029,13.45316349
99.816121,13.45317307
99.826216,13.45318265
99.836336,13.45319222
99.846435,13.4532018
99.856532,13.45321137
99.866625,13.45322095
99.876718,13.45323052
99.886814,13.4532401
99.896911,13.45324968
99.907007,13.45325925
99.9171,13.45326883
99.927201,13.4532784
99.937311,13.45328798
99.947412,13.45329755
99.957513,13.45330713
99.967617,13.4533167
99.977711,13.45332628
99.987804,13.45333586
99.997897,13.45334543
100.007995,13.45335501
100.018086,13.45336458
100.028182,13.45337416
100.038277,13.45338373
100.048373,13.45339331
100.058467,13.45340289
100.068559,13.45341246
100.078655,13.45342204
100.088759,13.45343161
100.098861,13.45344119
100.108963,13.45345076
100.11906,13.45346034
100.12916,13.45346991
100.139265,13.45348428
100.149364,13.45349864
100.159468,13.453513
100.169559,13.45352737
100.179657,13.45354173
100.189758,13.45356088
100.199863,13.45358003
100.209959,13.45359919
100.220049,13.45361834
100.230142,13.4536327
100.240238,13.45364228
100.250335,13.45365185
100.260429,13.45366143
100.270519,13.453671
100.280612,13.45367579
100.290704,13.45368058
100.300795,13.45368537
100.3109,13.45369494
100.321015,13.45370452
100.331121,13.45371409
100.341217,13.45372846
100.35131,13.45374761
100.36142,13.45376197
100.371523,13.45376676
100.381616,13.45376676
100.391719,13.45376676
100.40182,13.45376676
100.411915,13.45376676
100.42201,13.45376676
100.432102,13.45376676
100.442211,13.45376676
100.452305,13.45376676
100.462398,13.45376676
100.47249,13.45376676
100.482589,13.45377155
100.492691,13.45377633
100.502795,13.45378591
100.512892,13.4537907
100.522984,13.45379549
100.533081,13.45380027
100.543177,13.45380985
100.553276,13.45381464
100.563378,13.45381942
100.573476,13.453829
100.583577,13.45383858
100.593677,13.45384815
100.603782,13.45385773
100.613885,13.4538673
100.623979,13.45387688
100.634078,13.45388645
100.64418,13.45389603
100.654278,13.45390082
100.664373,13.45390082
100.674472,13.45390082
100.684575,13.45390561
100.694672,13.45391039
100.704768,13.45391518
100.714868,13.45391518
100.724964,13.45391518
100.73506,13.45391518
100.74515,13.45391997
100.755249,13.45391997
100.765342,13.45391997
100.775438,13.45391997
100.785539,13.45391997
100.79564,13.45391997
100.805743,13.45391997
100.815838,13.45391997
100.825931,13.45391997
100.83603,13.45391997
100.846131,13.45391997
100.856229,13.45391997
100.866327,13.45391997
100.876425,13.45391997
100.88652,13.45391997
100.896618,13.45391997
100.906719,13.45391997
100.916815,13.45391997
100.926912,13.45391997
100.93701,13.45391997
100.947113,13.45391997
100.957215,13.45391997
100.967317,13.45391997
100.977413,13.45391997
100.987513,13.45391997
100.997612,13.45391997
101.007715,13.45391997
101.017812,13.45391997
101.027909,13.45391997
101.038015,13.45391997
101.048115,13.45391997
101.058211,13.45391997
101.06831,13.45391997
101.07841,13.45391997
101.08851,13.45391997
101.098606,13.45391997
101.108702,13.45391997
101.118799,13.45391997
101.128904,13.45391997
101.139,13.45391997
101.1491,13.45391997
101.159194,13.45391997
101.169291,13.45391997
101.179387,13.45391997
101.189481,13.45391997
101.199582,13.45391997
101.209676,13.45391997
101.219774,13.45391997
101.229869,13.45391997
101.239968,13.45391997
101.250063,13.45391997
101.260159,13.45391997
101.270256,13.45391997
101.280354,13.45391997
101.290455,13.45391997
101.300552,13.45391997
101.310656,13.45391997
101.32076,13.45391997
101.330857,13.45391997
101.340958,13.45391997
101.351056,13.45391997
101.361155,13.45391997
101.371255,13.45391997
101.381351,13.45391997
101.391452,13.45391997
101.401552,13.45391997
101.411653,13.45391997
101.42175,13.45391997
101.431851,13.45391997
101.441953,13.45391997
101.452052,13.45391997
101.462148,13.45391997
101.47225,13.45391997
101.482355,13.45391997
101.492454,13.45391997
101.502547,13.45391997
101.512644,13.45391997
101.522745,13.45391997
101.532842,13.45391997
101.542938,13.45391997
101.553036,13.45391997
101.563163,13.45391997
101.573255,13.45391997
101.583349,13.45391997
101.593443,13.45391997
101.603544,13.45391997
101.613647,13.45391997
101.623743,13.45391997
101.633841,13.45391997
101.643937,13.45391997
101.654036,13.45391997
101.664137,13.45391997
101.674234,13.45391997
101.684329,13.45391997
101.694427,13.45391997
101.704521,13.45391997
101.714618,13.45391997
101.724711,13.45391997
101.734809,13.45391997
101.744907,13.45391997
101.755003,13.45391997
101.765097,13.45391997
101.775196,13.45391997
101.785296,13.45391997
101.795392,13.45391997
101.805499,13.45391997
101.815603,13.45391997
101.825711,13.45391997
101.835809,13.45391997
101.845906,13.45391997
101.855998,13.45391997
101.866092,13.45391997
101.876185,13.45391997
101.886284,13.45391997
101.896381,13.45391997
101.906474,13.45391997
101.916564,13.45391997
101.926644,13.45391997
101.936722,13.45391997
101.946802,13.45391997
101.956879,13.45391997
101.966978,13.45391997
101.977057,13.45391997
101.987141,13.45391997
101.997227,13.45391997
102.007312,13.45391997
102.017393,13.45391997
102.027476,13.45391997
102.037561,13.45391518
102.047648,13.45390561
102.057732,13.45390082
102.067824,13.45389124
102.077917,13.45388167
102.088005,13.45387209
102.09809,13.45386251
102.108177,13.45385294
102.118262,13.45384336
102.128347,13.45383379
102.13843,13.45382421
102.148516,13.45381464
102.1586,13.45380027
102.168688,13.45378591
102.178779,13.45377155
102.188863,13.45375718
102.198948,13.45374282
102.209034,13.45372367
102.219622,13.45370452
102.230091,13.45368537
102.240324,13.45366621
102.250603,13.45365185
102.260683,13.45364228
102.270768,13.4536327
102.280854,13.45362312
102.290937,13.45360876
102.301016,13.4535944
102.311096,13.45358003
102.321178,13.45356567
102.331259,13.45355131
102.341338,13.45353694
102.351419,13.45352258
102.361499,13.45350822
102.37158,13.45348907
102.381663,13.45346991
102.391748,13.45345555
102.401838,13.45344598
102.411922,13.4534364
102.422004,13.45342682
102.432089,13.45341725
102.442166,13.45340767
102.452248,13.4533981
102.462337,13.45338852
102.47243,13.45337895
102.48252,13.45336937
102.492608,13.45335979
102.502702,13.45334543
102.512793,13.45333107
102.522881,13.45331192
102.532969,13.45329755
102.543053,13.45328319
102.553138,13.45326883
102.56322,13.45324968
102.573302,13.45323531
102.583385,13.45322095
102.593465,13.4532018
102.603553,13.45318265
102.613636,13.45316349
102.62373,13.45314434
102.633817,13.45312519
102.643905,13.45310604
102.653995,13.45308689
102.664082,13.45306774
102.67417,13.45305337
102.684259,13.4530438
102.694345,13.45303422
102.70443,13.45301986
102.714518,13.4530055
102.724608,13.45299113
102.734694,13.45298156
102.74478,13.45297198
102.754871,13.45296241
102.764958,13.45294804
102.775045,13.45293847
102.78513,13.45292889
102.795219,13.45291932
102.805308,13.45290974
102.815398,13.45290017
102.825485,13.45289059
102.835575,13.45288101
102.845665,13.45287144
102.855752,13.45286186
102.865839,13.45285229
102.875929,13.45284271
102.886015,13.45283314
102.896102,13.45282356
102.906192,13.45281398
102.916278,13.45280441
102.926363,13.45279483
102.936443,13.45278526
102.946525,13.45277568
102.956605,13.45276611
102.966722,13.45275653
102.976805,13.45274696
102.986887,13.45273738
102.996968,13.4527278
103.007049,13.45271823
103.017131,13.45270865
103.027215,13.45269908
103.037311,13.4526895
103.047396,13.45267993
103.05748,13.45267035
103.067588,13.45266077
103.077674,13.4526512
103.087763,13.45264162
103.097848,13.45263205
103.107938,13.45262247
103.118023,13.4526129
103.128108,13.45260332
103.138194,13.45259375
103.148282,13.45258417
103.158369,13.45257459
103.168456,13.45256502
103.178541,13.45255544
103.188625,13.45254587
103.198711,13.45253629
103.208797,13.45252672
103.218882,13.45251714
103.228968,13.45250756
103.239053,13.45249799
103.249141,13.45248841
103.259227,13.45247884
103.26931,13.45246926
103.279397,13.45245969
103.289482,13.45245011
103.299565,13.45244054
103.309647,13.45243096
103.319734,13.45242138
103.32982,13.45241181
103.339905,13.45240223
103.349993,13.45239266
103.360082,13.45238308
103.370167,13.45237351
103.380252,13.45236393
103.390357,13.45235435
103.400463,13.45234478
103.410556,13.4523352
103.420644,13.45232563
103.430732,13.45231605
103.440823,13.45230648
103.450911,13.4522969
103.461001,13.45228733
103.47109,13.45227775
103.481174,13.45226817
103.491256,13.4522586
103.501344,13.45224902
103.511426,13.45223945
103.52151,13.45222987
103.531598,13.4522203
103.541687,13.45221072
103.551767,13.45220114
103.561844,13.45219157
103.571929,13.45218199
103.582015,13.45217242
103.5921,13.45216284
103.602191,13.45215327
103.612277,13.45214369
103.622358,13.45213412
103.632443,13.45212454
103.642528,13.45211496
103.652614,13.45210539
103.662697,13.45209581
103.672781,13.45208624
103.682866,13.45207666
103.692955,13.45206709
103.703041,13.45205751
103.713126,13.45204793
103.723209,13.45203836
103.733295,13.45202878
103.74338,13.45201921
103.753474,13.45200963
103.763561,13.45200006
103.773645,13.45199048
103.783729,13.45198091
103.793816,13.45197133
103.803907,13.45196175
103.813994,13.45195218
103.824085,13.4519426
103.834172,13.45193303
103.844256,13.45192345
103.854343,13.45191388
103.864426,13.4519043
103.874512,13.45189472
103.884595,13.45188515
103.894679,13.45187557
103.904764,13.451866
103.914849,13.45185642
103.924941,13.45184685
103.935029,13.45183727
103.945114,13.4518277
103.955206,13.45181812
103.965311,13.45180854
103.975402,13.45179897
103.985488,13.45178939
103.995572,13.45177982
104.005661,13.45177024
104.015747,13.45176067
104.025833,13.45175109
104.035922,13.45174151
104.046007,13.45173194
104.056096,13.45172715
104.066182,13.45172715
104.076269,13.45172236
104.086366,13.45172236
104.096459,13.45172236
104.106546,13.45172236
104.116632,13.45172236
104.126721,13.45172236
104.136807,13.45172236
104.146894,13.45172236
104.156981,13.45172236
104.167065,13.45172236
104.177162,13.45171758
104.187248,13.451708
104.197337,13.45169842
104.207422,13.45168885
104.217508,13.45167927
104.227593,13.4516697
104.237677,13.45166012
104.247764,13.45165055
104.257848,13.45164097
104.267932,13.4516314
104.278019,13.45162182
104.288115,13.45161224
104.298201,13.45160267
104.308287,13.45159309
104.318374,13.45158352
104.32846,13.45157394
104.338547,13.45156437
104.348639,13.45155479
104.358725,13.45154521
104.368818,13.45153564
104.378903,13.45152606
104.388999,13.45151649
104.399094,13.45150691
104.409182,13.45149734
104.419265,13.45148776
104.429346,13.45147819
104.439431,13.45146861
104.449517,13.45145903
104.459601,13.45144946
104.469686,13.45143988
104.479774,13.45143031
104.489859,13.45142073
104.499944,13.45141116
104.510029,13.45140158
104.520113,13.451392
104.5302,13.45138243
104.540285,13.45137285
104.55037,13.45136328
104.560455,13.4513537
104.57054,13.45134413
104.580651,13.45133455
104.590736,13.45132498
104.600823,13.4513154
104.610913,13.45130582
104.621003,13.45129625
104.631092,13.45128667
104.641179,13.4512771
104.651264,13.45126752
104.661347,13.45125795
104.671432,13.45124837
104.681517,13.45123879
104.691604,13.45122922
104.701689,13.45121964
104.711776,13.45121007
104.721862,13.45120049
104.731948,13.45119092
104.742044,13.45117655
104.75213,13.45116219
104.762214,13.45114304
104.772298,13.45112389
104.782383,13.45110474
104.792466,13.45108558
104.802551,13.45106643
104.812636,13.45104728
104.82272,13.45102813
104.832812,13.45100898
104.842898,13.45098983
104.852985,13.45097068
104.863065,13.45095153
104.873152,13.45093238
104.883263,13.45091322
104.893349,13.45089407
104.903432,13.45087492
104.91352,13.45085577
104.923618,13.45083662
104.933713,13.45081747
104.9438,13.45079832
104.953897,13.45077917
104.963987,13.45076001
104.974101,13.45074086
104.984265,13.45072171
104.99435,13.45070256
105.004442,13.45068341
105.01453,13.45066426
105.024613,13.45064511
105.034698,13.45062596
105.044782,13.4506068
105.054867,13.45058765
105.064955,13.4505685
105.07504,13.45054935
105.085125,13.4505302
105.095213,13.45051105
105.105299,13.4504919
105.115389,13.45047275
105.125484,13.45045359
105.135574,13.45043444
105.14566,13.45041529
105.155749,13.45039614
105.165838,13.45037699
105.175934,13.45035784
105.186021,13.45033869
105.196104,13.45031954
105.206188,13.45030038
105.216271,13.45028123
105.226353,13.45026208
105.236437,13.45024293
105.246523,13.45022378
105.256699,13.45020463
105.266874,13.45018548
105.277391,13.45016633
105.287743,13.45014717
105.297829,13.45012802
105.307913,13.45010887
105.318,13.45008972
105.328085,13.45007057
105.338175,13.45005142
105.348258,13.45003227
105.358344,13.45001312
105.368427,13.44999396
105.378513,13.44997481
105.388602,13.44995566
105.398689,13.44993651
105.408773,13.44991736
105.418857,13.44989821
105.428941,13.44987906
105.439027,13.44985991
105.449112,13.44984075
105.459197,13.4498216
105.469281,13.44980245
105.479367,13.44977851
105.489481,13.44975457
105.499564,13.44972585
105.50965,13.44969712
105.519736,13.44966839
105.529822,13.44963967
105.539908,13.44961094
105.549992,13.44958221
105.560078,13.44955349
105.570163,13.44952476
105.580246,13.44949603
105.590357,13.44946731
105.600439,13.44943858
105.610525,13.44940985
105.620609,13.44938112
105.630692,13.4493524
105.640775,13.44932367
105.650857,13.44929494
105.660938,13.44926622
105.67103,13.44923749
105.681118,13.44920876
105.691231,13.44918004
105.701316,13.44915131
105.711406,13.44912258
105.721495,13.44909386
105.731586,13.44906513
105.741674,13.4490364
105.751774,13.44900768
105.761864,13.44897895
105.771952,13.44895022
105.782038,13.44892149
105.792128,13.44889277
105.802214,13.44886404
105.812304,13.44883531
105.822389,13.44880659
105.832474,13.44877786
105.842564,13.44874913
105.852655,13.44872041
105.862741,13.44869168
105.87283,13.44866295
105.882918,13.44863423
105.893029,13.4486055
105.903113,13.44857677
105.913199,13.44854805
105.923289,13.44851932
105.933376,13.44849059
105.943459,13.44846187
105.953547,13.44842835
105.963638,13.44839484
105.973726,13.44836132
105.983813,13.44833259
105.993928,13.44830387
106.004017,13.44827514
106.014105,13.44824641
106.02419,13.44821769
106.034276,13.44818417
106.044363,13.44815066
106.05445,13.44811714
106.064535,13.44808363
106.074626,13.44804533
106.084717,13.44800702
106.094805,13.44796872
106.104886,13.44793042
106.114971,13.44789212
106.125053,13.44785381
106.135137,13.44781551
106.145234,13.44777721
106.155318,13.44773891
106.165402,13.4477006
106.175498,13.4476623
106.185582,13.447624
106.195671,13.44759048
106.205757,13.44756176
106.215839,13.44753303
106.225923,13.4475043
106.236006,13.44747558
106.246089,13.44744685
106.256172,13.44741812
106.266256,13.4473894
106.276338,13.44736067
106.286419,13.44733194
106.296502,13.44730321
106.306591,13.44727449
106.316676,13.44724576
106.326761,13.44721703
106.336845,13.4471931
106.346931,13.44717394
106.357013,13.44715001
106.367095,13.44713085
106.377178,13.44710691
106.387269,13.44708776
106.397362,13.44706382
106.4075,13.44703989
106.41759,13.44701116
106.427675,13.44698243
106.437768,13.4469537
106.447858,13.44692977
106.457946,13.44690583
106.468032,13.44688189
106.478125,13.44685795
106.488212,13.44683401
106.498295,13.44681007
106.50838,13.44678134
106.51847,13.44675262
106.528551,13.44672389
106.538636,13.44669516
106.548722,13.44666644
106.558808,13.44663771
106.568894,13.44660898
106.578977,13.44658026
106.589061,13.44655153
106.59915,13.4465228
106.609232,13.44649408
106.619312,13.44646535
106.629392,13.44643662
106.639575,13.44640789
106.649661,13.44637917
106.659749,13.44635044
106.669834,13.44632171
106.67992,13.44629299
106.690053,13.44626426
106.70014,13.44623553
106.710228,13.44620681
106.720309,13.44617808
106.730399,13.44614935
106.740484,13.44612063
106.750573,13.4460919
106.760655,13.44606796
106.770746,13.44604402
106.780828,13.44602487
106.790924,13.44600572
106.801018,13.44598657
106.811106,13.44596742
106.821192,13.44594826
106.831288,13.44592911
106.84138,13.44590996
106.851491,13.44589081
106.86158,13.44587166
106.871669,13.44585251
106.88176,13.44583336
106.891851,13.44581421
106.901942,13.44579505
106.912033,13.4457759
106.922127,13.44575675
106.93222,13.4457376
106.942313,13.44571845
106.952405,13.4456993
106.9625,13.44568015
106.972594,13.445661
106.982684,13.44564184
106.992783,13.44562269
107.002871,13.44560354
107.012958,13.44558439
107.023042,13.44556524
107.03313,13.44554609
107.043214,13.44552694
107.053302,13.44550779
107.063386,13.44548863
107.073471,13.44546948
107.083557,13.44545033
107.093644,13.44543118
107.103731,13.44541203
107.11382,13.44539288
107.123905,13.44537373
107.134001,13.44535458
107.144085,13.44533543
107.154168,13.44531627
107.164251,13.44529712
107.174334,13.44527797
107.184419,13.44525882
107.194503,13.44523967
107.204597,13.44522052
107.214682,13.44520137
107.224768,13.44518222
107.234858,13.44516306
107.244947,13.44514391
107.255036,13.44512476
107.265121,13.44510561
107.275209,13.44508646
107.2853,13.44506731
107.295386,13.44504816
107.305472,13.44502901
107.315557,13.44500985
107.325647,13.4449907
107.33573,13.44497155
107.345816,13.4449524
107.355902,13.44493325
107.366005,13.4449141
107.376086,13.44489495
107.38617,13.4448758
107.396259,13.44485664
107.406341,13.44483749
107.416423,13.44481834
107.426509,13.44479919
107.436598,13.44478004
107.446687,13.44476089
107.456773,13.44474174
107.466857,13.44472259
107.476938,13.44470343
107.487028,13.44468428
107.497111,13.44466992
107.507194,13.44465556
107.517283,13.44464598
107.527369,13.4446364
107.537451,13.44462683
107.547535,13.44461725
107.55762,13.44460768
107.567709,13.4445981
107.577794,13.44458853
107.587876,13.44457895
107.59796,13.44456938
107.608047,13.4445598
107.618143,13.44455022
107.62823,13.44454065
107.638319,13.44453107
107.648401,13.4445215
107.658482,13.44451192
107.668567,13.44450235
107.678652,13.44449277
107.688739,13.44448319
107.698822,13.44447362
107.708908,13.44446404
107.718997,13.44445447
107.729087,13.44444489
107.739169,13.44443053
107.749251,13.44441617
107.759332,13.44439701
107.769424,13.44437786
107.779506,13.44435871
107.789593,13.44433956
107.799684,13.44432041
107.809774,13.44430126
107.81986,13.44428211
107.82995,13.44426296
107.840039,13.4442438
107.850128,13.44422465
107.86022,13.4442055
107.870304,13.44418635
107.880395,13.4441672
107.890482,13.44414805
107.900565,13.4441289
107.91065,13.44410975
107.920737,13.44409059
107.930825,13.44407144
107.940909,13.44405229
107.950994,13.44403314
107.961076,13.44401399
107.971166,13.44399963
107.981252,13.44398526
107.991334,13.4439709
108.001423,13.44395175
108.011505,13.4439326
108.021588,13.44391345
108.031675,13.44389429
108.041762,13.44387514
108.051851,13.44386078
108.061934,13.44384642
108.072019,13.44383205
108.082105,13.44381769
108.092189,13.44380811
108.102273,13.44379854
108.112356,13.44378896
108.122446,13.44377939
108.132531,13.44376981
108.142629,13.44376024
108.152717,13.44375066
108.162798,13.44374108
108.172887,13.44373151
108.182977,13.44372193
108.193072,13.44371236
108.203162,13.44370278
108.213247,13.44369321
108.223332,13.44368363
108.233419,13.44367405
108.243536,13.44366448
108.253629,13.4436549
108.263716,13.44364533
108.273805,13.44363575
108.283896,13.44362618
108.294162,13.4436166
108.304352,13.44360703
108.314569,13.44359745
108.326012,13.44358787
108.3361,13.4435783
108.346186,13.44356872
108.356275,13.44355436
108.366384,13.44353521
108.376474,13.44352084
108.38657,13.44350169
108.39666,13.44348733
108.406752,13.44346818
108.416834,13.44344903
108.426962,13.44342509
108.437049,13.44340594
108.447134,13.44338679
108.457212,13.44336764
108.467293,13.4433437
108.477381,13.44331976
108.487693,13.44329582
108.497774,13.44327188
108.507857,13.44324794
108.517944,13.443224
108.528025,13.44320485
108.538105,13.4431857
108.54819,13.44316655
108.558276,13.4431474
108.56836,13.44312824
108.578442,13.44310909
108.588524,13.44308994
108.598635,13.44307079
108.608724,13.44305164
108.618804,13.44303249
108.628889,13.44301334
108.638987,13.44299419
108.649072,13.44297503
108.659154,13.44295588
108.669232,13.44293673
108.67931,13.44291758
108.689399,13.44289843
108.699477,13.44287928
108.709559,13.44286013
108.719655,13.44284098
108.72975,13.44282182
108.739835,13.44280267
108.74993,13.44278352
108.760018,13.44276437
108.770107,13.44274522
108.780191,13.44272607
108.79028,13.44270692
108.800367,13.44268777
108.81045,13.44266861
108.820533,13.44264946
108.83062,13.44263031
108.840708,13.44261116
108.850796,13.44259201
108.860884,13.44257286
108.87097,13.44255371
108.881058,13.44253456
108.891147,13.4425154
108.901232,13.44249625
108.911344,13.4424771
108.921431,13.44245795
108.931513,13.4424388
108.941596,13.44241965
108.95168,13.4424005
108.961769,13.44238135
108.971855,13.44236219
108.981941,13.44234304
108.992026,13.44232389
109.002113,13.44230474
109.012223,13.44228559
109.022308,13.44226644
109.032394,13.44224729
109.042479,13.44222814
109.052563,13.44220898
109.062647,13.44218983
109.072735,13.44217068
109.082824,13.44215153
109.092916,13.44213238
109.103003,13.44211323
109.113149,13.44209408
109.123244,13.44207493
109.133334,13.44205578
109.143428,13.44203662
109.153513,13.44201747
109.163608,13.44199832
109.173716,13.44197917
109.183807,13.44196002
109.193893,13.44194087
109.204001,13.44192172
109.214138,13.44190257
109.22424,13.44188341
109.234327,13.44186426
109.244406,13.44184511
109.254489,13.44182596
109.264568,13.44180681
109.274656,13.44178766
109.284737,13.44176851
109.294817,13.44174936
109.304897,13.4417302
109.315042,13.44171105
109.325137,13.4416919
109.335218,13.44167275
109.3453,13.4416536
109.355385,13.44163445
109.365471,13.4416153
109.375554,13.44159615
109.385637,13.44157699
109.395727,13.44155784
109.405818,13.44153869
109.415966,13.44151954
109.426056,13.44150039
109.436147,13.44148124
109.446237,13.44146209
109.456322,13.44144294
109.466404,13.44142378
109.476489,13.44140463
109.486577,13.44138548
109.496667,13.44136633
109.506807,13.44134718
109.516917,13.44132803
109.527006,13.44130888
109.537093,13.44128973
109.547182,13.44127057
109.55727,13.44125142
109.567358,13.44123227
109.577446,13.44121312
109.587532,13.44119397
109.597624,13.44117482
109.607714,13.44115567
109.617828,13.44113652
109.627915,13.44111736
109.638015,13.44109821
109.648106,13.44107906
109.658195,13.44105991
109.668284,13.44104076
109.678372,13.44102161
109.688463,13.44100246
109.698548,13.44098331
109.70863,13.44096415
109.71872,13.440945
109.728808,13.44092585
109.738889,13.4409067
109.748972,13.44088755
109.759061,13.44087319
109.769153,13.44085882
109.779238,13.44084925
109.789323,13.44083967
109.799413,13.4408301
109.809501,13.44082052
109.819592,13.44081094
109.829679,13.44080137
109.839771,13.44079179
109.849862,13.44078222
109.859948,13.44077264
109.870043,13.44076307
109.880134,13.44075349
109.890222,13.44074392
109.900308,13.44073434
109.910396,13.44072476
109.920487,13.44071519
109.930579,13.44070561
109.940666,13.44069604
109.950755,13.44068646
109.960847,13.44067689
109.970934,13.44066731
109.981013,13.44065773
109.991102,13.44064816
110.001187,13.44063858
110.011277,13.44062901
110.021392,13.44061943
110.031482,13.44060986
110.041575,13.44060028
110.051661,13.44059071
110.061745,13.44058113
110.071835,13.44057155
110.081923,13.44056198
110.092012,13.4405524
110.102098,13.44054283
110.112187,13.44053325
110.122277,13.44052368
110.132365,13.4405141
110.14245,13.44050452
110.152539,13.44049495
110.162627,13.44048537
110.172727,13.4404758
110.182816,13.44046622
110.192904,13.44045665
110.20299,13.44044707
110.213078,13.4404375
110.223165,13.44042792
110.233254,13.44041834
110.243341,13.44040877
110.253426,13.44039919
110.263511,13.44038962
110.273599,13.44038004
110.283687,13.44037047
110.293773,13.44036089
110.303859,13.44035131
110.313943,13.44034174
110.324028,13.44033216
110.334113,13.44032259
110.344203,13.44031301
110.354286,13.44030344
110.364371,13.44029386
110.374456,13.44028429
110.384538,13.44027471
110.394631,13.44026513
110.404731,13.44025556
110.41483,13.44024598
110.424918,13.44023641
110.435,13.44023162
110.445092,13.44023162
110.45518,13.44023162
110.465261,13.44023162
110.475356,13.44023162
110.485444,13.44023162
110.495531,13.44023162
110.505617,13.44023162
110.515699,13.44023162
110.525843,13.44023162
110.53594,13.44023162
110.546024,13.44023162
110.556117,13.44023162
110.566209,13.44023162
110.576299,13.44023162
110.58639,13.44023162
110.596478,13.44023162
110.606567,13.44023162
110.616654,13.44023162
110.626771,13.44023162
110.636864,13.44023162
110.646952,13.44023162
110.657033,13.44023162
110.667123,13.44023162
110.677215,13.44023162
110.687301,13.44023162
110.697387,13.44023162
110.707474,13.44023162
110.717563,13.44023162
110.727676,13.44023162
110.73776,13.44023162
110.747846,13.44023162
110.757931,13.44023162
110.768018,13.44023162
110.778102,13.44023162
110.788185,13.44023162
110.798273,13.44023162
110.808357,13.44023162
110.818435,13.44023162
110.828543,13.44023162
110.838628,13.44023162
110.848709,13.44023162
110.858792,13.44023162
110.868876,13.44023162
110.878966,13.44023162
110.889052,13.44023162
110.899137,13.44023162
110.909221,13.44023162
110.91931,13.44023162
110.929397,13.44023162
110.939481,13.44023162
110.949565,13.44023162
110.959653,13.44023162
110.969738,13.44023162
110.979824,13.44023162
110.989905,13.44023162
110.999996,13.44023162
111.010083,13.44023162
111.020163,13.44023162
111.030251,13.44023162
111.04034,13.44023162
111.050424,13.44023162
111.060508,13.44023162
111.07059,13.44023162
111.080675,13.44023162
111.090762,13.44023162
111.100846,13.44023162
111.110931,13.44023162
111.121017,13.44023162
111.131101,13.44023162
111.141188,13.44023162
111.151276,13.44023162
111.161377,13.44023162
111.171466,13.44023162
111.181551,13.44023162
111.191638,13.44023162
111.201721,13.44023162
111.211805,13.44023162
111.221889,13.44023162
111.231973,13.44023162
111.242057,13.44023162
111.252142,13.44023162
111.262227,13.44023162
111.272312,13.44023162
111.282398,13.44023162
111.292483,13.44023162
111.302567,13.44023162
111.312653,13.44023162
111.322741,13.44023162
111.333193,13.44023162
111.343277,13.44023162
111.353588,13.44023162
111.363668,13.44023162
111.373758,13.44023162
111.383841,13.44023162
111.393931,13.44022683
111.404022,13.44022204
111.414108,13.44021726
111.424195,13.44021726
111.434289,13.44021726
111.444376,13.44021726
111.454459,13.44021726
111.464543,13.44021726
111.474629,13.44021247
111.484711,13.44020768
111.494794,13.44020768
111.504877,13.44020768
111.514961,13.44020768
111.525043,13.44020768
111.535125,13.44020768
111.545207,13.44020768
111.55529,13.44020768
111.565376,13.44020768
111.575461,13.44020768
111.585549,13.44020768
111.595632,13.44020768
111.605715,13.44020768
111.615797,13.44020768
111.625878,13.44020768
111.63596,13.44020768
111.646044,13.44020768
111.656123,13.44020768
111.666204,13.44020768
111.676285,13.44020289
111.686367,13.44019332
111.696445,13.44018374
111.706526,13.44017417
111.716615,13.44016938
111.726704,13.44016459
111.736796,13.44016459
111.746884,13.44016459
111.756971,13.44016459
111.767059,13.44016459
111.777148,13.44016459
111.787234,13.44016459
111.797365,13.44016459
111.807454,13.44016459
111.817544,13.44016459
111.827628,13.44016459
111.837705,13.4401598
111.847787,13.4401598
111.857867,13.4401598
111.86795,13.4401598
111.87803,13.4401598
111.888128,13.4401598
111.898209,13.4401598
111.908286,13.4401598
111.918375,13.4401598
111.928468,13.4401598
111.93856,13.4401598
111.948657,13.4401598
111.95874,13.4401598
111.968823,13.4401598
111.978903,13.4401598
111.988997,13.4401598
111.999097,13.44015501
112.009184,13.44015023
112.019268,13.44014544
112.029373,13.44014544
112.039459,13.44014544
112.049543,13.44014544
112.059622,13.44014544
112.069713,13.44014544
112.079813,13.44014544
112.089894,13.44014544
112.099974,13.44014544
112.110058,13.44014544
112.120145,13.44014544
112.130222,13.44014544
112.140313,13.44014544
112.150404,13.44014544
112.160496,13.44014544
112.170585,13.44014544
112.180674,13.44014544
112.190765,13.44014544
112.20086,13.44014544
112.210964,13.44014544
112.221049,13.44014544
112.231145,13.44014544
112.241245,13.44014544
112.251357,13.44014544
112.26144,13.44014544
112.271521,13.44014544
112.281609,13.44014544
112.291691,13.44014544
112.301772,13.44014544
112.311867,13.44014544
112.321954,13.44014544
112.332039,13.44014544
112.342119,13.44014544
112.352242,13.44014544
112.362334,13.44014544
112.372418,13.44014544
112.382503,13.44014544
112.392597,13.44014544
112.402707,13.44014544
112.412796,13.44014544
112.422877,13.44014544
112.432963,13.44014544
112.443046,13.44014544
112.45314,13.44014544
112.463225,13.44014544
112.473307,13.44014544
112.483396,13.44014544
112.493481,13.44014544
112.503563,13.44014544
112.513649,13.44014544
112.523742,13.44014544
112.533823,13.44014544
112.543924,13.44014544
112.554008,13.44014544
112.5641,13.44014544
112.574191,13.44014544
112.584273,13.44014544
112.594364,13.44014544
112.604461,13.44014544
112.61455,13.44014544
112.624636,13.44014544
112.634723,13.44014544
112.644806,13.44014544
112.654905,13.44014544
112.664987,13.44014544
112.675074,13.44014544
112.685157,13.44014544
112.695248,13.44014544
112.705369,13.44014544
112.715454,13.44014544
112.725541,13.44014544
112.735624,13.44014544
112.745713,13.44014544
112.755798,13.44014544
112.765881,13.44014544
112.775965,13.44014544
112.786049,13.44014544
112.796135,13.44014544
112.806226,13.44014544
112.816309,13.44014544
112.826395,13.44014544
112.836508,13.44014544
112.846593,13.44014544
112.856675,13.44014544
112.866757,13.44014544
112.876841,13.44014544
112.886927,13.44014544
112.897013,13.44014544
112.907099,13.44014544
112.91719,13.44014544
112.927275,13.44014544
112.93736,13.44014544
112.947449,13.44014544
112.957539,13.44014544
112.967649,13.44014544
112.977733,13.44014544
112.987872,13.44014544
112.997955,13.44014544
113.00804,13.44014544
113.018121,13.44014544
113.028201,13.44014544
113.03838,13.44014544
113.048465,13.44014544
113.058545,13.44014544
113.068628,13.44014544
113.078713,13.44014544
113.088795,13.44014544
113.098877,13.44014544
113.108965,13.44014544
113.119053,13.44014544
113.129137,13.44014544
113.139239,13.44014544
113.149328,13.44014544
113.159413,13.44014544
113.169494,13.44014544
113.179575,13.44014544
113.189658,13.44014544
113.199743,13.44014544
113.20983,13.44014544
113.219912,13.44014544
113.230011,13.44014544
113.240155,13.44014544
113.250245,13.44014544
113.260329,13.44014544
113.270415,13.44014544
113.280506,13.44014544
113.290593,13.44014544
113.300675,13.44014544
113.310761,13.44014544
113.320848,13.44014544
113.330932,13.44014544
113.341044,13.44014544
113.35113,13.44014544
113.361215,13.44014544
113.371298,13.44014544
113.38138,13.44014544
113.391531,13.44014544
113.401619,13.44014544
113.411704,13.44015023
113.421786,13.44015501
113.431886,13.4401598
113.442,13.4401598
113.452083,13.4401598
113.462164,13.4401598
113.472245,13.4401598
113.484005,13.4401598
113.494102,13.44016459
113.504179,13.44016938
113.514264,13.44016938
113.52435,13.44016938
113.534441,13.44016938
113.544524,13.44016938
113.554607,13.44016938
113.564765,13.44016938
113.574854,13.44016938
113.584935,13.44016938
113.59502,13.44016938
113.605122,13.44016938
113.615229,13.44016938
113.625318,13.44016938
113.635403,13.44016938
113.645488,13.44016938
113.655569,13.44016938
113.665647,13.44016938
113.675729,13.44016938
113.685813,13.44016938
113.695899,13.44017417
113.706,13.44018374
113.716082,13.44019332
113.726165,13.44020289
113.736244,13.44020768
113.746349,13.44021247
113.756444,13.44021247
113.766533,13.44021247
113.776615,13.44021247
113.7867,13.44021247
113.796791,13.44021247
113.806878,13.44021247
113.816964,13.44021247
113.827056,13.44021247
113.837144,13.44021247
113.847231,13.44021247
113.857323,13.44021726
113.867409,13.44021726
113.877503,13.44021726
113.887597,13.44021726
113.897697,13.44021726
113.90779,13.44021726
113.917887,13.44021726
113.927974,13.44021726
113.938056,13.44021726
113.94814,13.44021726
113.95823,13.44021726
113.968316,13.44021726
113.978398,13.44021726
113.988481,13.44021726
113.998574,13.44021726
114.008661,13.44021726
114.01875,13.44022204
114.028836,13.44022683
114.038918,13.44023162
114.049009,13.44023162
114.059106,13.44023162
114.069198,13.44023162
114.079289,13.44023162
114.089386,13.44023162
114.099473,13.44023162
114.10969,13.44023162
114.119778,13.44023162
114.129862,13.44023162
114.139944,13.44023162
114.150029,13.44023162
114.160115,13.44023162
114.170201,13.44023162
114.180284,13.44023162
114.190369,13.44023162
114.200453,13.44023162
114.210536,13.44023162
114.220623,13.44023162
114.230709,13.44023162
114.24082,13.44023162
114.25091,13.44023162
114.260994,13.44023162
114.271078,13.44023162
114.281164,13.44023162
114.291251,13.44023162
114.301334,13.44023162
114.311417,13.44023162
114.321503,13.44023162
114.331587,13.44023162
114.34167,13.44023162
114.351756,13.44023162
114.361844,13.44023162
114.372395,13.44023162
114.383132,13.44023162
114.393317,13.44023162
114.403398,13.44023162
114.413496,13.44023162
114.423583,13.44023162
114.433667,13.44023162
114.44382,13.44023162
114.453902,13.44023162
114.463983,13.44023162
114.474065,13.44023162
114.484146,13.44023162
114.494226,13.44023162
114.504307,13.44023162
114.514391,13.44023162
114.524472,13.44023162
114.534554,13.44023162
114.544644,13.44023162
114.554722,13.44023162
114.564802,13.44023162
114.574887,13.44023162
114.584968,13.44023162
114.59505,13.44023162
114.605137,13.44023162
114.61522,13.44023162
114.625303,13.44023162
114.635394,13.44023162
114.6455,13.44023162
114.655578,13.44023162
114.665659,13.44023162
114.675781,13.44023162
114.685864,13.44023162
114.695944,13.44023162
114.706021,13.44023162
114.716101,13.44023162
114.726181,13.44023162
114.736261,13.44023162
114.746339,13.44023641
114.756421,13.44024119
114.766503,13.44024598
114.776584,13.44025077
114.786664,13.44025556
114.796746,13.44026035
114.806828,13.44026992
114.816909,13.4402795
114.826991,13.44028907
114.837072,13.44029865
114.847156,13.44030822
114.85724,13.4403178
114.867321,13.44032738
114.877404,13.44033695
114.887489,13.44034653
114.897573,13.4403561
114.907664,13.44036568
114.91775,13.44037525
114.927834,13.44038483
114.937918,13.4403944
114.948027,13.44040398
114.958112,13.44041356
114.968198,13.44042313
114.978284,13.44043271
114.988367,13.44044228
114.998452,13.44045186
115.008535,13.44046143
115.018626,13.44047101
115.028718,13.44048059
115.038807,13.44049016
115.048901,13.44049974
115.05899,13.44050931
115.069076,13.44051889
115.079169,13.44052846
115.089262,13.44053804
115.099346,13.44054761
115.109434,13.44055719
115.119526,13.44056677
115.129612,13.44057634
115.139696,13.44058592
115.149786,13.44059549
115.159877,13.44060507
115.169963,13.44060986
115.180045,13.44061464
115.190131,13.44062422
115.200212,13.4406338
115.210301,13.44064337
115.220387,13.44064816
115.23047,13.44064816
115.240554,13.44064816
115.250641,13.44064816
115.260727,13.44064816
115.270812,13.44065295
115.280904,13.44065773
115.290988,13.44066731
115.301074,13.44067689
115.311159,13.44068167
115.321246,13.44069125
115.331331,13.44070082
115.341414,13.44070561
115.351502,13.4407104
115.361586,13.44071519
115.371672,13.44071998
115.381758,13.44072476
115.391855,13.44072476
115.401952,13.44072476
115.412037,13.44072476
115.422126,13.44072476
115.432215,13.44072476
115.442302,13.44072476
115.452394,13.44072476
115.462481,13.44072476
115.472568,13.44072476
115.482661,13.44072476
115.492749,13.44072476
115.502834,13.44072476
115.512922,13.44072476
115.523011,13.44072476
115.533099,13.44072476
115.543185,13.44072476
115.553275,13.44072476
115.563366,13.44072476
115.573452,13.44072476
115.583541,13.44072476
115.59363,13.44072476
115.603726,13.44072476
115.613811,13.44072476
115.623896,13.44072476
115.634006,13.44072476
115.644095,13.44072476
115.654188,13.44072476
115.664273,13.44072476
115.674361,13.44072476
115.684451,13.44072476
115.694536,13.44072476
115.70462,13.44072476
115.714709,13.44072476
115.724796,13.44072476
115.734879,13.44072476
115.744961,13.44072476
115.755046,13.44072476
115.76513,13.44072476
115.775214,13.44072476
115.785297,13.44072476
115.79539,13.44072476
115.805485,13.44072476
115.815604,13.44072476
115.825695,13.44072476
115.835792,13.44072476
115.845884,13.44072476
115.85597,13.44072476
115.86606,13.44072476
115.876245,13.44072476
115.886508,13.44072476
115.896592,13.44072476
115.906683,13.44072476
115.916775,13.44072476
115.92686,13.44072476
115.936955,13.44072476
115.947044,13.44072476
115.957135,13.44072476
115.967223,13.44072476
115.977312,13.44072476
115.987406,13.44072476
115.997495,13.44072476
116.007583,13.44072476
116.017669,13.44072476
116.027754,13.44072476
116.037843,13.44072476
116.04793,13.44072476
116.058015,13.44072476
116.068104,13.44072476
116.078185,13.44072476
116.088266,13.44072476
116.098344,13.44072476
116.108426,13.44072476
116.118525,13.44072476
116.128612,13.44072476
116.138703,13.44072476
116.148788,13.44072476
116.158883,13.44072476
116.168982,13.44072476
116.179071,13.44072476
116.189162,13.44072476
116.199249,13.44072476
116.209334,13.44072476
116.21942,13.44072476
116.229512,13.44072476
116.239602,13.44072476
116.24969,13.44072476
116.25977,13.44072476
116.26986,13.44072476
116.279947,13.44072476
116.290049,13.44072476
116.30013,13.44072476
116.31022,13.44072476
116.320326,13.44072476
116.330416,13.44072476
116.340495,13.44072476
116.35058,13.44072476
116.360668,13.44072476
116.370759,13.44072476
116.380842,13.44072476
116.391026,13.44072476
116.40172,13.44072476
116.411812,13.44072476
116.421903,13.44072476
116.431988,13.44072476
116.442076,13.44072476
116.452162,13.44072476
116.462244,13.44072476
116.472331,13.44072476
116.482417,13.44072476
116.492502,13.44072476
116.502584,13.44072476
116.512673,13.44072476
116.522761,13.44072476
116.532844,13.44072476
116.542927,13.44072476
116.553011,13.44072476
116.5631,13.44072476
116.573181,13.44072476
116.583261,13.44072476
116.593552,13.44072476
116.603647,13.44072476
116.613732,13.44072476
116.623814,13.44072476
116.633902,13.44072476
116.643993,13.44072476
116.654082,13.44072476
116.664285,13.44072476
116.674376,13.44072476
116.684468,13.44072476
116.694553,13.44072476
116.704633,13.44072476
116.714715,13.44072476
116.724809,13.44072476
116.734901,13.44072476
116.744983,13.44072476
116.755108,13.44072476
116.7652,13.44071998
116.775284,13.44071519
116.785367,13.4407104
116.795456,13.44070561
116.805543,13.44070082
116.815628,13.44069604
116.825712,13.44068167
116.835797,13.4406721
116.845887,13.44066252
116.856028,13.44064816
116.866109,13.44062901
116.876191,13.44060986
116.886274,13.44059549
116.896358,13.44058592
116.906439,13.44057155
116.916523,13.44056198
116.926608,13.44054761
116.93669,13.44052846
116.946772,13.44050931
116.956909,13.44049495
116.967001,13.44048059
116.977086,13.44047101
116.987169,13.44046143
116.997254,13.44045186
117.007339,13.44044228
117.017424,13.44043271
117.027514,13.44042313
117.037596,13.44041356
117.047682,13.44040398
117.057829,13.4403944
117.067953,13.44038483
117.078033,13.44037525
117.088112,13.44036568
117.098193,13.4403561
117.108273,13.44034653
117.118394,13.44033216
117.128477,13.4403178
117.138555,13.44029865
117.148641,13.4402795
117.158726,13.44026035
117.168824,13.44024598
117.178906,13.44022683
117.188984,13.44021726
117.199076,13.44020768
117.209175,13.44018853
117.219267,13.44016938
117.22935,13.44015023
117.239438,13.44013586
117.249526,13.44012629
117.259605,13.44011671
117.269681,13.44010714
117.279762,13.44009756
117.289845,13.4400832
117.299927,13.44006883
117.310011,13.44004968
117.320098,13.44003053
117.330182,13.44001617
117.340263,13.43999702
117.350349,13.43997787
117.360438,13.4399635
117.370526,13.43994914
117.380615,13.43993478
117.390701,13.43992041
117.401317,13.43990605
117.412196,13.43989647
117.422275,13.4398869
117.43236,13.43987732
117.442449,13.43986775
117.452535,13.43985817
117.462619,13.43984859
117.472703,13.43983902
117.482789,13.43982944
117.492873,13.43981987
117.502959,13.43981029
117.513041,13.43980072
117.523127,13.43979114
117.533213,13.43978157
117.543294,13.43977199
117.553378,13.43976241
117.563462,13.43975284
117.573546,13.43974326
117.583625,13.43973369
117.593708,13.43972411
117.603798,13.43971454
117.613883,13.43970496
117.623967,13.43969538
117.634054,13.43968581
117.644137,13.43967623
117.654223,13.43966666
117.664309,13.43965708
117.674394,13.43964751
117.684478,13.43963793
117.694563,13.43962836
117.704644,13.43961878
117.714735,13.4396092
117.724821,13.43959963
117.734907,13.43959005
117.744999,13.43958048
117.755086,13.4395709
117.765181,13.43956133
117.775267,13.43955175
117.785354,13.43954217
117.795441,13.4395326
117.805533,13.43952302
117.815618,13.43951345
117.825708,13.43950387
117.835803,13.4394943
117.845902,13.43948472
117.855993,13.43947515
117.866075,13.43946557
117.87616,13.43945599
117.886242,13.43944642
117.896324,13.43943684
117.906404,13.43942727
117.916491,13.43941769
117.926578,13.43940812
117.93666,13.43939854
117.946743,13.43938896
117.956829,13.43937939
117.966916,13.43936981
117.976999,13.43936024
117.98709,13.43935066
117.997182,13.43934109
118.007284,13.43933151
118.01737,13.43932194
118.027456,13.43931236
118.037544,13.43930278
118.047634,13.43929321
118.05772,13.43928363
118.06781,13.43927406
118.077895,13.43926448
118.087976,13.43925491
118.098058,13.43924533
118.108147,13.43923575
118.118235,13.43922618
118.128318,13.4392166
118.1384,13.43920703
118.148486,13.43919745
118.158575,13.43918788
118.168661,13.4391783
118.178744,13.43916873
118.188834,13.43915915
118.19892,13.43914957
118.209007,13.43914
118.219087,13.43913042
118.229173,13.43912085
118.239258,13.43911127
118.249344,13.4391017
118.259425,13.43909212
118.269514,13.43908254
118.279601,13.43907297
118.289691,13.43906339
118.299777,13.43905382
118.309872,13.43904424
118.319976,13.43903467
118.330065,13.43902509
118.34015,13.43901552
118.350234,13.43900594
118.360323,13.43899636
118.370404,13.43898679
118.380486,13.43897721
118.390572,13.43896764
118.40067,13.43895806
118.410758,13.43894849
118.420841,13.43893891
118.430925,13.43892934
118.441007,13.43891976
118.451097,13.43891018
118.461186,13.43890061
118.471274,13.43889103
118.481362,13.43888146
118.491448,13.43887188
118.501533,13.43886231
118.511618,13.43885273
118.521707,13.43884315
118.531789,13.43883358
118.541868,13.438824
118.551956,13.43881443
118.562102,13.43880485
118.572188,13.43879528
118.582274,13.4387857
118.592359,13.43877613
118.602446,13.43876655
118.612533,13.43875697
118.622616,13.4387474
118.632702,13.43873782
118.642791,13.43872825
118.652877,13.43871867
118.662985,13.4387091
118.673071,13.43869952
118.683158,13.43868994
118.693244,13.43868037
118.703328,13.43867079
118.713412,13.43866122
118.723502,13.43865164
118.733588,13.43864207
118.743704,13.43863249
118.753795,13.43862292
118.763909,13.43861334
118.773992,13.43860376
118.784075,13.43859419
118.794156,13.43858461
118.804248,13.43857504
118.814352,13.43856546
118.824439,13.43855589
118.834531,13.43854631
118.844619,13.43854152
118.85471,13.43853195
118.864823,13.43852237
118.874908,13.43851758
118.884994,13.43851758
118.895081,13.43851758
118.905167,13.4385128
118.915254,13.43850322
118.92534,13.43849843
118.935428,13.43848886
118.945522,13.43848407
118.95561,13.43848407
118.965714,13.43848407
118.975799,13.43847928
118.98588,13.43847449
118.995965,13.43846492
119.006049,13.43845534
119.016139,13.43844577
119.026222,13.43843619
119.036304,13.43842661
119.046386,13.43841704
119.05647,13.43840746
119.066555,13.43839789
119.076641,13.43838831
119.086725,13.43837874
119.096813,13.43836916
119.106903,13.43835959
119.116994,13.43835001
119.127076,13.43834043
119.137156,13.43833565
119.147242,13.43833086
119.15733,13.43833086
119.167416,13.43833086
119.177523,13.43833086
119.187616,13.43832607
119.197709,13.43832607
119.207799,13.43832128
119.217884,13.4383165
119.227967,13.4383165
119.238054,13.4383165
119.248144,13.4383165
119.25823,13.4383165
119.268319,13.4383165
119.278405,13.4383165
119.288491,13.4383165
119.298577,13.4383165
119.308665,13.4383165
119.318753,13.4383165
119.32884,13.4383165
119.338926,13.4383165
119.349013,13.4383165
119.359099,13.4383165
119.369186,13.4383165
119.37927,13.4383165
119.389359,13.4383165
119.399453,13.4383165
119.40954,13.4383165
119.419623,13.4383165
119.42971,13.4383165
119.439803,13.4383165
119.44989,13.4383165
119.459974,13.4383165
119.470065,13.4383165
119.480155,13.4383165
119.490241,13.4383165
119.500327,13.4383165
119.510414,13.4383165
119.520513,13.4383165
119.5306,13.4383165
119.540685,13.4383165
119.550771,13.4383165
119.560858,13.4383165
119.570971,13.4383165
119.581056,13.4383165
119.591138,13.4383165
119.601226,13.4383165
119.611316,13.4383165
119.621418,13.4383165
119.631511,13.4383165
119.641602,13.4383165
119.65169,13.4383165
119.661777,13.4383165
119.671887,13.4383165
119.681993,13.4383165
119.69208,13.4383165
119.702165,13.4383165
119.712251,13.4383165
119.722337,13.4383165
119.732423,13.4383165
119.742507,13.4383165
119.752595,13.4383165
119.762679,13.4383165
119.772791,13.4383165
119.782878,13.4383165
119.792963,13.4383165
119.803049,13.4383165
119.813135,13.4383165
119.82322,13.4383165
119.833304,13.4383165
119.84339,13.4383165
119.853475,13.4383165
119.863559,13.4383165
119.873669,13.4383165
119.883756,13.4383165
119.893842,13.4383165
119.903926,13.4383165
119.914012,13.4383165
119.924106,13.4383165
119.934192,13.4383165
119.944278,13.4383165
119.954374,13.4383165
119.964466,13.4383165
119.974555,13.4383165
119.984638,13.4383165
119.994723,13.4383165
120.004811,13.4383165
120.014894,13.4383165
120.024984,13.4383165
120.035074,13.4383165
120.045165,13.4383165
120.055253,13.4383165
120.065338,13.4383165
120.075443,13.4383165
120.085536,13.4383165
120.09563,13.4383165
120.105713,13.4383165
120.115796,13.4383165
120.125891,13.4383165
120.135976,13.4383165
120.146059,13.4383165
120.156153,13.4383165
120.166238,13.4383165
120.17639,13.4383165
120.186529,13.4383165
120.196616,13.4383165
120.206705,13.4383165
120.216791,13.4383165
120.226876,13.4383165
120.236964,13.4383165
120.247052,13.43831171
120.257135,13.43831171
120.267215,13.43830692
120.277358,13.43830213
120.287446,13.43829734
120.29753,13.43829256
120.307641,13.43828298
120.317729,13.43827341
120.327812,13.43826383
120.337895,13.43825425
120.347979,13.43824468
120.358071,13.4382351
120.368156,13.43822553
120.37825,13.43821595
120.388346,13.43820638
120.398441,13.4381968
120.408528,13.43818722
120.418614,13.43817765
120.428701,13.43816807
120.438785,13.4381585
120.44927,13.43814892
120.45935,13.43813935
120.469432,13.43812977
120.47952,13.4381202
120.489608,13.43811062
120.499693,13.43810104
120.50978,13.43809147
120.519872,13.43808189
120.529958,13.43807232
120.540044,13.43806274
120.550137,13.43805317
120.560234,13.43804359
120.570322,13.43803401
120.580478,13.43802444
120.590557,13.43801486
120.600639,13.43800529
120.610735,13.43799571
120.62082,13.43798614
120.630907,13.43797656
120.640994,13.43796699
120.651084,13.43795741
120.661168,13.43794783
120.67125,13.43793826
120.681393,13.43792868
120.691474,13.43791911
120.701558,13.43790953
120.711649,13.43789996
120.721735,13.43789038
120.73182,13.4378808
120.741908,13.43787123
120.751994,13.43786165
120.762075,13.43785208
120.772162,13.4378425
120.782248,13.43783293
120.792333,13.43782335
120.802417,13.43781378
120.812499,13.4378042
120.822583,13.43779462
120.832668,13.43778505
120.842755,13.43777547
120.852841,13.4377659
120.862925,13.43775632
120.873011,13.43774675
120.883096,13.43773717
120.893181,13.43772759
120.903267,13.43771802
120.913352,13.43770844
120.923437,13.43769887
120.933522,13.43768929
120.943607,13.43767972
120.953691,13.43767014
120.963783,13.43766057
120.973869,13.43765099
120.983954,13.43764141
120.99404,13.43763184
121.004126,13.43762226
121.014209,13.43761269
121.024292,13.43760311
121.034376,13.43759354
121.044461,13.43758396
121.054549,13.43757438
121.064636,13.43756481
121.074722,13.43755523
121.084808,13.43754566
121.094898,13.43753608
121.104983,13.43752651
121.11507,13.43751693
121.125156,13.43750736
121.135242,13.43749778
121.145338,13.4374882
121.15544,13.43747863
121.165526,13.43746905
121.175633,13.43745948
121.185719,13.4374499
121.195803,13.43744033
121.205886,13.43743075
121.215976,13.43741639
121.226062,13.43740202
121.236152,13.43738766
121.246242,13.4373733
121.256328,13.43735415
121.266415,13.43733499
121.276509,13.43731584
121.286597,13.43729669
121.296681,13.43727754
121.306774,13.43725839
121.31686,13.43723924
121.326944,13.43722009
121.337038,13.43720094
121.347124,13.43718178
121.357208,13.43716263
121.367295,13.43714348
121.377379,13.43712433
121.387465,13.43710518
121.39756,13.43708603
121.40765,13.43706688
121.417736,13.43704773
121.427822,13.43702857
121.437909,13.43700942
121.448002,13.43699027
121.458086,13.43697112
121.468175,13.43695197
121.478264,13.43693282
121.488354,13.43691367
121.498437,13.43689452
121.508525,13.43687536
121.518665,13.43685621
121.528754,13.43683706
121.538839,13.43681791
121.548928,13.43679876
121.559013,13.43677961
121.5691,13.43676046
121.579186,13.43674131
121.589273,13.43672215
121.599361,13.436703
121.609447,13.43668385
121.619531,13.4366647
121.629616,13.43664555
121.639705,13.4366264
121.649793,13.43660725
121.659877,13.4365881
121.669964,13.43656894
121.680048,13.43654979
121.690133,13.43653064
121.700214,13.43651149
121.7103,13.43649234
121.720383,13.43647319
121.730469,13.43645404
121.740554,13.43643489
121.750637,13.43641573
121.760724,13.43639658
121.77081,13.43637743
121.780897,13.43635828
121.790982,13.43633913
121.801068,13.43631998
121.811152,13.43630083
121.821236,13.43628168
121.83132,13.43626252
121.841405,13.43624337
121.851489,13.43622422
121.861573,13.43620507
121.87166,13.43618592
121.881743,13.43616677
121.891835,13.43614762
121.901919,13.43612847
121.912005,13.43610931
121.922087,13.43609016
121.932169,13.43607101
121.94226,13.43605186
121.952351,13.43603271
121.962437,13.43601356
121.972527,13.43599441
121.982617,13.43597526
121.992708,13.4359561
122.002796,13.43593695
122.01288,13.4359178
122.304301,13.43589865
122.314374,13.4358795
122.324443,13.43586035
122.334509,13.4358412
122.344574,13.43582205
122.354644,13.43580289
122.364716,13.43578374
122.374785,13.43576459
122.384853,13.43574544
122.394932,13.43572629
122.405006,13.43570714
122.415073,13.43568799
122.425141,13.43566884
122.435209,13.43564969
122.44529,13.43563053
122.455362,13.43561138
122.465431,13.43559223
122.475501,13.43557308
122.485568,13.43555393
122.495635,13.43553478
122.505702,13.43551563
122.51577,13.43549648
122.525838,13.43547732
122.535903,13.43545817
122.54599,13.43544381
122.556081,13.43542466
122.566163,13.43541029
122.576236,13.43539593
122.586305,13.43538157
122.596379,13.4353672
122.606452,13.43535763
122.616523,13.43534805
122.626594,13.43533848
122.636668,13.4353289
122.64674,13.43531933
122.65681,13.43530975
122.666878,13.43530017
122.676944,13.4352906
122.68701,13.43528102
122.697075,13.43527145
122.707142,13.43526187
122.717208,13.4352523
122.727275,13.43524272
122.73734,13.43523315
122.747414,13.43522357
122.757488,13.43521399
122.767563,13.43520442
122.777633,13.43519484
122.787702,13.43518527
122.797771,13.43517569
122.807841,13.43516612
122.817908,13.43515654
122.827981,13.43514218
122.838054,13.43512781
122.848127,13.43511345
122.858193,13.4350943
122.868258,13.43507994
122.878326,13.43506078
122.888396,13.43504163
122.898464,13.43502248
122.908534,13.43500812
122.918602,13.43499854
122.928676,13.43498897
122.938744,13.43497939
122.948813,13.43496982
122.958883,13.43496024
122.968958,13.43495066
122.979028,13.43494109
122.989099,13.43493151
122.999172,13.43492194
123.009239,13.43491236
123.019307,13.43490279
123.029375,13.43489321
123.039445,13.43488364
123.049517,13.43487406
123.059583,13.43486448
123.069654,13.43485491
123.079725,13.43484533
123.089796,13.43483576
123.099864,13.43482618
123.109934,13.43481661
123.120009,13.43480703
123.130082,13.43479745
123.140151,13.43478788
123.150227,13.4347783
123.160297,13.43476873
123.170365,13.43475915
123.180433,13.43474958
123.190507,13.43474
123.200575,13.43473043
123.210642,13.43472085
123.220708,13.43471127
123.230778,13.4347017
123.240848,13.43469212
123.250918,13.43468255
123.260983,13.43467297
123.271051,13.4346634
123.281119,13.43465382
123.291192,13.43464424
123.30126,13.43463467
123.311332,13.43462509
123.321403,13.43461552
123.331472,13.43460594
123.341541,13.43459637
123.35161,13.43458679
123.361693,13.43457722
123.371766,13.43456764
123.381835,13.43455806
123.391904,13.43454849
123.401993,13.43453891
123.412061,13.43452934
123.422129,13.43451976
123.432198,13.43451019
123.442267,13.43450061
123.452336,13.43449103
123.462406,13.43448146
123.472686,13.43447188
123.482824,13.43446231
123.493056,13.43445273
123.503122,13.43444316
123.513197,13.43443837
123.52327,13.43443358
123.533339,13.43442879
123.543407,13.43442401
123.553481,13.43442401
123.563565,13.43442401
123.573635,13.43442401
123.583723,13.43442401
123.593809,13.43442401
123.603918,13.43442401
123.614004,13.43442401
123.62416,13.43442401
123.634241,13.43442401
123.644324,13.43442401
123.654439,13.43442401
123.664563,13.43442401
123.674671,13.43442401
123.68479,13.43442401
123.694896,13.43442401
123.705052,13.43442401
123.715147,13.43442401
123.725238,13.43442401
123.735332,13.43442401
123.745452,13.43442401
123.755556,13.43442401
123.765661,13.43442401
123.775766,13.43442401
123.785888,13.43442401
123.795985,13.43442401
123.806077,13.43442401
123.816168,13.43442401
123.82626,13.43442401
123.836357,13.43441922
123.84645,13.43441443
123.856541,13.43441443
123.866645,13.43441443
123.876771,13.43440964
123.886893,13.43440485
123.897008,13.43440007
123.907123,13.43440007
123.917243,13.43440007
123.927367,13.43440007
123.93747,13.43440007
123.947579,13.43440007
123.957687,13.43440007
123.967806,13.43440007
123.977924,13.43440007
123.988036,13.43440007
123.998147,13.43439528
124.008256,13.43439528
124.018364,13.43439049
124.028476,13.4343857
124.038589,13.4343857
124.048711,13.4343857
124.058825,13.43438092
124.068932,13.43437134
124.079039,13.43436176
124.089152,13.43435698
124.099265,13.43435219
124.109376,13.43435219
124.119486,13.4343474
124.129602,13.43433783
124.139712,13.43432825
124.149821,13.43431867
124.159926,13.4343091
124.170044,13.43429952
124.180142,13.43428995
124.190236,13.43428037
124.200335,13.4342708
124.210429,13.43426122
124.220519,13.43425164
124.230622,13.43424207
124.240716,13.43423249
124.250813,13.43422292
124.260907,13.43421334
124.27101,13.43420377
124.281135,13.43419419
124.29123,13.43418462
124.301323,13.43417504
124.311423,13.43416546
124.321528,13.43415589
124.33163,13.43414631
124.341727,13.43413674
124.351824,13.43412716
124.361926,13.43411759
124.372019,13.43410801
124.382111,13.43409843
124.392207,13.43408886
124.402316,13.43407928
124.412417,13.43406971
124.422513,13.43406013
124.432617,13.43405056
124.442725,13.43404098
124.452823,13.43403141
124.462917,13.43402183
124.473014,13.43401225
124.483112,13.43400268
124.49321,13.4339931
124.503304,13.43398353
124.513396,13.43397395
124.523506,13.43396438
124.533603,13.4339548
124.543697,13.43394522
124.553798,13.43393565
124.563897,13.43392607
124.574022,13.4339165
124.584119,13.43390692
124.594241,13.43389735
124.604349,13.43388777
124.614445,13.4338782
124.624542,13.43386862
124.634641,13.43385904
124.644738,13.43384947
124.654841,13.43383989
124.664936,13.43383032
124.675033,13.43382074
124.68513,13.43381117
124.695225,13.43380159
124.705321,13.43379201
124.71542,13.43378244
124.725514,13.43377286
124.735605,13.43376329
124.745697,13.43375371
124.755797,13.43374414
124.765898,13.43373456
124.775992,13.43372499
124.786087,13.43371541
124.796184,13.43370583
124.806279,13.43369626
124.816373,13.43368668
124.82647,13.43367711
124.836565,13.43366753
124.846662,13.43366274
124.856755,13.43366274
124.866854,13.43365796
124.876968,13.43366274
124.887067,13.43366274
124.897161,13.43367232
124.907299,13.4336819
124.917399,13.43369147
124.927497,13.43369626
124.937594,13.43369626
124.947695,13.43369626
124.957796,13.43369626
124.967888,13.43369626
124.978002,13.43369626
124.988102,13.43369626
124.998196,13.43369626
125.008287,13.43369626
125.01838,13.43369626
125.028472,13.43369626
125.038566,13.43369626
125.048659,13.43369626
125.058751,13.43369626
125.06884,13.43369626
125.078944,13.43369626
125.089047,13.43369626
125.09914,13.43369626
125.109231,13.43369626
125.119322,13.43369626
125.129412,13.43369626
125.139562,13.43369626
125.150121,13.43369626
125.160222,13.43369626
125.170362,13.43369626
125.180465,13.43369626
125.190562,13.43369626
125.200665,13.43369626
125.210779,13.43369626
125.220913,13.43369626
125.23106,13.43369626
125.241183,13.43369626
125.251295,13.43369626
125.261398,13.43369626
125.271513,13.43369626
125.281629,13.43369626
125.291742,13.43369626
125.301851,13.43369626
125.31196,13.43369626
125.322046,13.43369626
125.332204,13.43369626
125.342345,13.43369626
125.352537,13.43369626
125.36405,13.43369626
125.374248,13.43369626
125.384426,13.43369626
125.394553,13.43369626
125.404671,13.43369626
125.41478,13.43369626
125.424891,13.43369626
125.435005,13.43369626
125.445117,13.43369626
125.455207,13.43369626
125.46531,13.43369626
125.475423,13.43369626
125.485536,13.43369626
125.495646,13.43369626
125.505761,13.43369626
125.515969,13.43369626
125.526102,13.43369626
125.536209,13.43369626
125.546318,13.43369626
125.556426,13.43369626
125.56655,13.43369626
125.576679,13.43369626
125.586829,13.43369626
125.596978,13.43370105
125.607134,13.43371062
125.617307,13.4337202
125.627453,13.43372977
125.637607,13.43373935
125.647763,13.43374892
125.658039,13.4337585
125.66821,13.43376808
125.678367,13.43377765
125.68851,13.43378723
125.698614,13.4337968
125.708716,13.43380638
125.718826,13.43381595
125.728938,13.43382553
125.73903,13.43383511
125.749129,13.43384468
125.759232,13.43385426
125.769337,13.43386383
125.779433,13.43387341
125.789533,13.43388298
125.799633,13.43389256
125.809737,13.43390213
125.819831,13.43391171
125.829927,13.43392129
125.840023,13.43393086
125.850126,13.43394044
125.860222,13.4339548
125.870323,13.43396916
125.880427,13.43397874
125.890534,13.43398831
125.90063,13.43400268
125.910728,13.43401704
125.920828,13.43403141
125.930932,13.43404098
125.941026,13.43405056
125.951133,13.43406013
125.961234,13.43406971
125.971339,13.43407928
125.981432,13.43408886
125.99153,13.43409843
126.001625,13.43410801
126.01172,13.43411759
126.021812,13.43413195
126.031907,13.43414152
126.041999,13.43415589
126.052091,13.43417025
126.062185,13.43417983
126.072282,13.4341894
126.08238,13.43420855
126.092474,13.43423728
126.102572,13.43426601
126.112671,13.43428995
126.122773,13.43431389
126.132869,13.43433304
126.142965,13.43435698
126.153062,13.4343857
126.163161,13.43441443
126.173258,13.43444316
126.183349,13.43447188
126.193444,13.43450061
126.203544,13.43452934
126.213642,13.43455806
126.223738,13.43458679
126.233843,13.43461552
126.243948,13.43464424
126.254042,13.43467297
126.264139,13.4347017
126.274236,13.43473043
126.284338,13.43475915
126.294437,13.43478788
126.304533,13.43482139
126.31463,13.43485491
126.324734,13.43488842
126.33483,13.43492673
126.34493,13.43496503
126.355029,13.43500333
126.365131,13.43504163
126.375227,13.43507994
126.385324,13.43511824
126.39542,13.43515654
126.405524,13.43519484
126.415597,13.43523315
126.425667,13.43527145
126.435738,13.43530975
126.445808,13.43534805
126.455877,13.43538636
126.465945,13.43542466
126.476016,13.43546296
126.486088,13.43550126
126.496286,13.43553957
126.506733,13.43557787
126.516909,13.43561617
126.527079,13.43565447
126.537148,13.43569278
126.547222,13.43573108
126.557297,13.43576938
126.567366,13.43580768
126.577433,13.43584599
126.587507,13.43588429
126.597578,13.43592259
126.607654,13.43596089
126.617725,13.4359992
126.627798,13.4360375
126.63787,13.4360758
126.647938,13.4361141
126.658006,13.43615241
126.668079,13.4361955
126.678152,13.43624337
126.688223,13.43629125
126.698291,13.43633913
126.708365,13.43638701
126.718437,13.43643489
126.728514,13.43648276
126.738582,13.43653064
126.748653,13.43657852
126.758726,13.4366264
126.7688,13.43667428
126.778868,13.43672215
126.788942,13.43677003
126.79901,13.43681791
126.809079,13.43686579
126.819148,13.43691367
126.829222,13.43696155
126.839298,13.43700942
126.849366,13.4370573
126.859432,13.43710518
126.869501,13.43715306
126.879578,13.43719615
126.889649,13.43724403
126.899716,13.43728712
126.909786,13.43733021
126.919863,13.43736851
126.929936,13.43740681
126.940003,13.43744511
126.950074,13.43748342
126.960145,13.43752172
126.970216,13.43756481
126.980284,13.4376079
126.990354,13.43765578
127.000428,13.43770366
127.010494,13.43775153
127.020559,13.43779941
127.030624,13.43784729
127.040691,13.43789517
127.050766,13.43794305
127.060843,13.43799092
127.070915,13.4380388
127.080987,13.43808668
127.091053,13.43813456
127.101134,13.43818244
127.111211,13.43823031
127.121288,13.43827819
127.131365,13.43832607
127.141442,13.43837395
127.151529,13.43842183
127.161608,13.43846971
127.171686,13.43851758
127.181765,13.43856546
127.191845,13.43861334
127.20194,13.43866122
127.212023,13.4387091
127.222102,13.43875697
127.232195,13.43880964
127.242289,13.43886231
127.252386,13.43891976
127.262471,13.43897721
127.27256,13.43903467
127.282654,13.43909212
127.292738,13.43914957
127.302818,13.43920703
127.312901,13.43926448
127.322984,13.43932194
127.333072,13.43937939
127.343156,13.43943684
127.353246,13.4394943
127.36333,13.43955175
127.373415,13.4396092
127.383497,13.43966666
127.393582,13.43972411
127.403673,13.43978157
127.413763,13.43983902
127.423849,13.43989647
127.433939,13.43995393
127.444027,13.44001138
127.454115,13.44006883
127.464205,13.44012629
127.474295,13.44018374
127.484388,13.44024119
127.494473,13.44030344
127.504554,13.44036568
127.514636,13.44042313
127.524717,13.44048537
127.534796,13.44054761
127.544875,13.44061464
127.554954,13.44068167
127.565033,13.4407487
127.575112,13.44081573
127.585191,13.44088276
127.59528,13.44094979
127.605365,13.44101682
127.61545,13.44107906
127.625535,13.44113652
127.635617,13.44119397
127.6457,13.44125142
127.655786,13.44130888
127.665878,13.44136633
127.675976,13.44142378
127.686067,13.44148124
127.696161,13.44153869
127.706248,13.44160093
127.716334,13.44166317
127.726421,13.44172542
127.736505,13.44179245
127.746582,13.44185947
127.75667,13.4419265
127.76676,13.44199353
127.776843,13.44206056
127.786927,13.44212759
127.797009,13.44219462
127.807105,13.44226165
127.817192,13.44232868
127.827281,13.44239571
127.837373,13.44246274
127.847454,13.44252977
127.857538,13.4425968
127.867631,13.44266383
127.877722,13.44273086
127.887809,13.44279789
127.897919,13.44286491
127.908007,13.44293194
127.918085,13.44299897
127.928168,13.443066
127.938254,13.44313303
127.948343,13.44320006
127.958436,13.44326709
127.968524,13.44333412
127.978606,13.44340594
127.988691,13.44347775
127.998781,13.44354957
128.008873,13.44362618
128.018957,13.44370278
128.029045,13.44377939
128.039135,13.44385599
128.049225,13.4439326
128.059309,13.4440092
128.0694,13.44408581
128.079487,13.44416241
128.089573,13.44423902
128.099654,13.44431083
128.109741,13.44437786
128.11983,13.44444489
128.129923,13.44451192
128.140009,13.44457895
128.150093,13.44464598
128.160176,13.44471301
128.17026,13.44478004
128.180343,13.44484707
128.190426,13.4449141
128.200506,13.44498113
128.21059,13.44504816
128.220673,13.44511519
128.23076,13.44518222
128.240842,13.44524924
128.250925,13.44531627
128.261006,13.4453833
128.271087,13.44545033
128.281168,13.44551736
128.291251,13.44558439
128.301335,13.44565142
128.311416,13.44571845
128.321509,13.44578548
128.331594,13.4458573
128.341676,13.44592911
128.351758,13.44599614
128.361891,13.44606317
128.371979,13.4461302
128.382063,13.44619723
128.392145,13.44626426
128.402233,13.44633129
128.412318,13.44639832
128.4224,13.44646535
128.432482,13.44653238
128.442565,13.44659941
128.452646,13.44666644
128.462728,13.44673347
128.47281,13.44680049
128.482909,13.44686752
128.493041,13.44693455
128.503138,13.44700158
128.514372,13.44706861
128.524505,13.44713564
128.534618,13.44720746
128.544749,13.44728406
128.554877,13.44735588
128.565007,13.44743249
128.575133,13.44750909
128.585266,13.4475857
128.595393,13.4476623
128.605504,13.44773891
128.615627,13.44781551
128.625752,13.44789212
128.635863,13.44796872
128.646009,13.44804533
128.656122,13.44812193
128.666215,13.44819854
128.676326,13.44827514
128.686418,13.44834696
128.696538,13.44841399
128.706638,13.44848102
128.71675,13.44854805
128.726861,13.44861507
128.736976,13.4486821
128.74708,13.44874913
128.7572,13.44881616
128.767311,13.44888319
128.777429,13.44895501
128.787536,13.44903161
128.797655,13.44910822
128.807807,13.44918482
128.817933,13.44926143
128.828052,13.44933803
128.83817,13.44941464
128.848295,13.44949124
128.858389,13.44956785
128.868514,13.44964445
128.878634,13.44972106
128.888756,13.44979766
128.898869,13.44987427
128.908992,13.44995087
128.919109,13.45002748
128.929238,13.45010408
128.939355,13.45018069
128.94948,13.45025729
128.959603,13.4503339
128.969725,13.4504105
128.979842,13.45048711
128.989968,13.45055893
129.000091,13.45063553
129.010202,13.45070735
129.020322,13.45077917
129.030442,13.45085098
129.040562,13.45092759
129.050672,13.45100419
129.060797,13.4510808
129.070908,13.4511574
129.08103,13.45123401
129.091149,13.45131061
129.101269,13.45138722
129.111387,13.45146382
129.121503,13.45154043
129.131621,13.45161703
129.141796,13.45169364
129.151932,13.45177024
129.162051,13.45184685
129.172541,13.45192345
129.182646,13.45200484
129.192753,13.45208624
129.20285,13.45216763
129.212947,13.45224902
129.223056,13.4523352
129.233152,13.45242138
129.243305,13.45250756
129.253443,13.45258896
129.26359,13.45267035
129.273706,13.45274696
129.283801,13.45282356
129.293882,13.45290017
129.303959,13.45297677
129.313993,13.45305337
129.324065,13.45312998
129.334137,13.45320658
129.34421,13.45328319
129.354295,13.45335979
129.364383,13.4534364
129.374477,13.453513
129.384578,13.45358961
129.394671,13.453671
129.40477,13.45375718
129.414865,13.45384336
129.424953,13.45392954
129.43505,13.45401572
129.445148,13.45410191
129.455239,13.45418809
129.465336,13.45427427
129.475427,13.45436045
129.485521,13.45444663
129.495616,13.45453281
129.505709,13.45461899
129.515805,13.45470517
129.525897,13.45479614
129.536442,13.45489189
129.546708,13.45498286
129.556877,13.45507383
129.566992,13.45516001
129.577077,13.45524619
129.587168,13.45533237
129.597264,13.45541855
129.607356,13.45550473
129.617462,13.45559091
129.627553,13.45567709
129.637649,13.45576328
129.647735,13.45584946
129.657844,13.45593564
129.667934,13.45602661
129.678028,13.45612236
129.688117,13.45621812
129.698201,13.45631387
129.708296,13.45640963
129.718375,13.45650539
129.728471,13.45659635
129.738561,13.45668732
129.74865,13.45677829
129.758741,13.45686926
129.768828,13.45696502
129.778921,13.45706077
129.789025,13.45715653
129.799106,13.45725228
129.809202,13.45734804
129.819316,13.4574438
129.829437,13.45753955
129.839535,13.45763531
129.849628,13.45773585
129.859745,13.4578364
129.869864,13.45794173
129.879984,13.45804706
129.890082,13.45815239
129.900198,13.45825772
129.910304,13.45836306
129.92042,13.45846839
129.930539,13.45857372
129.94066,13.45868384
129.950774,13.45879875
129.960893,13.45891365
129.971009,13.45902856
129.981137,13.45914347
129.99127,13.45925838
130.001381,13.4593685
130.011475,13.45947862
130.021593,13.45958874
130.031678,13.45969407
130.042239,13.4597994
130.052323,13.45990473
130.06242,13.46001006
130.072494,13.46011539
130.082568,13.46022073
130.092642,13.46033085
130.102722,13.46044097
130.112798,13.46055587
130.122868,13.46067078
130.132947,13.46078569
130.143038,13.4609006
130.153141,13.4610155
130.163232,13.46113041
130.173323,13.46124532
130.183406,13.46136023
130.193489,13.46147992
130.203569,13.4616044
130.213649,13.46172889
130.223729,13.46185337
130.233809,13.46197785
130.243894,13.46210234
130.253999,13.46222682
130.26408,13.4623513
130.274162,13.46247579
130.284246,13.46260027
130.29433,13.46272475
130.304408,13.46284923
130.314484,13.46297372
130.324557,13.4630982
130.334632,13.46322268
130.34471,13.46334238
130.354788,13.46345729
130.364867,13.46357219
130.374943,13.46369189
130.38502,13.46381637
130.395094,13.46394086
130.405173,13.46406534
130.415251,13.46418982
130.425329,13.4643143
130.435401,13.46443879
130.445478,13.46456806
130.455554,13.46470212
130.465624,13.46483618
130.475697,13.46497023
130.485843,13.46510429
130.495938,13.46523835
130.506017,13.46537241
130.516094,13.46550647
130.526203,13.46564053
130.53628,13.46577459
130.546358,13.46590865
130.55644,13.46603792
130.56655,13.4661624
130.576648,13.46629167
130.586733,13.46641615
130.596843,13.46654542
130.606942,13.46667948
130.617051,13.46681354
130.627132,13.4669476
130.637217,13.46708166
130.647298,13.46721572
130.657387,13.46734978
130.667468,13.46748383
130.677545,13.46761789
130.687626,13.46775195
130.697728,13.46788601
130.707828,13.46802007
130.717904,13.46815413
130.727987,13.46829297
130.738077,13.46843661
130.748151,13.46858024
130.758232,13.46872388
130.768312,13.46886751
130.778389,13.46901115
130.788501,13.46915957
130.798621,13.46930799
130.808706,13.46945162
130.818798,13.46959526
130.828884,13.46973889
130.838963,13.46988253
130.849037,13.47002616
130.859106,13.4701698
130.869246,13.47031343
130.879344,13.47045706
130.889423,13.47060549
130.899501,13.4707587
130.909582,13.47091191
130.91966,13.47106512
130.929745,13.47121833
130.939831,13.47137154
130.949928,13.47152475
130.960093,13.47167796
130.970184,13.47183117
130.980291,13.47198438
130.99038,13.47214237
131.000471,13.47230516
131.010624,13.47246795
131.020721,13.47262594
131.030806,13.47278394
131.040896,13.47294194
131.050982,13.47309994
131.061077,13.47325315
131.071181,13.47340636
131.081277,13.47355957
131.091366,13.47371278
131.101464,13.47386599
131.111562,13.4740192
131.121658,13.47417719
131.131754,13.47433998
131.141843,13.47450276
131.15193,13.47466555
131.162029,13.47482834
131.172128,13.47499112
131.182225,13.47515391
131.192337,13.47531669
131.20243,13.47547469
131.212525,13.47563269
131.222611,13.47579069
131.232682,13.47595347
131.24275,13.47611626
131.252816,13.47627904
131.262881,13.47644183
131.272948,13.47660461
131.283015,13.4767674
131.293081,13.47693018
131.303147,13.47709297
131.313214,13.47725576
131.323279,13.47741854
131.333346,13.47758133
131.343413,13.47774411
131.35348,13.4779069
131.363545,13.47807447
131.373612,13.47824683
131.383678,13.47841919
131.393744,13.47859155
131.403815,13.47876392
131.413882,13.47893149
131.423949,13.47909427
131.434021,13.47926185
131.444088,13.47943421
131.454155,13.47960657
131.464221,13.47977893
131.474289,13.47995129
131.484355,13.48012365
131.494422,13.48029601
131.504494,13.48047316
131.514558,13.4806551
131.524626,13.48083704
131.534699,13.48101419
131.544773,13.48118655
131.554838,13.48135891
131.564904,13.48153127
131.574971,13.48170363
131.585036,13.48188078
131.595102,13.48206272
131.60517,13.48224465
131.615236,13.48242659
131.625313,13.48260853
131.635381,13.48279525
131.645446,13.48298676
131.655511,13.48317828
131.665577,13.48336979
131.675643,13.4835613
131.685708,13.48374803
131.695787,13.48393475
131.705857,13.48412626
131.715923,13.48431778
131.725987,13.48450929
131.736053,13.4847008
131.746118,13.48489231
131.756187,13.48508382
131.766254,13.48527534
131.77633,13.48546685
131.786396,13.48565836
131.796462,13.48584987
131.806527,13.48604139
131.816595,13.4862329
131.826663,13.48642441
131.836729,13.48661592
131.846795,13.48680744
131.85686,13.48699895
131.866927,13.48718567
131.876993,13.4873724
131.887059,13.48755433
131.897125,13.48773627
131.90719,13.48791821
131.917257,13.48810493
131.927323,13.48829645
131.937389,13.48848796
131.947455,13.48867947
131.95752,13.48886619
131.967587,13.48904813
131.977653,13.48923007
131.987749,13.48941679
131.997861,13.48960831
132.007951,13.48979982
132.018026,13.48999133
132.028154,13.49018284
132.038272,13.49037436
132.04838,13.49057066
132.058487,13.49077174
132.068594,13.49097283
132.078704,13.49117392
132.088812,13.49137501
132.098919,13.4915761
132.109034,13.4917724
132.119141,13.4919687
132.129248,13.49216021
132.139358,13.49235172
132.149465,13.49254323
132.159575,13.49273953
132.169683,13.49293583
132.179791,13.49313692
132.189904,13.49333801
132.200012,13.4935391
132.210117,13.4937354
132.220223,13.49392691
132.230328,13.49411842
132.240443,13.49430994
132.250569,13.49450624
132.260682,13.49470732
132.270789,13.49490841
132.280898,13.4951095
132.291015,13.49531059
132.301121,13.49551168
132.311229,13.49571755
132.321346,13.49592821
132.331458,13.49613888
132.341569,13.49634954
132.351691,13.49656021
132.366052,13.49677087
132.376163,13.49698153
132.386273,13.4971922
132.396382,13.49739807
132.406508,13.49759916
132.416617,13.49780025
132.426726,13.49800612
132.436833,13.49821679
132.446942,13.49842745
132.457047,13.49863812
132.467152,13.49884399
132.477258,13.49904508
132.487363,13.49924617
132.497467,13.49944726
132.507575,13.49964834
132.517684,13.49985422
132.527792,13.50006488
132.537904,13.50027555
132.548009,13.50048621
132.558113,13.50069687
132.568822,13.50090754
132.579401,13.5011182
132.58951,13.50132886
132.599793,13.50153953
132.609901,13.50175019
132.620009,13.50195607
132.630126,13.50216194
132.640243,13.50237261
132.650355,13.50258327
132.660474,13.50279393
132.670585,13.5030046
132.6807,13.50322005
132.69082,13.5034355
132.700935,13.50365574
132.711051,13.50387598
132.721171,13.50409622
132.731285,13.50431646
132.741393,13.5045367
132.751507,13.50475694
132.761616,13.50497718
132.771724,13.50519742
132.781844,13.50541765
132.791939,13.50563789
132.802034,13.50585813
132.812128,13.50607358
132.82222,13.50628425
132.832313,13.50649491
132.842407,13.50670558
132.852501,13.50691624
132.862594,13.5071269
132.872688,13.50734235
132.882779,13.50756259
132.892869,13.50778283
132.90296,13.50800307
132.913051,13.50821852
132.923142,13.50842919
132.933237,13.50863985
132.943329,13.50885051
132.95342,13.50906118
132.963513,13.50927184
132.973614,13.50948729
132.983709,13.50970753
132.993802,13.50992777
133.003894,13.51014801
133.014014,13.51036346
133.024106,13.51057413
133.034204,13.51078479
133.044298,13.51099545
133.054397,13.5112109
133.064493,13.51143114
133.074586,13.51165138
133.084677,13.51187162
133.094771,13.51209186
133.104862,13.5123121
133.114955,13.51253234
133.125047,13.51275258
133.135141,13.51297282
133.145233,13.51318827
133.155333,13.51340372
133.165427,13.51362396
133.175536,13.5138442
133.185631,13.51406444
133.195802,13.51428468
133.206108,13.51450971
133.216232,13.51473952
133.22635,13.51496934
133.236464,13.51519915
133.24657,13.51543375
133.256687,13.51566836
133.266797,13.51589817
133.276903,13.51612799
133.287009,13.5163578
133.297111,13.5165924
133.307223,13.51683179
133.317332,13.51707118
133.327436,13.51731058
133.337539,13.51754997
133.347647,13.51778936
133.357749,13.51802875
133.367855,13.51826814
133.377955,13.51850753
133.388096,13.51874213
133.398254,13.51897673
133.408495,13.51921612
133.418742,13.51945551
133.428924,13.5196949
133.439102,13.5199343
133.449258,13.52017369
133.459358,13.52040829
133.469465,13.5206381
133.479563,13.52086792
133.489661,13.52109773
133.49976,13.52132755
133.509884,13.52155736
133.519982,13.52179197
133.530083,13.52202657
133.540183,13.52225638
133.550285,13.5224862
133.560386,13.52271601
133.5705,13.52294583
133.580609,13.52317564
133.590709,13.52340546
133.600806,13.52363527
133.610923,13.5238603
133.621044,13.52408054
133.631175,13.52430078
133.641311,13.52452102
133.651469,13.52474604
133.661622,13.52497107
133.671769,13.52519131
133.681936,13.52541155
133.692108,13.52563179
133.702198,13.52585203
133.712333,13.52607227
133.722472,13.52628772
133.732649,13.52649838
133.74275,13.52671383
133.752847,13.52693407
133.762956,13.52715431
133.773055,13.52737455
133.783145,13.52759479
133.793243,13.52781503
133.803338,13.52803048
133.813435,13.52824115
133.823538,13.52845181
133.833637,13.52866247
133.843733,13.52887314
133.853832,13.5290838
133.863928,13.52929925
133.874027,13.52951949
133.884123,13.52973973
133.89422,13.52995997
133.904314,13.53018021
133.914425,13.53040045
133.924528,13.53062069
133.934629,13.53084093
133.944738,13.53105638
133.954872,13.53126704
133.96501,13.53147771
133.975138,13.53169316
133.985253,13.5319134
133.995346,13.53213364
134.005468,13.53235387
134.015601,13.53256933
134.025855,13.53277999
134.036285,13.53299065
134.046403,13.53320132
134.056628,13.53341198
134.066805,13.53362743
134.077013,13.53384288
134.087135,13.53405355
134.097254,13.53426421
134.10737,13.53447966
134.117509,13.5346999
134.127849,13.53492014
134.13813,13.53514038
134.14829,13.53536062
134.158803,13.53558086
134.168991,13.5358011
134.179135,13.53602134
134.189343,13.53623679
134.199548,13.53645703
134.209817,13.53667727
134.219968,13.53689751
134.230127,13.53711775
134.240291,13.53733798
134.250442,13.53755822
134.260592,13.53777846
134.270691,13.5379987
134.28077,13.53821415
134.290859,13.53842482
134.300946,13.53863548
134.311038,13.53885093
134.321133,13.53907117
134.331221,13.53929141
134.341309,13.53950686
134.351392,13.53971753
134.36149,13.53992819
134.371577,13.54013885
134.381662,13.54034952
134.391749,13.54056018
134.401856,13.54077563
134.411943,13.54099587
134.422022,13.54121611
134.432095,13.54143635
134.442166,13.54165659
134.452263,13.54187204
134.462338,13.5420827
134.47241,13.54229816
134.482482,13.5425184
134.492571,13.54273863
134.502655,13.54295887
134.512747,13.54317911
134.522831,13.54339935
134.532921,13.54361959
134.543026,13.54383504
134.553123,13.54404571
134.563212,13.54425637
134.573312,13.54446703
134.583399,13.5446777
134.593485,13.54488836
134.603567,13.54509903
134.613673,13.54530969
134.623926,13.54552514
134.634038,13.54574538
134.644168,13.54596562
134.65428,13.54618107
134.66437,13.54639173
134.674459,13.54660719
134.684578,13.54682264
134.694715,13.54703809
134.704874,13.54725354
134.714996,13.54746899
134.725124,13.54767965
134.735247,13.54789032
134.74536,13.54810098
134.755523,13.54831643
134.765662,13.54853667
134.776352,13.54875212
134.786509,13.54896279
134.796684,13.54917345
134.806809,13.54938412
134.816937,13.54959478
134.828164,13.54980544
134.838297,13.55001611
134.848443,13.55023156
134.858572,13.5504518
134.868694,13.55067204
134.878819,13.55089228
134.888956,13.55111251
134.899089,13.55132797
134.909299,13.55153863
134.919583,13.55174929
134.929719,13.55195996
134.939866,13.55217541
134.950035,13.55239565
134.960165,13.55261589
134.97028,13.55283613
134.980405,13.55305637
134.99053,13.5532766
135.000652,13.55349206
135.01078,13.55370272
135.020919,13.55391338
135.031048,13.55412405
135.041187,13.55433471
135.051301,13.55455016
135.061435,13.5547704
135.071567,13.55499064
135.081709,13.55520609
135.091849,13.55541676
135.102009,13.55562742
135.112147,13.55583808
135.122276,13.55604875
135.132399,13.5562642
135.142523,13.55648444
135.152652,13.55670468
135.162793,13.55692492
135.172924,13.55714516
135.183043,13.55736061
135.193172,13.55757606
135.203296,13.5577963
135.213427,13.55801654
135.223547,13.55823678
135.233694,13.55845223
135.243819,13.55866289
135.253947,13.55887356
135.264063,13.55908422
135.274202,13.55929009
135.284336,13.55949118
135.294437,13.55969227
135.30457,13.55989336
135.314683,13.56009445
135.324809,13.56029075
135.334948,13.56048705
135.345075,13.56068814
135.35521,13.56088922
135.365338,13.56109031
135.375463,13.5612914
135.385578,13.56149249
135.395699,13.56169358
135.405821,13.56189466
135.415944,13.56209575
135.426066,13.56229205
135.436187,13.56248356
135.446314,13.56267508
135.456446,13.56286659
135.466566,13.5630581
135.476692,13.5632544
135.486809,13.56345549
135.496922,13.56365658
135.50705,13.56385767
135.517173,13.56405875
135.527311,13.56425984
135.537429,13.56446093
135.54756,13.56465723
135.557697,13.56484874
135.567823,13.56504025
135.577955,13.56523177
135.588079,13.56542328
135.598202,13.56561479
135.608329,13.5658063
135.618421,13.56599782
135.62894,13.56618933
135.639274,13.56638084
135.64939,13.56657235
135.659548,13.56676865
135.669686,13.56696017
135.679801,13.56715168
135.689933,13.5673384
135.700059,13.56752992
135.710182,13.56772143
135.720327,13.56791294
135.730459,13.56810445
135.740587,13.56829597
135.750721,13.56848748
135.760857,13.56867899
135.770975,13.56886571
135.781099,13.56904765
135.791229,13.56922959
135.801362,13.56941153
135.81149,13.56959346
135.821622,13.5697754
135.831739,13.56995734
135.841877,13.57013927
135.852009,13.57032121
135.862136,13.57050315
135.872265,13.57068508
135.882385,13.57087181
135.892516,13.57105853
135.902671,13.57124047
135.912837,13.57142241
135.922963,13.57160434
135.933074,13.57178628
135.943176,13.57196822
135.953286,13.57215015
135.963397,13.57233209
135.97353,13.57251403
135.983666,13.57269596
135.994463,13.57288269
136.00458,13.57306941
136.014707,13.57325135
136.024838,13.57343329
136.034969,13.57361522
136.045116,13.57379716
136.055237,13.5739791
136.065532,13.57416103
136.075869,13.57434297
136.090127,13.57452491
136.100309,13.57470206
136.110445,13.57487442
136.120622,13.57504678
136.130814,13.57521914
136.140976,13.57538671
136.154132,13.5755495
136.164283,13.57571228
136.174447,13.57587507
136.184607,13.57603785
136.198103,13.57620543
136.208265,13.57637779
136.218382,13.57655015
136.228487,13.57672251
136.238613,13.57689008
136.248728,13.57705287
136.25885,13.57721566
136.268974,13.57737844
136.279088,13.57754123
136.289201,13.57770401
136.299315,13.57787159
136.309426,13.57803916
136.319551,13.57821152
136.329661,13.57838388
136.339782,13.57855624
136.349898,13.57872382
136.360035,13.5788866
136.370163,13.57904939
136.380273,13.57921696
136.390388,13.57938932
136.400509,13.57956168
136.410627,13.57973404
136.420739,13.57990641
136.43086,13.58007877
136.440977,13.58024634
136.451095,13.58040913
136.461207,13.58057191
136.471327,13.5807347
136.481442,13.58089748
136.491549,13.58106027
136.501659,13.58122305
136.51177,13.58138105
136.521882,13.58153426
136.532307,13.58168747
136.54242,13.58184068
136.552531,13.58199868
136.56264,13.58216146
136.572763,13.58232425
136.582879,13.58248703
136.592992,13.58264982
136.603101,13.58281261
136.613218,13.58297539
136.623327,13.58313818
136.633428,13.58330096
136.64353,13.58346375
136.65363,13.58362653
136.663731,13.58378453
136.673831,13.58393774
136.683932,13.58409095
136.694033,13.58424416
136.704161,13.58439737
136.714264,13.58455058
136.724377,13.58470858
136.734481,13.58486658
136.744583,13.58502457
136.754685,13.58518736
136.764786,13.58535015
136.774885,13.58551293
136.784986,13.58567572
136.795089,13.58583371
136.805191,13.58598692
136.815282,13.58614013
136.825396,13.58629334
136.835514,13.58644655
136.845629,13.58659976
136.855744,13.58675297
136.865858,13.58691097
136.875967,13.58707376
136.886089,13.58723175
136.896201,13.58738496
136.906313,13.58753817
136.916418,13.58769138
136.926525,13.58784459
136.936634,13.5879978
136.94674,13.58815101
136.95687,13.58830422
136.967215,13.58845743
136.97735,13.58860586
136.987493,13.58874949
136.99763,13.58889312
137.007724,13.58903676
137.01784,13.58918518
137.031419,13.58933839
137.041577,13.5894916
137.051737,13.58964481
137.061868,13.58979802
137.07199,13.58995123
137.082114,13.59010444
137.092232,13.59025286
137.10235,13.5903965
137.112479,13.59054013
137.122601,13.59068377
137.132729,13.5908274
137.142851,13.59097103
137.152985,13.59111467
137.163121,13.59126309
137.173243,13.59141151
137.183364,13.59155515
137.193492,13.59169878
137.203602,13.59184242
137.213715,13.59198605
137.223857,13.59213447
137.234017,13.59228289
137.24421,13.59242653
137.255861,13.59257016
137.266051,13.59271859
137.276172,13.59287179
137.29008,13.593025
137.30163,13.59317821
137.311891,13.59333142
137.322044,13.59348463
137.332879,13.59363784
137.345038,13.59379105
137.35514,13.59394426
137.365442,13.59409747
137.375568,13.59425068
137.385699,13.59439911
137.395825,13.59454753
137.406095,13.59470074
137.416232,13.59485395
137.426365,13.59500716
137.436563,13.59516037
137.446697,13.59531358
137.456827,13.59546679
137.466917,13.59562479
137.477011,13.59578757
137.487133,13.59595036
137.497248,13.59611314
137.507342,13.59627593
137.517521,13.59643871
137.527614,13.59659671
137.537702,13.59674992
137.547838,13.59690313
137.55794,13.59705634
137.568026,13.59720955
137.578139,13.59736755
137.589291,13.59753033
137.599393,13.59769312
137.609487,13.59785591
137.619604,13.59801869
137.629701,13.59818148
137.639795,13.59834426
137.649918,13.59850705
137.660013,13.59866983
137.670122,13.59883262
137.680235,13.5989954
137.690311,13.59915819
137.700411,13.59932098
137.71055,13.59947897
137.72069,13.59964176
137.73079,13.59979976
137.740889,13.59995775
137.751015,13.60011575
137.761157,13.60027854
137.771258,13.60044132
137.781355,13.60060411
137.791487,13.60076689
137.801605,13.60092968
137.811706,13.60109247
137.821832,13.60125525
137.831945,13.60141804
137.842042,13.60158082
137.852143,13.60174361
137.862254,13.60190639
137.87239,13.60207397
137.882492,13.60224633
137.892594,13.60241869
137.902692,13.60259105
137.912808,13.60276341
137.923615,13.60293577
137.933727,13.60310335
137.943865,13.60326613
137.954071,13.60342892
137.964164,13.6035917
137.974234,13.60375449
137.984304,13.60391727
137.994406,13.60408006
138.004532,13.60424284
138.015584,13.60440563
138.025697,13.60456842
138.035795,13.6047312
138.045863,13.60489399
138.055937,13.60505677
138.065987,13.60521956
138.07608,13.60538234
138.086147,13.60554513
138.096241,13.60570791
138.106308,13.6058707
138.11638,13.60603349
138.126471,13.60619627
138.136563,13.60635906
138.146641,13.60652184
138.156724,13.60668463
138.166818,13.60684741
138.176891,13.6070102
138.186968,13.60717298
138.197036,13.60733577
138.207105,13.60749855
138.21717,13.60766134
138.227249,13.60782413
138.237345,13.60798212
138.247455,13.60813533
138.257544,13.60828854
138.267634,13.60844175
138.277724,13.60859496
138.287818,13.60875296
138.297911,13.60891096
138.308,13.60907374
138.318096,13.60923653
138.328197,13.60939932
138.33829,13.60955731
138.348381,13.60971531
138.358474,13.60986852
138.368565,13.61002173
138.378657,13.61017494
138.388748,13.61032815
138.39884,13.61048136
138.408931,13.61063457
138.419023,13.61078299
138.429113,13.61092663
138.439205,13.61107505
138.449297,13.61122826
138.459394,13.61138147
138.469488,13.61153468
138.479586,13.61168789
138.489678,13.6118411
138.499773,13.61199431
138.509866,13.61214752
138.51996,13.61230073
138.530053,13.61245394
138.540144,13.61260715
138.550235,13.61276036
138.560327,13.61291357
138.570421,13.61307157
138.580512,13.61322956
138.590604,13.61338277
138.600699,13.6135312
138.610791,13.61367962
138.620883,13.61383283
138.630975,13.61398604
138.641067,13.61413925
138.651158,13.61429246
138.661305,13.61444567
138.671432,13.61459888
138.681809,13.61475209
138.691899,13.6149053
138.702059,13.61505851
138.712158,13.61521172
138.722254,13.61536493
138.732349,13.61551814
138.742444,13.61567135
138.752541,13.61581977
138.762637,13.6159634
138.772733,13.61610704
138.782826,13.61625067
138.792925,13.61639431
138.803023,13.61653794
138.813148,13.61668157
138.823268,13.61682521
138.83339,13.61696884
138.843503,13.61711248
138.853613,13.61725611
138.863742,13.61739975
138.873861,13.61754338
138.883975,13.61768702
138.894084,13.61783065
138.904203,13.6179695
138.914319,13.61810355
138.924416,13.61823761
138.934508,13.61837167
138.944606,13.61850573
138.954704,13.61863979
138.964797,13.61877385
138.97489,13.61890791
138.984982,13.61904197
138.995075,13.61917602
139.005249,13.61931008
139.015342,13.61944414
139.025435,13.6195782
139.035526,13.61971226
139.045617,13.61984632
139.055721,13.61997559
139.065817,13.62010007
139.07591,13.62022455
139.086003,13.62034904
139.096093,13.62047352
139.106222,13.620598
139.116313,13.62072249
139.126406,13.62084697
139.136495,13.62097624
139.146586,13.6211103
139.156681,13.62124436
139.166772,13.62137842
139.176871,13.62151248
139.186976,13.62164653
139.197072,13.6217758
139.2072,13.62190029
139.217292,13.62202477
139.227384,13.62214925
139.238295,13.62227374
139.248406,13.62239822
139.258503,13.62251792
139.2686,13.62263282
139.279679,13.62274773
139.28979,13.62286264
139.299908,13.62297276
139.310059,13.62307809
139.3202,13.62318342
139.330342,13.62328875
139.340479,13.62339408
139.350603,13.62349942
139.360726,13.62360954
139.370853,13.62372444
139.380952,13.62383935
139.391068,13.62395426
139.401205,13.62406917
139.411302,13.62418407
139.4214,13.62429419
139.431527,13.62439952
139.441635,13.62450486
139.451734,13.62461019
139.461857,13.62471552
139.471988,13.62482085
139.482115,13.62492618
139.492221,13.62503152
139.50231,13.62513685
139.512425,13.62524218
139.522531,13.62534751
139.53263,13.62545284
139.542748,13.62555817
139.552846,13.62566351
139.562952,13.62576884
139.573078,13.62587417
139.58356,13.6259795
139.593719,13.62608483
139.609108,13.62618538
139.620665,13.62628113
139.634394,13.62637689
139.650228,13.62647265
139.661382,13.6265684
139.67152,13.62666416
139.681655,13.62675992
139.691826,13.62685567
139.702103,13.62695143
139.712453,13.62704718
139.722583,13.62714294
139.732764,13.6272387
139.742873,13.62733445
139.752986,13.62743021
139.76311,13.62752596
139.773219,13.62762172
139.7834,13.62771748
139.793514,13.62780845
139.803626,13.62789463
139.813726,13.62798559
139.823841,13.62807656
139.834021,13.62817232
139.844154,13.62826808
139.854272,13.62836383
139.864428,13.62845959
139.874553,13.62855534
139.884679,13.6286511
139.894819,13.62874686
139.90496,13.62884261
139.915085,13.62893358
139.925222,13.62901976
139.935353,13.62910594
139.945493,13.62919212
139.955622,13.6292783
139.965757,13.62936448
139.97591,13.62945066
139.986061,13.62953685
139.996198,13.62962303
140.006327,13.62970921
140.016457,13.62979539
140.026596,13.62988157
140.036736,13.62996775
140.046867,13.63005393
140.056987,13.63014011
140.067109,13.63022629
140.077262,13.63031726
140.087434,13.63040823
140.097585,13.63049441
140.107798,13.63058059
140.117953,13.63066677
140.128118,13.63075295
140.138247,13.63083913
140.14842,13.63092531
140.158565,13.63101149
140.16873,13.63109767
140.178874,13.63118385
140.189046,13.63127003
140.199181,13.63135621
140.209345,13.63144239
140.219477,13.63152857
140.229622,13.63161475
140.23976,13.63170094
140.249885,13.6317919
140.260033,13.63188287
140.270147,13.63197863
140.280287,13.63207438
140.290409,13.63217014
140.306119,13.6322659
140.316237,13.63236165
140.326366,13.63245741
140.336495,13.63254838
140.346604,13.63263935
140.356725,13.63272553
140.366849,13.63281171
140.377001,13.63289789
140.387128,13.63298407
140.397282,13.63307025
140.407414,13.63315643
140.417578,13.63324261
140.428864,13.63332879
140.442093,13.63341497
140.452238,13.63350115
140.462396,13.63358733
140.474911,13.63367351
140.485051,13.63375969
140.495173,13.63384109
140.505303,13.63391769
140.515426,13.63399908
140.525558,13.63408048
140.535691,13.63416187
140.545822,13.63424805
140.555945,13.63433423
140.566085,13.63442041
140.57623,13.63450659
140.58636,13.63459277
140.596483,13.63467895
140.606657,13.63476513
140.616754,13.63485131
140.628724,13.63493271
140.638823,13.6350141
140.648948,13.63509549
140.65902,13.63517689
140.669088,13.63525828
140.679156,13.63533488
140.689223,13.63541149
140.699288,13.63548809
140.709353,13.6355647
140.71944,13.6356413
140.729529,13.63571791
140.73962,13.63579451
140.749708,13.63587112
140.759798,13.63594772
140.769885,13.63602433
140.779973,13.63610093
140.790127,13.63617754
140.800234,13.63625414
140.810326,13.63633075
140.820416,13.63640735
140.830505,13.63648396
140.840619,13.63655577
140.850719,13.6366228
140.860816,13.63668983
140.870912,13.63675686
140.881009,13.63682389
140.891115,13.63689092
140.901209,13.63695795
140.9113,13.63702498
140.921391,13.63709201
140.931484,13.63715904
140.941575,13.63722607
140.951668,13.6372931
140.961761,13.63736013
140.971855,13.63742716
140.981947,13.63749419
140.992038,13.63756121
141.00213,13.63763303
141.012221,13.63770485
141.022312,13.63778145
141.032401,13.63785806
141.042502,13.63793466
141.052598,13.63801127
141.062695,13.63808787
141.072788,13.63816448
141.08288,13.63824108
141.092972,13.63831769
141.103062,13.63839429
141.113153,13.6384709
141.123243,13.6385475
141.133334,13.63862411
141.143425,13.63870071
141.153516,13.63877732
141.163608,13.63885392
141.173725,13.63893053
141.183823,13.63900713
141.193915,13.63907895
141.204007,13.63914598
141.214102,13.63921301
141.224196,13.63928004
141.234296,13.63935186
141.24439,13.63942367
141.254481,13.63950028
141.264576,13.6395721
141.274668,13.63964391
141.284758,13.63971573
141.294854,13.63979233
141.304948,13.63986894
141.31504,13.63994076
141.325147,13.64001736
141.335242,13.64009397
141.345336,13.64017057
141.355428,13.64024718
141.365522,13.64032378
141.375615,13.64040039
141.385708,13.64047699
141.395799,13.6405536
141.405891,13.6406302
141.415983,13.64070202
141.426075,13.64076905
141.436167,13.64083608
141.446259,13.64090311
141.456351,13.64097014
141.466449,13.64103717
141.47654,13.64110419
141.486633,13.64117122
141.496725,13.64123825
141.506816,13.64130528
141.516906,13.64137231
141.526998,13.64143934
141.537088,13.64150637
141.547181,13.64156861
141.557274,13.64162607
141.567367,13.64168352
141.57746,13.64174097
141.587553,13.64179843
141.597646,13.64185588
141.607744,13.64191333
141.617855,13.64197079
141.62795,13.64202824
141.638322,13.6420857
141.648413,13.64214315
141.658503,13.6422006
141.668597,13.64225806
141.678688,13.64231551
141.688778,13.64237296
141.698953,13.64243042
141.709126,13.64248787
141.719216,13.64254533
141.729307,13.64260278
141.739402,13.64266502
141.749496,13.64273205
141.759586,13.64279429
141.769679,13.64286132
141.779771,13.64292356
141.789861,13.64299059
141.799954,13.64305762
141.810046,13.64312465
141.820137,13.64319168
141.830231,13.64325871
141.840323,13.64332574
141.850415,13.64338798
141.860507,13.64345022
141.870599,13.64350768
141.880692,13.64356513
141.890786,13.64362258
141.900878,13.64368004
141.910985,13.64373749
141.921099,13.64379494
141.93126,13.6438524
141.941417,13.64390985
141.951543,13.6439673
141.961679,13.64402476
141.971812,13.64408221
141.981953,13.64413967
141.992087,13.64419712
142.002211,13.64425457
142.012545,13.64431203
142.022667,13.64436948
142.032875,13.64442693
142.042996,13.64448439
142.053121,13.64454184
142.063256,13.6445993
142.073379,13.64465675
142.083494,13.6447142
142.093613,13.64477166
142.103741,13.64482911
142.113879,13.64488178
142.123998,13.64492965
142.134127,13.64497753
142.144246,13.64502541
142.154358,13.64507329
142.164647,13.64512117
142.174767,13.64516905
142.184894,13.64521692
142.195644,13.6452648
142.20609,13.64531268
142.218524,13.64536056
142.228861,13.64540844
142.239345,13.64545631
142.255465,13.64550419
142.265601,13.64555207
142.276242,13.64559995
142.292423,13.64564783
142.302973,13.64569092
142.313124,13.64573401
142.323263,13.64577231
142.333395,13.64581061
142.343623,13.64584891
142.353889,13.64588722
142.364037,13.64592552
142.374397,13.64596382
142.384524,13.64600212
142.394724,13.64604043
142.404851,13.64607873
142.414964,13.64611703
142.425097,13.64615533
142.435224,13.64619364
142.445376,13.64623194
142.455496,13.64627024
142.465642,13.64630854
142.475772,13.64634685
142.485919,13.64638515
142.496039,13.64642345
142.506171,13.64646175
142.518152,13.64650006
142.528303,13.64653836
142.538401,13.64657666
142.548515,13.64661496
142.558613,13.64664848
142.568722,13.64668199
142.578817,13.64671551
142.58891,13.64674423
142.599004,13.64677296
142.609103,13.64680169
142.619196,13.64683042
142.629295,13.64685914
142.639395,13.64688787
142.6495,13.6469166
142.659598,13.64695011
142.669693,13.64698841
142.679783,13.64702672
142.689876,13.64706502
142.699969,13.64710332
142.710047,13.64714162
142.720148,13.64717993
142.730243,13.64721823
142.740336,13.64725653
142.750441,13.64729483
142.760531,13.64733314
142.770617,13.64737144
142.780711,13.64740974
142.790804,13.64744804
142.800893,13.64748635
142.811001,13.64752465
142.821088,13.64756295
142.831187,13.64760125
142.841281,13.64763956
142.851387,13.64767786
142.86148,13.64771616
142.871574,13.64775446
142.881668,13.64779277
142.891763,13.64783107
142.901944,13.64786937
142.912045,13.64790767
142.922137,13.64794598
142.932232,13.64798428
142.942328,13.64802258
142.952427,13.64806088
142.962519,13.64809919
142.972606,13.64813749
142.982696,13.64817579
142.992793,13.64821409
143.002887,13.6482524
143.012975,13.6482907
143.023068,13.648329
143.033157,13.6483673
143.043245,13.64840082
143.053344,13.64843433
143.063439,13.64846306
143.073532,13.64849179
143.083624,13.64852051
143.093714,13.64854924
143.103803,13.64858275
143.11389,13.64862106
143.123981,13.64865936
143.134073,13.64869766
143.144158,13.64873596
143.154247,13.64877427
143.164336,13.64881257
143.174451,13.64885087
143.184548,13.64888917
143.194641,13.64892748
143.204735,13.64896578
143.214824,13.64900408
143.224917,13.64904238
143.235031,13.64908069
143.24513,13.64911899
143.255221,13.64915729
143.265309,13.64919559
143.275402,13.64922911
143.285494,13.64926262
143.295588,13.64929135
143.305683,13.64932486
143.315773,13.64935838
143.325865,13.64939189
143.33596,13.64942062
143.346052,13.64944935
143.356143,13.64948286
143.366272,13.64951159
143.376371,13.64954032
143.386467,13.64956904
143.396563,13.64959777
143.406659,13.6496265
143.416754,13.64965522
143.426851,13.64968395
143.436946,13.64971268
143.447043,13.6497414
143.457138,13.64977013
143.467234,13.64979886
143.47733,13.64982758
143.487425,13.64985631
143.497522,13.64988504
143.507617,13.64991377
143.517715,13.64994249
143.52781,13.64997122
143.537906,13.64999995
143.548001,13.65002867
143.558099,13.6500574
143.568195,13.65008613
143.578293,13.65011485
143.588387,13.65014358
143.598486,13.65017231
143.608581,13.65020103
143.618699,13.65022976
143.628804,13.65025849
143.638898,13.65028721
143.648998,13.65031594
143.659483,13.65034467
143.669579,13.65037339
143.679677,13.65040212
143.689774,13.65043085
143.699869,13.65045958
143.710013,13.6504883
143.720103,13.65051703
143.730199,13.65054576
143.740297,13.65057448
143.750392,13.65060321
143.760487,13.65063194
143.770583,13.65066066
143.78068,13.6506846
143.790777,13.65070375
143.800873,13.65072769
143.81097,13.65074684
143.821065,13.65077078
143.831163,13.65079472
143.84126,13.65082345
143.851356,13.65085218
143.861452,13.6508809
143.871549,13.65090963
143.881645,13.65093836
143.891741,13.65096708
143.901835,13.65099581
143.911929,13.65102454
143.922018,13.65105326
143.93211,13.65108199
143.942202,13.65111072
143.952307,13.65113944
143.962399,13.65116817
143.97249,13.6511969
143.98256,13.65122563
143.992629,13.65125435
144.002696,13.65128308
144.012761,13.65131181
144.022827,13.65134053
144.032893,13.65136926
144.042961,13.65139799
144.053027,13.65142671
144.063092,13.65145544
144.073163,13.65148417
144.08323,13.65151289
144.093296,13.65154162
144.103362,13.65157035
144.113429,13.65159907
144.123494,13.6516278
144.13356,13.65165653
144.143627,13.65168525
144.153692,13.65171398
144.163757,13.65174271
144.17383,13.65177144
144.183899,13.65180016
144.193965,13.65182889
144.20403,13.65185762
144.214097,13.65188634
144.224164,13.65191507
144.234238,13.6519438
144.244323,13.65197252
144.254393,13.65200125
144.264463,13.65202998
144.274532,13.6520587
144.2846,13.65208743
144.294668,13.65212095
144.304735,13.65215925
144.314804,13.65219755
144.324872,13.65223585
144.33494,13.65227416
144.345007,13.65231246
144.355074,13.65235076
144.365142,13.65238906
144.37521,13.65242737
144.385277,13.65247046
144.395345,13.65251355
144.405412,13.65256142
144.41548,13.6526093
144.425547,13.65265718
144.435615,13.65270506
144.445681,13.65275294
144.455747,13.65280081
144.465815,13.65284869
144.475885,13.65289657
144.485954,13.65294445
144.496021,13.65299233
144.506094,13.65304021
144.516163,13.65308808
144.526229,13.65313596
144.5363,13.65318384
144.546368,13.65323172
144.556434,13.6532796
144.5665,13.65332747
144.576567,13.65337535
144.586632,13.65342323
144.5967,13.65347111
144.606767,13.65351899
144.61684,13.65356686
144.626919,13.65361474
144.636997,13.65366262
144.647074,13.6537105
144.657151,13.65375838
144.667229,13.65380625
144.677305,13.65384935
144.687383,13.65388765
144.697459,13.65392595
144.707535,13.65396425
144.717622,13.65400256
144.727857,13.65404086
144.738272,13.65407916
144.748401,13.65411746
144.758814,13.65415576
144.768896,13.65419886
144.778977,13.65424195
144.789059,13.65428982
144.799141,13.6543377
144.809222,13.65438558
144.819305,13.65443346
144.829404,13.65448134
144.83949,13.65452921
144.849574,13.65457709
144.859657,13.65462497
144.869738,13.65467285
144.879824,13.65472073
144.889908,13.6547686
144.89999,13.65481648
144.910073,13.65486436
144.920157,13.65491224
144.930238,13.65496012
144.940321,13.655008
144.950404,13.65505587
144.960487,13.65510375
144.970569,13.65515163
144.980652,13.65519951
144.990737,13.65524739
145.000821,13.65529526
145.010903,13.65534314
145.020985,13.65539102
145.031067,13.6554389
145.041151,13.65548678
145.051234,13.65553465
145.061315,13.65558253
145.071397,13.65563041
145.081486,13.65567829
145.091568,13.65572617
145.10165,13.65577883
145.111762,13.65583629
145.12184,13.65588895
145.1324,13.65593683
145.142687,13.65598471
145.152773,13.65603259
145.162855,13.65608046
145.172941,13.65612834
145.183026,13.65617622
145.193108,13.6562241
145.20319,13.65627198
145.213305,13.65631986
145.223389,13.65636773
145.233475,13.65641561
145.243557,13.65646349
145.253648,13.65651137
145.26374,13.65655925
145.273821,13.65660712
145.283911,13.656655
145.294019,13.65670288
145.304106,13.65675076
145.314263,13.65679864
145.324351,13.65684651
145.334449,13.65689439
145.344538,13.65694227
145.35462,13.65699015
145.364699,13.65703803
145.374779,13.6570859
145.384858,13.65713378
145.39494,13.65718166
145.405038,13.65722954
145.415147,13.65727742
145.425238,13.6573253
145.435319,13.65737317
145.445397,13.65742105
145.455477,13.65746893
145.465558,13.65751681
145.475639,13.65756469
145.485718,13.65761256
145.495797,13.65766044
145.505876,13.65770832
145.516016,13.6577562
145.526099,13.65780408
145.536183,13.65785674
145.546264,13.65790941
145.556346,13.65796686
145.566429,13.65802432
145.57651,13.65808177
145.586593,13.65813922
145.596677,13.65819668
145.606759,13.65825413
145.616871,13.65831158
145.626953,13.65836904
145.63704,13.65842649
145.647122,13.65848395
145.657203,13.6585414
145.667297,13.65859885
145.677386,13.65865631
145.687484,13.65871376
145.697569,13.65877121
145.70768,13.65882867
145.717789,13.65888612
145.72787,13.65894358
145.737952,13.65900103
145.748036,13.65905848
145.75812,13.65911594
145.768204,13.65917339
145.778287,13.65923084
145.788368,13.6592883
145.798451,13.65934575
145.808529,13.6594032
145.818609,13.65946066
145.82869,13.65951811
145.838772,13.65957557
145.848855,13.65962823
145.858937,13.65967611
145.869018,13.65972399
145.879099,13.65977187
145.889181,13.65981974
145.899261,13.65986762
145.909342,13.6599155
145.919455,13.65996338
145.929537,13.66001126
145.939618,13.66005913
145.949704,13.66010701
145.959787,13.66015489
145.96987,13.66020277
145.979954,13.66025065
145.990036,13.66029853
146.000119,13.6603464
146.010201,13.66039428
146.020311,13.66044216
146.030394,13.66049004
146.040475,13.66053792
146.050558,13.66058579
146.060642,13.66063846
146.070725,13.66069113
146.080808,13.66074858
146.090894,13.66080603
146.100975,13.66086349
146.111057,13.66092094
146.121168,13.66097839
146.13125,13.66103585
146.141331,13.6610933
146.15141,13.66115076
146.161492,13.66120821
146.171574,13.66126566
146.181657,13.66132312
146.191739,13.66138057
146.201817,13.66143802
146.211898,13.66149548
146.222034,13.66155293
146.232121,13.66161039
146.242205,13.66166784
146.252291,13.66172529
146.262374,13.66178275
146.272459,13.6618402
146.282543,13.66189765
146.292628,13.66195511
146.302712,13.66201256
146.312798,13.66206523
146.322884,13.66211311
146.332968,13.66216098
146.343055,13.66220886
146.353141,13.66226153
146.363225,13.66231419
146.373309,13.66236686
146.383392,13.66241953
146.393478,13.66247698
146.403563,13.66252964
146.413646,13.66257752
146.423731,13.66262061
146.433811,13.66265892
146.443891,13.66270201
146.453992,13.66274031
146.464074,13.66277861
146.474155,13.6628217
146.484237,13.66286
146.494319,13.66289831
146.5044,13.66293661
146.514481,13.66297491
146.52456,13.66301321
146.534641,13.66305152
146.544723,13.66308982
146.554804,13.66312812
146.564885,13.66316642
146.574966,13.66320473
146.585048,13.66324303
146.595132,13.66328133
146.605214,13.66331963
146.615296,13.66335794
146.625409,13.66339624
146.635493,13.66343454
146.645575,13.66347284
146.655656,13.66351115
146.665739,13.66354945
146.675828,13.66358775
146.685913,13.66362605
146.695995,13.66366436
146.706076,13.66370266
146.716158,13.66374096
146.72624,13.66378405
146.736324,13.66382714
146.746407,13.66387502
146.756483,13.66391811
146.766563,13.66396599
146.776641,13.66401387
146.78672,13.66405696
146.796798,13.66410005
146.806876,13.66413835
146.816955,13.66417665
146.827034,13.66421495
146.837116,13.66425326
146.847196,13.66429156
146.857278,13.66432986
146.867359,13.66436816
146.877442,13.66440647
146.887522,13.66444477
146.897604,13.66448307
146.907684,13.66452137
146.917765,13.66455968
146.927878,13.66459798
146.937962,13.66463628
146.948044,13.66467458
146.958126,13.66471289
146.968207,13.66475119
146.97829,13.66478949
146.98837,13.66482779
146.998451,13.6648661
147.008532,13.6649044
147.018613,13.6649427
147.028722,13.664981
147.038805,13.66501931
147.048887,13.66505761
147.05897,13.66509591
147.06905,13.66513421
147.079131,13.66517252
147.089212,13.66521082
147.099298,13.66524912
147.10938,13.66528742
147.119467,13.66532094
147.129577,13.66534967
147.139659,13.66537839
147.149742,13.66540712
147.159824,13.66543585
147.169905,13.66546457
147.17999,13.6654933
147.190071,13.66552203
147.200154,13.66555075
147.210234,13.66557948
147.220316,13.66560821
147.230397,13.66563693
147.240479,13.66566566
147.25056,13.66569439
147.260641,13.66572311
147.270724,13.66575184
147.280806,13.66578057
147.290888,13.66580929
147.30097,13.66583802
147.311117,13.66586675
147.321212,13.66589548
147.331297,13.6659242
147.341379,13.66595293
147.351461,13.66598166
147.361543,13.66601038
147.371623,13.66603911
147.381704,13.66606784
147.391786,13.66609656
147.401867,13.66612529
147.411949,13.66615402
147.42203,13.66618274
147.432112,13.66621147
147.442193,13.6662402
147.452276,13.66626892
147.462358,13.66629765
147.472438,13.66632638
147.48252,13.66635511
147.492602,13.66638383
147.502683,13.66641256
147.512765,13.66644129
147.522846,13.66647001
147.532927,13.66649874
147.543008,13.66652747
147.553089,13.66655141
147.56317,13.66657534
147.57325,13.6665945
147.583332,13.66661365
147.593421,13.6666328
147.603505,13.66665195
147.613588,13.6666711
147.62367,13.66669025
147.633758,13.6667094
147.64384,13.66672855
147.653919,13.66674771
147.664001,13.66676686
147.674083,13.66678601
147.684172,13.66680516
147.694255,13.66682431
147.704335,13.66684346
147.714415,13.66686261
147.724495,13.66688176
147.734584,13.66690092
147.744669,13.66692007
147.754754,13.66693922
147.764836,13.66695837
147.774972,13.66697752
147.785306,13.66699667
147.795389,13.66701582
147.80547,13.66703497
147.815554,13.66705413
147.825638,13.66707328
147.835718,13.66709243
147.845798,13.66711158
147.855887,13.66713073
147.865964,13.66714988
147.87604,13.66716903
147.886122,13.66718818
147.896202,13.66720734
147.906283,13.66722649
147.916363,13.66724564
147.926443,13.66726479
147.936523,13.66728394
147.946601,13.66730788
147.95668,13.66733182
147.966762,13.66735576
147.97684,13.66737491
147.986921,13.66739406
147.996999,13.66741321
148.00708,13.66743236
148.017159,13.66745151
148.027239,13.66747067
148.03732,13.66748982
148.047401,13.66750897
148.05748,13.66752812
148.067561,13.66754727
148.077641,13.66756163
148.087722,13.667576
148.097801,13.66758557
148.107884,13.66759994
148.117965,13.66761909
148.128046,13.66763824
148.138127,13.66765739
148.148208,13.66767654
148.158288,13.66769569
148.168367,13.66771484
148.178451,13.66773399
148.188532,13.66775315
148.198611,13.6677723
148.20869,13.66779145
148.21877,13.6678106
148.228849,13.66782975
148.238929,13.6678489
148.249011,13.66786805
148.259091,13.6678872
148.269171,13.66790636
148.279253,13.66792551
148.289332,13.66794466
148.299413,13.66796381
148.309493,13.66798296
148.319581,13.66800211
148.329662,13.66802126
148.339742,13.66804041
148.349823,13.66805957
148.359903,13.66807872
148.370001,13.66809308
148.380083,13.66810744
148.390162,13.66812181
148.400241,13.66813617
148.41032,13.66814575
148.420399,13.66815532
148.430478,13.66816969
148.440555,13.66818405
148.450636,13.6682032
148.460714,13.66821756
148.470795,13.66823671
148.480874,13.66826065
148.490954,13.6682798
148.501034,13.66830374
148.511114,13.66832768
148.521193,13.66835162
148.531273,13.66838035
148.541352,13.66840908
148.551434,13.6684378
148.561514,13.66846653
148.571594,13.66849526
148.581672,13.66852398
148.591751,13.66855271
148.601832,13.66858144
148.611912,13.66861016
148.621993,13.66863889
148.632075,13.66866762
148.642157,13.66869634
148.652236,13.66872507
148.662319,13.6687538
148.672398,13.66878252
148.682478,13.66881125
148.692557,13.66883998
148.702637,13.66886871
148.712715,13.66889743
148.722795,13.66892616
148.73288,13.66895489
148.742961,13.66897883
148.75304,13.66900276
148.763119,13.66902192
148.773198,13.66904585
148.783278,13.66906501
148.793355,13.66908416
148.803435,13.66910331
148.813514,13.66912246
148.823593,13.66914161
148.833672,13.66916076
148.843752,13.66917991
148.85383,13.66919906
148.863912,13.66921822
148.873994,13.66923737
148.884073,13.66925652
148.894153,13.66927567
148.904232,13.66929482
148.914312,13.66931397
148.92439,13.66933312
148.934501,13.66935227
148.944579,13.66937143
148.954661,13.66939058
148.964739,13.66940973
148.97482,13.66942888
148.984904,13.66944803
148.994981,13.66946718
149.005061,13.66948633
149.015141,13.66950548
149.025218,13.66952464
149.035324,13.66954379
149.045403,13.66956294
149.055484,13.66958209
149.065561,13.66960124
149.075642,13.66962039
149.085721,13.66963954
149.095802,13.66965869
149.105883,13.66967785
149.115969,13.669697
149.12605,13.66971615
149.136158,13.6697353
149.146239,13.66975445
149.156317,13.6697736
149.166397,13.66979275
149.176479,13.6698119
149.186561,13.66983106
149.19664,13.66985021
149.20672,13.66986936
149.216798,13.66988851
149.226877,13.66990766
149.236985,13.6699316
149.247066,13.66996033
149.257145,13.66998905
149.267226,13.67001778
149.277303,13.67004651
149.287381,13.67007523
149.297466,13.67010396
149.307544,13.67013269
149.317623,13.67016141
149.327706,13.67019014
149.337815,13.67021887
149.347895,13.67024759
149.357991,13.67027632
149.36807,13.67030505
149.37815,13.67033378
149.388229,13.6703625
149.398309,13.67039123
149.408387,13.67041996
149.418468,13.67044868
149.428546,13.67047741
149.438626,13.67050614
149.448706,13.67053486
149.458785,13.67056359
149.468864,13.67059232
149.478945,13.67062104
149.489027,13.67064977
149.499106,13.6706785
149.509183,13.67070722
149.519263,13.67073595
149.529342,13.67076468
149.539449,13.67079341
149.549527,13.67082213
149.559612,13.67085086
149.56969,13.67087959
149.579769,13.67090831
149.589849,13.67093704
149.599935,13.67096577
149.61002,13.67099449
149.620108,13.67102322
149.630198,13.67105195
149.640357,13.67108067
149.650449,13.6711094
149.660539,13.67113813
149.670629,13.67116685
149.680719,13.67119558
149.690808,13.67122431
149.700899,13.67125304
149.710991,13.67128176
149.721084,13.67131049
149.731175,13.67133922
149.741339,13.67136794
149.751421,13.67139667
149.761503,13.6714254
149.771586,13.67145412
149.781666,13.67148285
149.791747,13.67151158
149.801828,13.6715403
149.811905,13.67156903
149.822007,13.67159776
149.832082,13.67162648
149.842215,13.67165521
149.852298,13.67168394
149.862382,13.67171266
149.872465,13.67174139
149.882548,13.67177012
149.89263,13.67179885
149.902712,13.67182757
149.912794,13.6718563
149.922875,13.67188503
149.932957,13.67191375
149.943039,13.67194248
149.953117,13.67197121
149.963195,13.67199515
149.973272,13.67201908
149.983349,13.67204302
149.993428,13.67207175
150.003508,13.67210048
150.013589,13.6721292
150.023666,13.67215793
150.033744,13.67218666
150.043885,13.67221538
150.053969,13.67224411
150.064052,13.67227284
150.074134,13.67230157
150.084215,13.67233029
150.094296,13.67235902
150.104378,13.67238775
150.11446,13.67241647
150.124547,13.67244041
150.134629,13.67245956
150.14474,13.67247871
150.154822,13.67249787
150.164904,13.67251702
150.174998,13.67254096
150.185082,13.67256968
150.195163,13.67259841
150.205244,13.67262714
150.215326,13.67265586
150.225408,13.67268459
150.235493,13.67271332
150.245635,13.67274204
150.255721,13.67277077
150.265803,13.6727995
150.275886,13.67282822
150.285969,13.67285695
150.296052,13.67288568
150.306134,13.67291441
150.316215,13.67294313
150.326296,13.67297186
150.336378,13.67300059
150.346459,13.67302931
150.356561,13.67305804
150.366657,13.67308677
150.376742,13.67311549
150.386826,13.67314422
150.396909,13.67317295
150.406992,13.67320167
150.417074,13.6732304
150.427156,13.67325913
150.437239,13.67328785
150.44735,13.67331658
150.457433,13.67334531
150.467515,13.67337403
150.477595,13.67340276
150.487678,13.67343149
150.497761,13.67345543
150.507842,13.67347937
150.517924,13.67350331
150.528006,13.67352724
150.53809,13.67355118
150.5482,13.67357034
150.558282,13.67358949
150.568363,13.67360864
150.578445,13.67362779
150.588526,13.67364694
150.598608,13.67366609
150.608691,13.67368524
150.618772,13.67370439
150.628858,13.67372355
150.63894,13.6737427
150.649055,13.67376185
150.659136,13.673781
150.669218,13.67380015
150.679299,13.6738193
150.689378,13.67383845
150.69946,13.6738576
150.709544,13.67387676
150.719629,13.67389591
150.729712,13.67391506
150.739795,13.67393421
150.749908,13.67395336
150.759992,13.67397251
150.770073,13.67399166
150.780154,13.67401081
150.790235,13.67402996
150.800318,13.67404912
150.810399,13.67406827
150.820632,13.67408742
150.830712,13.67410657
150.840793,13.67412572
150.850874,13.67414487
150.860954,13.67416402
150.871036,13.67418317
150.881117,13.67420233
150.891199,13.67422148
150.901279,13.67424063
150.911362,13.67425978
150.921443,13.67427893
150.931523,13.67429808
150.941604,13.67431723
150.951714,13.67433638
150.961796,13.67435554
150.971877,13.67437469
150.981958,13.67439384
150.992041,13.67441299
151.002122,13.67443214
151.012204,13.67445129
151.022285,13.67447044
151.032365,13.67448959
151.042445,13.67450875
151.05255,13.6745279
151.062631,13.67454705
151.072714,13.6745662
151.082797,13.67458535
151.092878,13.6746045
151.10296,13.67462365
151.113041,13.6746428
151.123124,13.67466196
151.13321,13.67468111
151.143292,13.67470026
151.153402,13.67471941
151.163485,13.67474335
151.173582,13.67477208
151.183665,13.6748008
151.193747,13.67482953
151.203829,13.67485826
151.213911,13.67488698
151.223991,13.67491571
151.234072,13.67494444
151.244153,13.67497316
151.254234,13.6749971
151.264315,13.67501625
151.274396,13.67503541
151.284476,13.67505456
151.294558,13.67507371
151.304639,13.67509286
151.31472,13.67511201
151.324802,13.67513116
151.334884,13.67515031
151.344969,13.67516946
151.355048,13.67518861
151.365132,13.67520777
151.375215,13.67522692
151.385294,13.67524607
151.395373,13.67526522
151.405452,13.67528437
151.415531,13.67530352
151.425609,13.67532267
151.435688,13.67534182
151.445766,13.67536098
151.455845,13.67538013
151.465925,13.67539928
151.476005,13.67541843
151.486085,13.67543758
151.496163,13.67545673
151.506243,13.67547588
151.516323,13.67549503
151.526401,13.67551419
151.536481,13.67553334
151.54656,13.67555249
151.556642,13.67557164
151.56672,13.67559079
151.576798,13.67560994
151.586878,13.67562909
151.596965,13.67564824
151.607046,13.6756674
151.617127,13.67568655
151.62721,13.6757057
151.637291,13.67572485
151.64737,13.675744
151.657479,13.67576315
151.667559,13.6757823
151.677637,13.67580145
151.687718,13.67582061
151.697796,13.67583976
151.707875,13.67585891
151.717954,13.67587806
151.728035,13.675902
151.738122,13.67592594
151.748204,13.67594988
151.758284,13.6759786
151.768362,13.67600733
151.778441,13.67603606
151.788518,13.67606478
151.798598,13.67609351
151.808677,13.67611745
151.818756,13.67614139
151.828835,13.67616533
151.838914,13.67619406
151.848992,13.67622278
151.859102,13.67625151
151.869181,13.67628024
151.879262,13.67630896
151.88934,13.67633769
151.899421,13.67636642
151.909499,13.67639514
151.919579,13.67642387
151.929657,13.6764526
151.939737,13.67648132
151.949813,13.67651005
151.95992,13.67653878
151.97,13.6765675
151.98008,13.67659623
151.990159,13.67662496
152.000238,13.67665368
152.010316,13.67668241
152.020395,13.67671114
152.030475,13.67673987
152.040553,13.67676859
152.050635,13.67679732
152.060744,13.67682605
152.070825,13.67685477
152.080903,13.6768835
152.090982,13.67691223
152.101061,13.67694095
152.111141,13.67696968
152.12122,13.67699841
152.1313,13.67702713
152.141388,13.67705586
152.151467,13.67708459
152.161576,13.67711331
152.171657,13.67714204
152.181738,13.67717077
152.191818,13.67719471
152.201898,13.67721386
152.211978,13.67723301
152.222057,13.67725216
152.232136,13.67727131
152.242222,13.67729046
152.252302,13.67730961
152.262387,13.67732877
152.27247,13.67734792
152.282552,13.67736707
152.292634,13.67738622
152.302716,13.67740537
152.312801,13.67742452
152.322883,13.67744367
152.332964,13.67746282
152.343046,13.67748198
152.35316,13.67750113
152.363245,13.67752028
152.373327,13.67753943
152.383665,13.67755858
152.393751,13.67757773
152.403832,13.67759688
152.413916,13.67761603
152.424,13.67763519
152.434083,13.67765434
152.444167,13.67767349
152.45425,13.67769264
152.464332,13.67771179
152.474415,13.67773094
152.484498,13.67775009
152.49458,13.67776924
152.504668,13.6777884
152.514776,13.67780755
152.524863,13.6778267
152.534946,13.67784585
152.54503,13.677865
152.555112,13.67788415
152.565195,13.6779033
152.575277,13.67792245
152.585361,13.67794161
152.595451,13.67796076
152.605534,13.67797991
152.615626,13.67799906
152.625708,13.67801821
152.635788,13.67803736
152.645871,13.67805651
152.655954,13.67807566
152.666041,13.67809482
152.676126,13.67811397
152.686206,13.67813312
152.976051,13.67815227
152.98612,13.67817142
152.996188,13.67819057
153.006262,13.67820972
153.01633,13.67822887
153.026398,13.67824803
153.036464,13.67826718
153.046532,13.67828633
153.056599,13.67830548
153.066666,13.67832463
153.076732,13.67834378
153.086798,13.67836293
153.096864,13.67838208
153.106929,13.67840124
153.116994,13.67842039
153.127059,13.67843954
153.137125,13.67845869
153.147194,13.67847784
153.157262,13.67849699
153.167329,13.67851614
153.177399,13.67853529
153.187466,13.67855445
153.197533,13.6785736
153.207598,13.67859275
153.217666,13.6786119
153.227732,13.67863105
153.237797,13.6786502
153.247865,13.67866935
153.257932,13.6786885
153.267998,13.67870766
153.278064,13.67872681
153.288129,13.67874596
153.298196,13.67876511
153.308261,13.67878426
153.318327,13.67880341
153.328393,13.67882256
153.338459,13.67884171
153.348524,13.67886087
153.358591,13.67888002
153.368656,13.67889917
153.378722,13.67891832
153.388788,13.67893747
153.398853,13.67895662
153.408918,13.67897577
153.418983,13.67899492
153.429048,13.67901408
153.439113,13.67903323
153.449178,13.67905238
153.459242,13.67906674
153.469308,13.67907632
153.479373,13.67908589
153.489439,13.67909547
153.499504,13.67910504
153.509568,13.67911462
153.519634,13.67912419
153.529698,13.67913377
153.539763,13.67914335
153.54983,13.67915292
153.559894,13.6791625
153.569959,13.67917207
153.580024,13.67918165
153.590088,13.67919122
153.600158,13.6792008
153.610225,13.67921038
153.620291,13.67921995
153.630358,13.67922953
153.640422,13.6792391
153.65049,13.67924868
153.660558,13.67925825
153.670624,13.67926783
153.680692,13.6792774
153.690757,13.67928698
153.700825,13.67929656
153.710892,13.67930613
153.72096,13.67931571
153.731026,13.67932528
153.741097,13.67933486
153.751165,13.67934443
153.761232,13.67935401
153.771299,13.67936359
153.781366,13.67937316
153.791433,13.67938274
153.801499,13.67939231
153.811565,13.67940189
153.821633,13.67941146
153.83189,13.67942104
153.841957,13.67943061
153.852118,13.67944019
153.862184,13.67944977
153.87225,13.67945934
153.882316,13.67946892
153.892382,13.67947849
153.902449,13.67948807
153.912517,13.67949764
153.922583,13.67950722
153.932649,13.6795168
153.942716,13.67952637
153.952782,13.67953595
153.962848,13.67954552
153.972914,13.6795551
153.982985,13.67956467
153.993054,13.67957425
154.003122,13.67958382
154.013189,13.6795934
154.023255,13.67959819
154.033322,13.67960298
154.043388,13.67960776
154.053455,13.67960776
154.063522,13.67960776
154.073589,13.67960776
154.083654,13.67960776
154.09372,13.67961255
154.103785,13.67962691
154.113852,13.67964128
154.123917,13.67965564
154.133988,13.67966522
154.144055,13.67967479
154.154126,13.67968437
154.164195,13.67969394
154.174267,13.67970352
154.184333,13.6797131
154.194401,13.67972267
154.204468,13.67973225
154.214534,13.67974182
154.224602,13.6797514
154.234668,13.67976097
154.244737,13.67977055
154.254803,13.67978012
154.264871,13.6797897
154.274937,13.67979928
154.285008,13.67980885
154.295075,13.67981843
154.305144,13.679828
154.315212,13.67983758
154.325281,13.67984715
154.335348,13.67985673
154.345416,13.67986631
154.355482,13.67987588
154.365553,13.67988546
154.37562,13.67989503
154.385688,13.67990461
154.395755,13.67991418
154.405823,13.67992376
154.415889,13.67993333
154.425956,13.67994291
154.436023,13.67995249
154.44609,13.67996206
154.456156,13.67997164
154.466221,13.67998121
154.476287,13.67999079
154.486354,13.68000036
154.49642,13.68000994
154.506487,13.68001952
154.516555,13.68002909
154.52662,13.68003867
154.536687,13.68004824
154.546753,13.68005782
154.55682,13.68006739
154.566886,13.68007697
154.576953,13.68008654
154.58702,13.68009612
154.59709,13.6801057
154.607156,13.68011527
154.617224,13.68012485
154.62729,13.68013442
154.637356,13.680144
154.647422,13.68015357
154.657489,13.68016315
154.667555,13.68017273
154.677621,13.6801823
154.687688,13.68019188
154.697755,13.68020145
154.707824,13.68021103
154.717891,13.6802206
154.727957,13.68023018
154.737996,13.68023975
154.748063,13.68024933
154.75813,13.68025891
154.768196,13.68026848
154.778263,13.68027806
154.78833,13.68028763
154.798397,13.68029721
154.808461,13.68030678
154.818529,13.68031636
154.828596,13.68032594
154.838662,13.68033551
154.848729,13.68034509
154.858796,13.68035466
154.868863,13.68036424
154.878929,13.68037381
154.888995,13.68038339
154.899061,13.68039296
154.909128,13.68040254
154.919194,13.68041212
154.92926,13.68042169
154.939326,13.68043127
154.949392,13.68044084
154.959463,13.68045042
154.969533,13.68045999
154.979603,13.68046957
154.989671,13.68047915
154.999739,13.68048872
155.009806,13.6804983
155.019874,13.68050787
155.02994,13.68051745
155.040005,13.68052702
155.050024,13.6805366
155.060091,13.68054617
155.070156,13.68055575
155.080224,13.68056533
155.09029,13.6805749
155.100356,13.68058448
155.110423,13.68059405
155.120488,13.68060363
155.130555,13.6806132
155.140622,13.68062278
155.150689,13.68063236
155.160758,13.68064193
155.170827,13.68065151
155.180894,13.68066108
155.190961,13.68067066
155.201029,13.68068023
155.211095,13.68068981
155.221162,13.68069938
155.231228,13.68070896
155.241295,13.68071854
155.251362,13.68072811
155.261428,13.68074247
155.271495,13.68075684
155.281561,13.6807712
155.291627,13.68078078
155.301694,13.68079514
155.311759,13.6808095
155.321828,13.68082387
155.331896,13.68083823
155.341962,13.68085259
155.352029,13.68086696
155.362095,13.68087653
155.37219,13.68088611
155.382278,13.68090047
155.392347,13.68091962
155.402415,13.68093877
155.412483,13.68095793
155.422552,13.68097229
155.432632,13.68098665
155.442702,13.6810058
155.452771,13.68102496
155.462838,13.68104411
155.472905,13.68106326
155.482972,13.68108241
155.493043,13.68110156
155.503112,13.68112071
155.513181,13.68113508
155.523249,13.68114944
155.533317,13.68116859
155.543383,13.68118774
155.553451,13.68120689
155.563519,13.68122604
155.573587,13.68124519
155.583656,13.68126435
155.593723,13.6812835
155.603792,13.68130265
155.613876,13.6813218
155.623946,13.68134095
155.634013,13.6813601
155.644079,13.68137925
155.654144,13.6813984
155.664209,13.68141756
155.674273,13.68143671
155.684337,13.68145586
155.694401,13.68147501
155.704466,13.68149416
155.714531,13.68151331
155.724609,13.68153246
155.734681,13.68155161
155.744748,13.68157077
155.754814,13.68158992
155.764884,13.68160907
155.77495,13.68162822
155.785016,13.68164737
155.795081,13.68166652
155.805147,13.68168567
155.815213,13.68170482
155.825277,13.68172398
155.835344,13.68174313
155.845412,13.68176228
155.855478,13.68178143
155.865545,13.68180058
155.87561,13.68181973
155.885675,13.68183888
155.89574,13.68185803
155.905806,13.68187719
155.915872,13.68189634
155.925961,13.68191549
155.936028,13.68193464
155.946105,13.68195379
155.956197,13.68197294
155.966287,13.68199209
155.976374,13.68201124
155.986442,13.6820304
155.996524,13.68204955
156.006615,13.6820687
156.016728,13.68208785
156.026828,13.682107
156.036898,13.68212615
156.046966,13.6821453
156.057034,13.68216445
156.067101,13.68218361
156.077166,13.68220276
156.087232,13.68222191
156.097297,13.68224106
156.107363,13.68225542
156.117429,13.682265
156.127517,13.68227457
156.13759,13.68228415
156.147659,13.68229373
156.157727,13.6823033
156.167802,13.68231288
156.177876,13.68232245
156.187945,13.68233203
156.198001,13.6823416
156.208102,13.68235118
156.218194,13.68236075
156.228291,13.68237033
156.238385,13.68237991
156.248494,13.68238948
156.258586,13.68239906
156.26868,13.68240863
156.278768,13.68241821
156.288869,13.68242778
156.29897,13.68243736
156.309038,13.68244694
156.319109,13.68245651
156.329177,13.68246609
156.339243,13.68247566
156.349309,13.68248524
156.359376,13.68249481
156.369464,13.68250439
156.379533,13.68251396
156.389602,13.68252354
156.399668,13.68253312
156.409739,13.68254269
156.419807,13.68255227
156.429875,13.68256184
156.439946,13.68257142
156.449996,13.68258099
156.460064,13.68259057
156.470142,13.68260015
156.480212,13.68260972
156.490281,13.6826193
156.50035,13.68262887
156.510419,13.68263845
156.520488,13.68264802
156.530556,13.6826576
156.540624,13.68266717
156.550691,13.68267675
156.560766,13.68268633
156.570836,13.6826959
156.58091,13.68270548
156.590978,13.68271505
156.601046,13.68272463
156.611117,13.6827342
156.621185,13.68274378
156.631252,13.68275336
156.641322,13.68276293
156.65139,13.68277251
156.661455,13.68278208
156.671521,13.68279166
156.681592,13.68280123
156.691661,13.68281081
156.701727,13.68282038
156.711795,13.68282996
156.721865,13.68283954
156.731933,13.68284911
156.742,13.68285869
156.752068,13.68286826
156.762136,13.68287784
156.772203,13.68288741
156.78227,13.68289699
156.792345,13.68290656
156.802411,13.68291614
156.812479,13.68292572
156.822543,13.68293529
156.832608,13.68294487
156.842674,13.68295444
156.852742,13.68296402
156.862807,13.68297359
156.872871,13.68298317
156.883052,13.68299275
156.893116,13.68300232
156.903181,13.6830119
156.913245,13.68302147
156.923314,13.68303105
156.933381,13.68304062
156.943444,13.6830502
156.953513,13.68305977
156.963579,13.68306935
156.973647,13.68307893
156.983713,13.6830885
156.993781,13.68309808
157.003849,13.68310765
157.013914,13.68311723
157.023981,13.6831268
157.034046,13.68313638
157.044112,13.68314596
157.054176,13.68315553
157.064241,13.68316511
157.074307,13.68317468
157.084372,13.68318426
157.094437,13.68319383
157.104503,13.68319862
157.114567,13.68320341
157.124633,13.68321298
157.134698,13.68322256
157.144764,13.68323214
157.154829,13.68323692
157.164894,13.68323692
157.174965,13.68323692
157.185035,13.68323692
157.195099,13.68323692
157.205165,13.68323692
157.21523,13.68323692
157.225298,13.68323692
157.235363,13.68323692
157.24543,13.68323692
157.255497,13.68323692
157.265575,13.68323692
157.275644,13.68323214
157.28571,13.68322735
157.29578,13.68322256
157.305948,13.68322256
157.316024,13.68321777
157.326095,13.68321298
157.336164,13.68321298
157.346233,13.68321298
157.356302,13.68321777
157.366369,13.68321777
157.37645,13.68322256
157.386516,13.68322735
157.396582,13.68322256
157.406649,13.68321298
157.416716,13.68320341
157.426783,13.68319862
157.436852,13.68319862
157.446919,13.68319383
157.456985,13.68318426
157.467053,13.68317468
157.477119,13.68316511
157.487187,13.68315553
157.497254,13.68314596
157.50732,13.68313638
157.517387,13.6831268
157.527455,13.68312202
157.537523,13.68311723
157.547599,13.68310765
157.557667,13.68309808
157.567732,13.6830885
157.5778,13.68307893
157.587867,13.68306935
157.597936,13.68305977
157.608003,13.6830502
157.618068,13.68304062
157.628133,13.68303105
157.638199,13.68302147
157.648265,13.6830119
157.658331,13.68300232
157.668397,13.68299275
157.678461,13.68298317
157.688528,13.68297359
157.698593,13.68296402
157.708659,13.68295444
157.718728,13.68294487
157.728795,13.68293529
157.738862,13.68292572
157.748929,13.68291614
157.758995,13.68290656
157.769078,13.68289699
157.779166,13.68288741
157.789259,13.68287784
157.799347,13.68286826
157.809434,13.68285869
157.819524,13.68284911
157.829611,13.68283954
157.839699,13.68282996
157.849785,13.6828156
157.859871,13.68280123
157.869952,13.68278687
157.880036,13.68277251
157.890118,13.68275336
157.900201,13.6827342
157.910282,13.68271984
157.920364,13.68271026
157.930447,13.68270069
157.940529,13.68269111
157.950609,13.68268154
157.960693,13.68267196
157.97078,13.68266239
157.980863,13.68264802
157.990948,13.68263366
158.00103,13.6826193
158.011112,13.68260493
158.021195,13.68259536
158.031278,13.68258578
158.041359,13.68257621
158.051442,13.68256663
158.061524,13.68255705
158.071607,13.68254748
158.081689,13.6825379
158.091771,13.68252833
158.101853,13.68251875
158.111934,13.68250439
158.122015,13.68249003
158.132099,13.68248045
158.142181,13.68246609
158.15226,13.68244694
158.162341,13.68243257
158.172427,13.68241342
158.182515,13.68239427
158.192598,13.68237512
158.202681,13.68236075
158.212763,13.68234639
158.222845,13.68233203
158.232928,13.68231766
158.24301,13.68229851
158.253091,13.68228415
158.263174,13.68226979
158.273257,13.68226021
158.283339,13.68225063
158.293422,13.68224106
158.303507,13.68223148
158.313587,13.68222191
158.32367,13.68221233
158.333752,13.68220276
158.343833,13.68219318
158.353914,13.68218361
158.363997,13.68217403
158.374079,13.68216445
158.384164,13.68215488
158.394248,13.6821453
158.40433,13.68213573
158.414412,13.68212615
158.424493,13.68211658
158.434576,13.682107
158.444659,13.68209743
158.454741,13.68208785
158.464825,13.68207827
158.474908,13.6820687
158.48499,13.68205912
158.49507,13.68204476
158.505151,13.68203518
158.515234,13.68202561
158.525315,13.68201124
158.535399,13.68199688
158.545482,13.68198731
158.555564,13.68197294
158.565644,13.68196337
158.575728,13.681949
158.585809,13.68192985
158.595893,13.6819107
158.606001,13.68189155
158.616084,13.6818724
158.626168,13.68185325
158.63625,13.6818341
158.646333,13.68181494
158.656415,13.68179579
158.666497,13.68177664
158.676579,13.68175749
158.686662,13.68173834
158.696743,13.68172398
158.706824,13.68170482
158.716906,13.68168567
158.726987,13.68167131
158.737069,13.68166173
158.747153,13.68164737
158.757235,13.6816378
158.767318,13.68162822
158.777402,13.68161864
158.787484,13.68160907
158.797566,13.6815947
158.807646,13.68158034
158.817729,13.68156598
158.82781,13.68155161
158.83789,13.68154204
158.847975,13.68153246
158.858058,13.68152289
158.868141,13.68151331
158.878222,13.68150374
158.888304,13.68149416
158.898385,13.68148459
158.908467,13.68147501
158.918549,13.68146543
158.928631,13.68145586
158.938712,13.68144628
158.948793,13.68143671
158.958875,13.68142713
158.968961,13.68141756
158.979043,13.68140798
158.989127,13.6813984
158.999208,13.68138883
159.009291,13.68137925
159.019373,13.68136968
159.029455,13.6813601
159.039538,13.68135053
159.04962,13.68134095
159.059701,13.68133138
159.069784,13.6813218
159.079865,13.68131222
159.089947,13.68130265
159.100027,13.68129307
159.110109,13.6812835
159.120189,13.68127871
159.130271,13.68127392
159.140352,13.68126435
159.150433,13.68125477
159.160514,13.68124519
159.170595,13.68124041
159.180677,13.68124041
159.190763,13.68124041
159.200846,13.68124041
159.210926,13.68124041
159.221009,13.68124041
159.231097,13.68124041
159.241179,13.68124041
159.251263,13.68124041
159.261345,13.68124041
159.271457,13.68124041
159.28154,13.68124041
159.291622,13.68124041
159.301708,13.68124041
159.311792,13.68124041
159.321874,13.68124041
159.331956,13.68124041
159.342038,13.68124041
159.35212,13.68123562
159.362202,13.68123083
159.372311,13.68122126
159.382392,13.68121647
159.392473,13.68121168
159.402556,13.68120689
159.412638,13.68120689
159.422721,13.68120689
159.432802,13.68120689
159.442884,13.6812021
159.452965,13.68119732
159.463048,13.68119732
159.473158,13.68119732
159.483241,13.68119732
159.493323,13.68119732
159.503407,13.68119732
159.513489,13.68119732
159.52357,13.68119732
159.533652,13.68119732
159.543734,13.68119732
159.553816,13.68119732
159.563899,13.68119732
159.574011,13.68119732
159.584092,13.68119732
159.594172,13.68119732
159.604256,13.68119732
159.614338,13.68119732
159.62442,13.68119732
159.634505,13.68119732
159.644588,13.68119732
159.65467,13.68119732
159.664753,13.68119732
159.674834,13.68119732
159.684917,13.68119732
159.694999,13.68119732
159.705081,13.68119732
159.715162,13.68119732
159.725242,13.68119732
159.735325,13.68119732
159.745409,13.68119732
159.755491,13.68119732
159.765574,13.68119732
159.775658,13.68119732
159.785744,13.68119732
159.795827,13.68119732
159.805911,13.68119732
159.815993,13.68119732
159.826074,13.68119732
159.836155,13.68119732
159.846236,13.68119732
159.856317,13.68119732
159.866396,13.6812021
159.876509,13.68120689
159.886589,13.68121168
159.896834,13.68121647
159.907095,13.68122604
159.917174,13.68123562
159.927257,13.68124041
159.93734,13.68124041
159.947422,13.68124041
159.957503,13.68124041
159.967589,13.68124041
159.977705,13.68124041
159.987788,13.68124041
159.997871,13.68124519
160.007953,13.68124998
160.018036,13.68125477
160.028118,13.68125956
160.038199,13.68125956
160.048284,13.68125956
160.058367,13.68125956
160.068448,13.68125956
160.078536,13.68125956
160.088618,13.68125956
160.098699,13.68125956
160.108778,13.68125956
160.118858,13.68125956
160.128938,13.68126435
160.139019,13.68126913
160.149098,13.68126913
160.159178,13.68127392
160.169257,13.6812835
160.179341,13.68128829
160.189421,13.68129786
160.199507,13.68130744
160.20959,13.68131701
160.219672,13.6813218
160.229752,13.68132659
160.239834,13.68133138
160.249914,13.68133616
160.259995,13.68134574
160.270076,13.68135053
160.280157,13.68135531
160.290236,13.68135531
160.300321,13.68135531
160.310402,13.68135531
160.320479,13.68135531
160.330561,13.68135531
160.340641,13.68135531
160.350722,13.68135531
160.3608,13.68135531
160.370881,13.68135531
160.380963,13.68135531
160.391044,13.68135531
160.401125,13.68135531
160.411206,13.68135531
160.421286,13.68135531
160.431367,13.68135531
160.441446,13.68135531
160.451529,13.68135531
160.461608,13.68135531
160.47169,13.68135531
160.481772,13.68135531
160.491853,13.68135531
160.501935,13.68135531
160.512014,13.6813601
160.522095,13.6813601
160.532175,13.6813601
160.542256,13.68136489
160.55234,13.68136968
160.562419,13.68136968
160.572497,13.68137447
160.582577,13.68137447
160.592659,13.68137925
160.602741,13.68138883
160.612824,13.6813984
160.622909,13.68140798
160.632991,13.68141756
160.643074,13.68142713
160.653168,13.68143671
160.66325,13.68144628
160.673333,13.68145586
160.683447,13.68146543
160.693531,13.68147501
160.703613,13.68148459
160.7137,13.68148937
160.723786,13.68149895
160.733872,13.68150852
160.743956,13.68151331
160.754018,13.68151331
160.764103,13.6815181
160.774189,13.6815181
160.784277,13.6815181
160.794362,13.6815181
160.804449,13.6815181
160.814534,13.68152289
160.824618,13.68152768
160.834705,13.68153246
160.84479,13.68153725
160.854874,13.68153725
160.864959,13.68153725
160.875045,13.68153725
160.885158,13.68153725
160.895243,13.68153725
160.905328,13.68153725
160.915414,13.68153246
160.925499,13.68152768
160.935585,13.6815181
160.945669,13.68150852
160.955757,13.68149895
160.965844,13.68148937
160.975929,13.6814798
160.986086,13.68147022
160.996168,13.68146065
161.006249,13.68145107
161.016331,13.6814415
161.026413,13.68143192
161.036494,13.68142234
161.046577,13.68141277
161.056658,13.68140319
161.06674,13.68139362
161.07682,13.68138404
161.086913,13.68137447
161.096998,13.68136489
161.107083,13.68135531
161.117167,13.68134574
161.127252,13.68133616
161.137336,13.68132659
161.14742,13.68131701
161.157505,13.68130744
161.167589,13.68129786
161.177675,13.68128829
161.18777,13.68127871
161.197857,13.68126913
161.20795,13.68125956
161.218017,13.68124998
161.228103,13.68124041
161.238188,13.68123083
161.248274,13.68122126
161.258356,13.68121168
161.268442,13.6812021
161.278526,13.68119253
161.288639,13.68118295
161.298726,13.68117338
161.308813,13.6811638
161.318897,13.68115423
161.328982,13.68114465
161.339069,13.68113508
161.349154,13.6811255
161.359238,13.68111592
161.369323,13.68110635
161.37942,13.68109677
161.389525,13.6810872
161.399611,13.68107762
161.409696,13.68106805
161.419781,13.68105847
161.429867,13.68104889
161.439951,13.68103932
161.450033,13.68102974
161.460117,13.68102017
161.470201,13.68101059
161.480284,13.68100102
161.490368,13.68099144
161.50045,13.68098187
161.510533,13.68097229
161.520615,13.68096271
161.530698,13.68095314
161.54078,13.68094356
161.550863,13.68093399
161.560946,13.68092441
161.571042,13.68091484
161.581129,13.68090526
161.591243,13.68089568
161.601332,13.68088611
161.613867,13.68087653
161.623948,13.68086696
161.634006,13.68085738
161.644089,13.68084781
161.654171,13.68083823
161.664254,13.68082866
161.674336,13.68081908
161.684416,13.6808095
161.694529,13.68079993
161.70461,13.68079035
161.714693,13.68078078
161.724774,13.6807712
161.734864,13.68076163
161.744949,13.68075205
161.755029,13.68074247
161.76511,13.6807329
161.775191,13.68072332
161.785273,13.68071375
161.795358,13.68070417
161.805445,13.6806946
161.815529,13.68068502
161.825612,13.68067545
161.835694,13.68066587
161.845787,13.68065629
161.855867,13.68064672
161.86595,13.68063714
161.876035,13.68062757
161.886117,13.68061799
161.896232,13.68060842
161.906311,13.68059884
161.916393,13.68058926
161.926475,13.68057969
161.936557,13.68057011
161.946638,13.68056054
161.956728,13.68055096
161.966812,13.68054139
161.976894,13.68053181
161.986977,13.68052224
161.997089,13.68051266
162.007172,13.68050308
162.017255,13.68049351
162.027337,13.68048393
162.037419,13.68047436
162.047501,13.68046478
162.057586,13.68045521
162.067667,13.68044563
162.07775,13.68043605
162.087833,13.68042648
162.097942,13.6804169
162.108025,13.68040733
162.118107,13.68039775
162.128188,13.68038818
162.13827,13.6803786
162.148351,13.68036903
162.158432,13.68035945
162.168514,13.68034987
162.178597,13.6803403
162.188679,13.68033072
162.198763,13.68032115
162.208854,13.68031157
162.218937,13.680302
162.229018,13.68029242
162.239135,13.68028284
162.249218,13.68027327
162.259302,13.68026369
162.269385,13.68025412
162.279467,13.68024454
162.289552,13.68023497
162.29964,13.68022539
162.309723,13.68021582
162.319814,13.68020624
162.329909,13.68019666
162.339995,13.68018709
162.350078,13.68017751
162.360161,13.68016794
162.370241,13.68015836
162.380323,13.68014879
162.390405,13.68013921
162.400487,13.68012964
162.410586,13.68012006
162.420673,13.68011048
162.430756,13.68010091
162.44084,13.68009133
162.450922,13.68008176
162.461005,13.68007218
162.471087,13.68006261
162.48117,13.68005303
162.491253,13.68004345
162.501366,13.68003388
162.511448,13.6800243
162.521531,13.68000994
162.531612,13.67999079
162.541696,13.67997164
162.55178,13.67995249
162.561861,13.67993333
162.571943,13.67991418
162.582026,13.67989503
162.592108,13.67987588
162.602199,13.67985673
162.612284,13.67983758
162.622367,13.67981843
162.632449,13.67979928
162.642531,13.67978012
162.652613,13.67976097
162.662694,13.67974182
162.672776,13.67972267
162.682858,13.67970352
162.692943,13.67968437
162.703026,13.67966522
162.713109,13.67964607
162.723192,13.67962691
162.733278,13.67960776
162.743363,13.67958861
162.753445,13.67956946
162.763529,13.67955031
162.773611,13.67953116
162.783692,13.67951201
162.793774,13.67949286
162.803855,13.67947371
162.813943,13.67945455
162.824027,13.6794354
162.83411,13.67941625
162.844191,13.6793971
162.854274,13.67937795
162.864355,13.6793588
162.874436,13.67933965
162.884517,13.6793205
162.894598,13.67930134
162.904709,13.67928219
162.91479,13.67926304
162.924874,13.67924389
162.934954,13.67922953
162.945233,13.67921516
162.955313,13.67920559
162.965398,13.67919601
162.975482,13.67918644
162.985565,13.67917686
162.995647,13.67916729
163.005761,13.67915771
163.015845,13.67914813
163.025928,13.67913856
163.036013,13.67912898
163.046095,13.67911941
163.05618,13.67910983
163.066263,13.67910026
163.076345,13.67909068
163.086426,13.6790811
163.096509,13.67907153
163.10662,13.67906195
163.116702,13.67905238
163.126783,13.6790428
163.136865,13.67903323
163.146947,13.67902365
163.157029,13.67901408
163.167111,13.6790045
163.177196,13.67899492
163.187278,13.67898535
163.197361,13.67897577
163.207473,13.6789662
163.217563,13.67895662
163.227646,13.67894705
163.237729,13.67893747
163.247811,13.67892789
163.257895,13.67891832
163.267976,13.67890874
163.278056,13.67889917
163.288138,13.67888959
163.298221,13.67888002
163.308333,13.67887044
163.318417,13.67886087
163.3285,13.67885129
163.338584,13.67884171
163.348666,13.67883214
163.358748,13.67882256
163.36883,13.67881299
163.378911,13.67880341
163.388992,13.67879384
163.399075,13.67878426
163.409186,13.67877468
163.419268,13.67876511
163.429349,13.67875553
163.439431,13.67874596
163.449515,13.67873638
163.459597,13.67872681
163.469678,13.67871723
163.479761,13.67870766
163.48984,13.67869808
163.499921,13.6786885
163.510003,13.67867893
163.520083,13.67866935
163.530164,13.67865978
163.540244,13.6786502
163.550324,13.67864063
163.560404,13.67863105
163.570483,13.67862147
163.580563,13.6786119
163.590645,13.67860232
163.600737,13.67859275
163.610852,13.67858317
163.620934,13.6785736
163.631017,13.67856402
163.641098,13.67855445
163.651182,13.67854487
163.661264,13.67853529
163.671348,13.67852572
163.68143,13.67851614
163.691513,13.67850657
163.701596,13.67849699
163.711705,13.67848742
163.721786,13.67847784
163.731867,13.67846826
163.741951,13.67845869
163.752032,13.67844911
163.762113,13.67843954
163.772195,13.67842996
163.782277,13.67842039
163.792358,13.67841081
163.80244,13.67840124
163.812551,13.67839166
163.822633,13.67838208
163.832715,13.67837251
163.842799,13.67836293
163.852878,13.67834857
163.862961,13.67833421
163.873043,13.67831506
163.883125,13.6782959
163.893207,13.67827675
163.903287,13.6782576
163.913398,13.67823845
163.92348,13.6782193
163.933561,13.67820015
163.94364,13.678181
163.953727,13.67816185
163.963809,13.67814269
163.973891,13.67812354
163.983973,13.67810439
163.994054,13.67808524
164.004135,13.67806609
164.014217,13.67804694
164.024299,13.67802779
164.034381,13.67800864
164.044464,13.67798948
164.054545,13.67797033
164.064626,13.67795118
164.074707,13.67793203
164.084789,13.67791288
164.09487,13.67789373
164.104952,13.67787458
164.115062,13.67785543
164.125144,13.67783627
164.135225,13.67781712
164.145307,13.67779797
164.155389,13.67777882
164.16547,13.67775967
164.175553,13.67774052
164.185636,13.67772137
164.195718,13.67770222
164.205801,13.67768306
164.215912,13.67766391
164.226001,13.67764476
164.236092,13.67762561
164.246177,13.67760646
164.25626,13.67758731
164.266342,13.67756816
164.276424,13.67754901
164.286505,13.67752985
164.296587,13.6775107
164.306673,13.67749155
164.316787,13.6774724
164.326871,13.67745325
164.336954,13.6774341
164.347037,13.67741495
164.357119,13.6773958
164.367201,13.67737664
164.377285,13.67735749
164.387369,13.67733834
164.397451,13.67731919
164.407532,13.67730004
164.41765,13.67728089
164.427733,13.67726174
164.43782,13.67724259
164.447905,13.67722343
164.457991,13.67720428
164.468075,13.67718513
164.478158,13.67716598
164.48824,13.67714683
164.498323,13.67712768
164.508404,13.67710853
164.518514,13.67708938
164.528596,13.67707022
164.538679,13.67705586
164.54876,13.67704629
164.558842,13.67703671
164.568924,13.67702713
164.579005,13.67701756
164.589086,13.67700798
164.59917,13.67699841
164.609253,13.67698883
164.619363,13.67697926
164.629445,13.67696968
164.639528,13.6769601
164.649608,13.67695053
164.65969,13.67694095
164.669771,13.67693138
164.679853,13.6769218
164.689935,13.67691223
164.700018,13.67690265
164.710099,13.67689308
164.720213,13.6768835
164.730294,13.67687392
164.740377,13.67686435
164.750457,13.67685477
164.760539,13.6768452
164.770619,13.67683562
164.7807,13.67682605
164.790782,13.67681647
164.800864,13.67680689
164.810947,13.67679732
164.821029,13.67678774
164.831111,13.67677817
164.841195,13.67676859
164.85128,13.67675902
164.861364,13.67674944
164.871447,13.67673987
164.881532,13.67673029
164.891613,13.67672071
164.901695,13.67671114
164.911777,13.67670156
164.921888,13.67669199
164.931969,13.67668241
164.942049,13.67667284
164.952135,13.67666326
164.962219,13.67665368
164.972302,13.67664411
164.982386,13.67663453
164.992465,13.67662496
165.002548,13.67661538
165.01263,13.67660581
165.022713,13.67659623
165.032795,13.67658187
165.042878,13.67656272
165.052961,13.67654835
165.063042,13.67653399
165.073126,13.67651963
165.08321,13.67650047
165.093291,13.67648132
165.103372,13.67646217
165.113456,13.67644302
165.123541,13.67642387
165.133624,13.67640472
165.143704,13.67638557
165.153786,13.67636642
165.163868,13.67634727
165.173954,13.67632811
165.184038,13.67630896
165.194122,13.67628981
165.204204,13.67627066
165.214286,13.67625151
165.224368,13.67623236
165.234462,13.67621321
165.244546,13.67619406
165.254628,13.6761749
165.264708,13.67615575
165.274791,13.6761366
165.284872,13.67611745
165.294954,13.6760983
165.305041,13.67607915
165.315124,13.67606
165.325208,13.67604085
165.335289,13.67602169
165.345371,13.67600254
165.355455,13.67598339
165.365538,13.67596424
165.375619,13.67594509
165.385708,13.67592594
165.395793,13.67590679
165.405878,13.67588764
165.415964,13.67586848
165.426031,13.67584933
165.436117,13.67583018
165.446201,13.67581103
165.456287,13.67579188
165.466369,13.67577273
165.476451,13.67575358
165.486532,13.67573443
165.496618,13.67571527
165.506699,13.67569612
165.516781,13.67567697
165.526874,13.67565782
165.536956,13.67563867
165.547037,13.67561952
165.557118,13.67560037
165.5672,13.67558122
165.57728,13.67556206
165.587364,13.67554291
165.597446,13.67552376
165.607527,13.67550461
165.617615,13.67548546
165.627723,13.67546631
165.637809,13.67544716
165.647894,13.67542801
165.658011,13.67540885
165.668096,13.6753897
165.67818,13.67537055
165.688266,13.6753514
165.698349,13.67533225
165.708433,13.6753131
165.718518,13.67529395
165.728628,13.6752748
165.738714,13.67525564
165.7488,13.67523649
165.758885,13.67521734
165.768971,13.67519819
165.779056,13.67517904
165.789139,13.67515989
165.799223,13.67514074
165.809308,13.67512159
165.819391,13.67510243
165.829479,13.67508328
165.839566,13.67506413
165.849652,13.67504498
165.859733,13.67502583
165.869812,13.67501147
165.879891,13.6749971
165.889994,13.67498753
165.900076,13.67497795
165.910156,13.67496838
165.920239,13.6749588
165.930321,13.67494922
165.940405,13.67493965
165.950492,13.67493007
165.960739,13.6749205
165.970821,13.67491092
165.981042,13.67490135
165.991122,13.67489177
166.001204,13.6748822
166.0113,13.67487262
166.021385,13.67486304
166.031495,13.67485347
166.041578,13.67484389
166.05166,13.67483432
166.061742,13.67482474
166.071824,13.67481517
166.081903,13.67480559
166.091984,13.67479601
166.102066,13.67478644
166.112151,13.67477686
166.122233,13.67476729
166.132344,13.67475771
166.142426,13.67474814
166.152508,13.67473856
166.162589,13.67472899
166.172816,13.67471941
166.1829,13.67470983
166.192982,13.67470026
166.203063,13.67469068
166.213144,13.67468111
166.223225,13.67467153
166.233335,13.67466196
166.243423,13.67465238
166.253507,13.6746428
166.263589,13.67463323
166.27367,13.67462365
166.283751,13.67461408
166.293833,13.6746045
166.303915,13.67459493
166.313999,13.67458535
166.324083,13.67457578
166.334196,13.6745662
166.34428,13.67455662
166.354362,13.67454705
166.364443,13.67453747
166.374527,13.6745279
166.38461,13.67451832
166.394693,13.67450875
166.404776,13.67449917
166.414858,13.67448959
166.424938,13.67448002
166.43505,13.67447044
166.445132,13.67446087
166.455214,13.67445129
166.465297,13.67444172
166.47538,13.67443214
166.485461,13.67442257
166.495543,13.67441299
166.505625,13.67440341
166.515708,13.67439384
166.52579,13.67438426
166.535901,13.67437469
166.546005,13.67436511
166.556087,13.67435554
166.566169,13.67434596
166.576251,13.67433638
166.586333,13.67432681
166.596415,13.67431723
166.606501,13.67430766
166.616584,13.67429808
166.626667,13.67428851
166.636778,13.67427893
166.646861,13.67426936
166.656943,13.67425978
166.667024,13.6742502
166.677106,13.67424063
166.687187,13.67423105
166.697269,13.67422148
166.707352,13.6742119
166.717433,13.67420233
166.727516,13.67419275
166.737631,13.67418317
166.747714,13.6741736
166.757796,13.67416402
166.767876,13.67415445
166.77796,13.67414487
166.788041,13.6741353
166.798121,13.67412572
166.808204,13.67411615
166.818284,13.67410657
166.828366,13.67409699
166.838451,13.67408742
166.848535,13.67407784
166.858616,13.67406827
166.868699,13.67405869
166.878782,13.67404912
166.888864,13.67403954
166.898945,13.67402996
166.909027,13.67402039
166.919108,13.67401081
166.92919,13.67400124
166.939278,13.67399166
166.94936,13.67398209
166.959443,13.67397251
166.969525,13.67396294
166.979608,13.67395336
166.98969,13.67394378
166.99977,13.67393421
167.009852,13.67392463
167.019933,13.67391027
167.030014,13.67389591
167.040117,13.67388154
167.050198,13.67387676
167.060279,13.67387676
167.070361,13.67386718
167.080441,13.67386239
167.090521,13.67385282
167.1006,13.67384803
167.110679,13.67384803
167.120761,13.67384803
167.130843,13.67384803
167.140952,13.67384803
167.151033,13.67384803
167.161114,13.67384803
167.171533,13.67384803
167.181616,13.67384803
167.191697,13.67384803
167.201779,13.67384803
167.21186,13.67384803
167.221941,13.67384324
167.232021,13.67384324
167.242103,13.67384324
167.25219,13.67384324
167.262273,13.67384324
167.272356,13.67384324
167.282436,13.67384324
167.292518,13.67384324
167.302598,13.67384324
167.31268,13.67384324
167.322764,13.67384324
167.334051,13.67384324
167.344146,13.67384324
167.354232,13.67384324
167.364315,13.67384324
167.3744,13.67384324
167.384484,13.67384324
167.394562,13.67384324
167.404642,13.67384324
167.414724,13.67384324
167.424804,13.67384324
167.434884,13.67384324
167.444965,13.67383845
167.455048,13.67382888
167.46513,13.67382409
167.475213,13.6738193
167.485294,13.6738193
167.495375,13.6738193
167.505459,13.6738193
167.515541,13.67381451
167.525624,13.67381451
167.535704,13.67380973
167.545786,13.67380973
167.555869,13.67380494
167.565953,13.67379536
167.576036,13.67379057
167.586119,13.673781
167.596202,13.67377142
167.606287,13.67376185
167.61637,13.67375227
167.626452,13.6737427
167.636533,13.67373312
167.646615,13.67372355
167.656697,13.67371397
167.66678,13.67370439
167.67686,13.67369482
167.686941,13.67368524
167.697022,13.67367567
167.707104,13.67366609
167.717185,13.67365652
167.727265,13.67364694
167.737345,13.67363736
167.747428,13.67362779
167.757512,13.67361821
167.767596,13.67360864
167.777677,13.67359906
167.78776,13.67358949
167.797842,13.67357991
167.807924,13.67357034
167.818008,13.67356076
167.82809,13.67355118
167.838171,13.67354161
167.848257,13.67353203
167.858341,13.67352246
167.868423,13.67351288
167.878506,13.67350331
167.88859,13.67349373
167.898674,13.67348415
167.908755,13.67347458
167.918837,13.673465
167.928919,13.67345543
167.939004,13.67344585
167.949108,13.67343628
167.959188,13.6734267
167.969272,13.67341713
167.979354,13.67340755
167.989434,13.67339797
167.999515,13.6733884
168.009608,13.67337882
168.019693,13.67336925
168.029776,13.67335967
168.039859,13.6733501
168.049971,13.67334052
168.060054,13.67333094
168.070135,13.67332137
168.080214,13.67331179
168.090295,13.67330222
168.100377,13.67329264
168.110458,13.67328307
168.12054,13.67327349
168.130621,13.67326392
168.140702,13.67325434
168.150783,13.67324476
168.160867,13.67323519
168.170949,13.67322561
168.181032,13.67321604
168.191115,13.67320646
168.201197,13.67319689
168.211279,13.67318731
168.221362,13.67317773
168.231453,13.67316816
168.241553,13.67315858
168.25164,13.67314901
168.261731,13.67313943
168.271815,13.67312986
168.281897,13.67312028
168.29198,13.67311071
168.302063,13.67310113
168.312147,13.67309155
168.322229,13.67308198
168.332311,13.6730724
168.342395,13.67306283
168.352479,13.67305325
168.362567,13.67304368
168.372654,13.6730341
168.382739,13.67302452
168.392823,13.67301495
168.402907,13.67300537
168.412991,13.6729958
168.423072,13.67298622
168.433154,13.67297665
168.443237,13.67296707
168.453319,13.6729575
168.463401,13.67294792
168.473484,13.67293834
168.483565,13.67292877
168.49366,13.67291919
168.503746,13.67290962
168.51383,13.67290004
168.523913,13.67289047
168.533995,13.67288089
168.544078,13.67287131
168.554161,13.67286174
168.564243,13.67285216
168.574325,13.67284259
168.584407,13.67283301
168.59449,13.67282344
168.604574,13.67281386
168.614655,13.67280429
168.624737,13.67279471
168.63482,13.67278513
168.644902,13.67277556
168.655014,13.67276598
168.665095,13.67275641
168.675177,13.67274683
168.685257,13.67273726
168.695338,13.67272768
168.705419,13.6727181
168.7155,13.67270853
168.725581,13.67269895
168.735664,13.67268938
168.745747,13.6726798
168.755855,13.67267023
168.765935,13.67266065
168.776016,13.67265108
168.786098,13.6726415
168.79618,13.67263192
168.806262,13.67262235
168.816343,13.67261277
168.826423,13.6726032
168.836504,13.67259362
168.846586,13.67258405
168.856693,13.67257447
168.866775,13.6725649
168.876856,13.67255053
168.88694,13.67253617
168.897021,13.67251702
168.907102,13.67249787
168.917184,13.67247871
168.927265,13.67245956
168.937351,13.67244041
168.947433,13.67242126
168.957548,13.67240211
168.967631,13.67238296
168.977713,13.67236381
168.987796,13.67234466
168.998374,13.6723255
169.0085,13.67230635
169.018691,13.6722872
169.028774,13.67226805
169.038856,13.67225369
169.048938,13.67223932
169.05905,13.67222496
169.069132,13.67220581
169.079214,13.67218666
169.089295,13.67217229
169.099376,13.67215314
169.109458,13.67213878
169.11954,13.67212442
169.129621,13.67210527
169.139703,13.67208611
169.149786,13.67206696
169.159895,13.67204781
169.169994,13.67202866
169.180079,13.67200951
169.19016,13.67199036
169.200243,13.67197121
169.210324,13.67195206
169.220405,13.6719329
169.230486,13.67191375
169.240571,13.67189939
169.250653,13.67188024
169.260764,13.67186109
169.27085,13.67184194
169.280933,13.67182278
169.291016,13.67180363
169.301098,13.67178448
169.311186,13.67176533
169.321268,13.67174618
169.33135,13.67172703
169.341432,13.67170788
169.351513,13.67168873
169.361623,13.67166957
169.371707,13.67165042
169.381789,13.67163127
169.391872,13.67161212
169.401955,13.67159297
169.412037,13.67157382
169.422118,13.67155467
169.432201,13.67153552
169.44228,13.67151636
169.452359,13.67149721
169.46244,13.67148285
169.472522,13.67147327
169.482604,13.67145891
169.492685,13.67144455
169.502767,13.6714254
169.51285,13.67140624
169.522932,13.67138709
169.533012,13.67137273
169.543093,13.67135358
169.553174,13.67133922
169.563284,13.67132006
169.573366,13.6713057
169.583449,13.67129613
169.593531,13.67128176
169.603614,13.67127219
169.613699,13.67126261
169.623782,13.67125304
169.633864,13.67124346
169.643946,13.67123388
169.654029,13.67122431
169.664141,13.67121473
169.674222,13.67120516
169.684305,13.67119558
169.694386,13.67118601
169.704471,13.67117643
169.714552,13.67116685
169.724635,13.67115728
169.734716,13.6711477
169.744797,13.67113813
169.754879,13.67112855
169.764988,13.67111898
169.775067,13.6711094
169.78515,13.67109983
169.795229,13.67109025
169.805312,13.67108067
169.815395,13.6710711
169.825476,13.67106152
169.835557,13.67105195
169.845638,13.67104237
169.855718,13.6710328
169.865801,13.67102322
169.875887,13.67101364
169.88597,13.67100407
169.896053,13.67099449
169.906135,13.67098492
169.916217,13.67097534
169.926298,13.67096577
169.936385,13.67095619
169.946469,13.67094662
169.95655,13.67093704
169.966631,13.67092746
169.976714,13.67091789
169.986794,13.67090831
169.996875,13.67089874
170.006956,13.67088916
170.017037,13.67087959
170.027119,13.67087001
170.037201,13.67086043
170.047281,13.67085086
170.057362,13.67084128
170.067468,13.67083171
170.077548,13.67082213
170.087629,13.67081256
170.09771,13.67080298
170.107791,13.67079341
170.117872,13.67078383
170.127952,13.67077425
170.138031,13.67076468
170.148114,13.6707551
170.158196,13.67074553
170.168305,13.67073595
170.178388,13.67072638
170.188469,13.6707168
170.198549,13.67070722
170.208629,13.67069765
170.218709,13.67068807
170.22879,13.6706785
170.238873,13.67066892
170.248955,13.67065935
170.259036,13.67064977
170.269149,13.6706402
170.279237,13.67063062
170.28932,13.67062104
170.299401,13.67061147
170.309487,13.67060189
170.319581,13.67059232
170.329663,13.67058274
170.339746,13.67057317
170.349829,13.67056359
170.359913,13.67055401
170.370024,13.67054444
170.380112,13.67053486
170.390194,13.67052529
170.400281,13.67051571
170.410364,13.67050614
170.420448,13.67049656
170.430528,13.67048699
170.440615,13.67047741
170.450709,13.67046783
170.460795,13.67045826
170.470879,13.67044868
170.480962,13.67043911
170.491047,13.67042953
170.501135,13.67041996
170.511217,13.67041038
170.5213,13.6704008
170.531382,13.67039123
170.541464,13.67038165
170.551546,13.67037208
170.561627,13.6703625
170.571739,13.67035293
170.581821,13.67034335
170.591903,13.67033378
170.602008,13.6703242
170.612092,13.67031462
170.622175,13.67030505
170.632257,13.67029547
170.642338,13.6702859
170.652422,13.67027632
170.662505,13.67026675
170.672614,13.67025717
170.682696,13.67024759
170.69278,13.67023802
170.702862,13.67022844
170.712944,13.67021887
170.723025,13.67020929
170.733107,13.67019972
170.743189,13.67019014
170.75327,13.67018057
170.76335,13.67017099
170.773461,13.67016141
170.783544,13.67015184
170.793624,13.67014226
170.803708,13.67013269
170.81379,13.67012311
170.823869,13.67011354
170.833952,13.67010396
170.844039,13.67009438
170.854124,13.67008481
170.864206,13.67007523
170.87429,13.67006087
170.884375,13.67005129
170.894457,13.67004651
170.90454,13.67004172
170.914622,13.67004172
170.924704,13.67004172
170.93479,13.67004172
170.944874,13.67004172
170.954957,13.67004172
170.965039,13.67004172
170.975121,13.67003693
170.985204,13.67002736
170.995288,13.67001778
171.00537,13.6700082
171.015451,13.67000342
171.025534,13.67000342
171.035618,13.66999863
171.0457,13.66999863
171.055783,13.66999863
171.065864,13.66999863
171.075946,13.66999863
171.08603,13.66999863
171.096113,13.66999863
171.106195,13.66999863
171.116279,13.66999863
171.12636,13.66999863
171.136441,13.66999863
171.146522,13.66999863
171.156604,13.66999863
171.166683,13.66999384
171.176767,13.66998427
171.186851,13.66997469
171.196934,13.66996511
171.207015,13.66995554
171.217098,13.66994596
171.227181,13.66993639
171.237262,13.66992681
171.247344,13.66991724
171.257425,13.66990766
171.267508,13.66989808
171.27759,13.66988851
171.287679,13.66987893
171.297763,13.66986936
171.307903,13.66985978
171.31799,13.66985021
171.328073,13.66984063
171.338155,13.66983106
171.348237,13.66982148
171.358318,13.6698119
171.3684,13.66980233
171.378482,13.66979275
171.388563,13.66978318
171.398644,13.6697736
171.408726,13.66976403
171.41881,13.66975445
171.428892,13.66974487
171.438973,13.6697353
171.449054,13.66972572
171.459135,13.66971615
171.469218,13.66970657
171.479331,13.669697
171.489413,13.66968742
171.499496,13.66967785
171.509575,13.66966827
171.519657,13.66965869
171.52974,13.66964912
171.53982,13.66963954
171.549903,13.66962997
171.559985,13.66962039
171.570068,13.66961082
171.580179,13.66960124
171.59026,13.66959166
171.600342,13.66958209
171.610427,13.6695773
171.620508,13.66957251
171.630589,13.66956773
171.640672,13.66956294
171.650754,13.66955815
171.660837,13.66955336
171.670919,13.66954857
171.681031,13.66954379
171.691113,13.66953421
171.701194,13.66952464
171.711275,13.66951506
171.721357,13.66950548
171.731439,13.66949591
171.741523,13.66949112
171.751605,13.66948633
171.761691,13.66948633
171.771775,13.66948633
171.781871,13.66948633
171.791957,13.66948633
171.802019,13.66948633
171.812103,13.66948633
171.822185,13.66948633
171.832271,13.66948633
171.842356,13.66948633
171.852441,13.66948633
171.862526,13.66948633
171.87261,13.66948633
171.8827,13.66948633
171.893177,13.66948633
171.903261,13.66948633
171.913349,13.66948633
171.923438,13.66948633
171.933524,13.66948633
171.943609,13.66948633
171.953694,13.66948633
171.963776,13.66948633
171.97386,13.66948633
171.983944,13.66948633
171.994016,13.66948633
172.004097,13.66948633
172.014178,13.66948633
172.024401,13.66948633
172.034565,13.66948633
172.044639,13.66948633
172.054714,13.66948633
172.064799,13.66948633
172.074881,13.66948633
172.084964,13.66948633
172.095047,13.66948633
172.105132,13.66948633
172.115216,13.66948633
172.125301,13.66948155
172.135385,13.66947676
172.14547,13.66947197
172.155554,13.66946239
172.16564,13.66945282
172.175723,13.66944324
172.185807,13.66943367
172.195893,13.66942409
172.205999,13.66941452
172.216085,13.66940494
172.226169,13.66939536
172.236259,13.66938579
172.246344,13.66937621
172.256431,13.66937143
172.266515,13.66936185
172.276598,13.66935227
172.286683,13.6693427
172.296778,13.66933312
172.306865,13.66932355
172.316951,13.66931397
172.327039,13.6693044
172.337126,13.66929482
172.347213,13.66928525
172.357324,13.66927567
172.367414,13.66926609
172.3775,13.66925652
172.387587,13.66924694
172.397673,13.66923737
172.407752,13.66922779
172.417853,13.66921822
172.42794,13.66920864
172.438023,13.66919906
172.448107,13.66918949
172.458193,13.66917991
172.468279,13.66917034
172.478363,13.66916076
172.488449,13.66915119
172.498535,13.66914161
172.50862,13.66913204
172.518704,13.66912246
172.52879,13.66911288
172.538875,13.66910331
172.548962,13.66909373
172.559047,13.66908416
172.569133,13.66907458
172.579219,13.66906501
172.589332,13.66905543
172.599419,13.66904585
172.609503,13.66903628
172.619589,13.6690267
172.629676,13.66901713
172.639756,13.66900755
172.649846,13.66899798
172.659931,13.6689884
172.67002,13.66897883
172.680105,13.66896925
172.690199,13.66895967
172.700284,13.6689501
172.710368,13.66894052
172.720453,13.66893095
172.730537,13.66892137
172.740622,13.6689118
172.750707,13.66890222
172.76079,13.66889264
172.770873,13.66888307
172.780958,13.66887349
172.791069,13.66886392
172.801153,13.66885434
172.811237,13.66884477
172.821323,13.66883519
172.831408,13.66882562
172.841492,13.66881604
172.851577,13.66880646
172.861665,13.66879689
172.871744,13.66878731
172.88183,13.66877774
172.891945,13.66877295
172.902023,13.66876337
172.912107,13.6687538
172.922199,13.66874422
172.932285,13.66873465
172.94237,13.66872507
172.952455,13.6687155
172.962542,13.66870592
172.972629,13.66869634
172.982714,13.66868677
172.992867,13.66868198
173.00295,13.66868198
173.013032,13.66868198
173.023112,13.66868198
173.033194,13.66867719
173.043277,13.66866762
173.053359,13.66866283
173.063441,13.66865325
173.073522,13.66864368
173.083603,13.6686341
173.093697,13.66862453
173.103778,13.66861495
173.113864,13.66860538
173.12395,13.6685958
173.134008,13.66858622
173.144094,13.66857665
173.154179,13.66856707
173.164265,13.6685575
173.174353,13.66854792
173.184439,13.66854313
173.194521,13.66854313
173.204607,13.66854313
173.214692,13.66854313
173.224777,13.66854313
173.234861,13.66854313
173.244947,13.66854313
173.255031,13.66854313
173.265116,13.66854313
173.2752,13.66854313
173.285284,13.66854313
173.295369,13.66854313
173.305459,13.66854313
173.315545,13.66854313
173.325634,13.66854313
173.335716,13.66854313
173.345804,13.66854313
173.355891,13.66854313
173.365996,13.66854313
173.376081,13.66854313
173.38617,13.66854313
173.396258,13.66854313
173.406343,13.66854313
173.41643,13.66854313
173.426516,13.66854313
173.436602,13.66854313
173.446687,13.66854313
173.456772,13.66854313
173.466857,13.66854313
173.476943,13.66854313
173.487028,13.66854313
173.497126,13.66854313
173.507212,13.66854313
173.517295,13.66854313
173.527379,13.66854313
173.537464,13.66854313
173.547549,13.66854313
173.557632,13.66854313
173.567719,13.66854313
173.577804,13.66854313
173.587891,13.66854313
173.598038,13.66854313
173.608128,13.66854313
173.618214,13.66854313
173.6283,13.66853835
173.638384,13.66853356
173.648471,13.66852877
173.658556,13.66852398
173.668641,13.6685192
173.678727,13.66851441
173.688812,13.66850962
173.698926,13.66850483
173.709013,13.66850483
173.719097,13.66850483
173.729182,13.66850483
173.739268,13.66850483
173.749354,13.66850483
173.759439,13.66850004
173.769524,13.66849526
173.77961,13.66848568
173.789695,13.66847611
173.799804,13.66846653
173.809891,13.66845695
173.819976,13.66844738
173.83006,13.6684378
173.840143,13.66842823
173.850225,13.66841865
173.860313,13.66840908
173.870399,13.6683995
173.880483,13.66838992
173.890567,13.66838035
173.900657,13.66837077
173.910743,13.6683612
173.920832,13.66835162
173.930917,13.66834205
173.941003,13.66833247
173.951086,13.6683229
173.961172,13.66831332
173.971256,13.66830374
173.981341,13.66829417
173.991427,13.66828459
174.001522,13.66827502
174.011604,13.66826544
174.021685,13.66825587
174.031765,13.66824629
174.041847,13.66823671
174.051924,13.66822714
174.062012,13.66821756
174.072094,13.66820799
174.082175,13.66819841
174.092257,13.66818884
174.102401,13.66817926
174.112486,13.66816969
174.122571,13.66816011
174.132655,13.66815053
174.14274,13.66814575
174.152824,13.66814096
174.162908,13.66813617
174.172997,13.66813617
174.183082,13.66813617
174.193169,13.66813617
174.203265,13.66813617
174.213349,13.66813617
174.223434,13.66813617
174.233519,13.66813617
174.24392,13.66813617
174.25402,13.66813617
174.264106,13.66813617
174.274192,13.66813138
174.28428,13.66813138
174.294363,13.66813138
174.304479,13.66813138
174.314569,13.66813138
174.324656,13.66813138
174.334742,13.66813138
174.344828,13.66813138
174.354912,13.66813138
174.364995,13.66813138
174.375079,13.66813138
174.385163,13.66813138
174.395247,13.66813138
174.405361,13.66813138
174.415446,13.66813138
174.425531,13.66813138
174.435619,13.66813138
174.445707,13.66813138
174.455793,13.66813138
174.465878,13.66813138
174.475964,13.66813138
174.486007,13.66813138
174.496093,13.66813138
174.506176,13.66813138
174.51626,13.66813138
174.526344,13.66813138
174.536428,13.66813138
174.546511,13.66813138
174.556596,13.66813138
174.56668,13.66813138
174.576766,13.66813138
174.586848,13.66813138
174.596933,13.66813138
174.60702,13.66813138
174.617107,13.66813138
174.627191,13.66813138
174.637275,13.66813138
174.647359,13.66813138
174.657444,13.66813138
174.667529,13.66813138
174.677613,13.66813138
174.687698,13.66813138
174.697784,13.66813138
174.707895,13.66813138
174.718,13.66813138
174.728085,13.66813138
174.738166,13.66813138
174.748252,13.66813138
174.758336,13.66813138
174.768422,13.66813138
174.778507,13.66813138
174.788591,13.66813138
174.798676,13.66813138
174.808791,13.66813138
174.818875,13.66813138
174.82896,13.66813138
174.839043,13.66813138
174.849129,13.66813138
174.859214,13.66813138
174.869299,13.66813138
174.879384,13.66813138
174.889468,13.66813138
174.899558,13.66813138
174.909676,13.66813138
174.919771,13.66813138
174.929858,13.66813138
174.939944,13.66813138
174.950016,13.66813138
174.960101,13.66813138
174.970186,13.66813138
174.980273,13.66813138
174.990354,13.66813138
175.000441,13.66813138
175.010526,13.66813138
175.020608,13.66813138
175.030689,13.66813138
175.040771,13.66813138
175.050849,13.66813138
175.061151,13.66813138
175.071301,13.66813138
175.081515,13.66813138
175.091588,13.66813138
175.101668,13.66813138
175.111783,13.66813138
175.121866,13.66813138
175.131946,13.66813138
175.142027,13.66813138
175.152106,13.66813138
175.162185,13.66813138
175.172267,13.66813138
175.182347,13.66813138
175.192426,13.66813138
175.202504,13.66813138
175.212643,13.66813138
175.222725,13.66813138
175.232805,13.66813138
175.242887,13.66813138
175.252968,13.66813138
175.263048,13.66813138
175.273129,13.66813138
175.283212,13.66813138
175.293292,13.66813138
175.303372,13.66813138
175.313484,13.66813138
175.323577,13.66813138
175.33366,13.66813138
175.343743,13.66813138
175.353826,13.66813138
175.363908,13.66813138
175.37399,13.66813138
175.384073,13.66813138
175.394154,13.66813138
175.404236,13.66813138
175.414317,13.66813138
175.424398,13.66813138
175.434481,13.66813138
175.444562,13.66813138
175.454644,13.66813138
175.464725,13.66813138
175.474807,13.66813138
175.484888,13.66813138
175.494969,13.66813138
175.50505,13.66813138
175.515132,13.66813138
175.525213,13.66813138
175.535296,13.66813138
175.545377,13.66813138
175.555459,13.66813138
175.56554,13.66813138
175.575621,13.66813138
175.585703,13.66813138
175.595784,13.66813138
175.605867,13.66813138
175.615979,13.66813138
175.62606,13.6681266
175.636141,13.66812181
175.646223,13.66811223
175.656305,13.66810266
175.666387,13.66809308
175.676468,13.6680835
175.686549,13.66807393
175.696645,13.66806435
175.706733,13.66805478
175.716828,13.6680452
175.726914,13.66803563
175.737003,13.66802605
175.747088,13.66801648
175.757173,13.6680069
175.76726,13.66799732
175.777353,13.66798775
175.787434,13.66797817
175.797513,13.6679686
175.807597,13.66795902
175.817712,13.66794945
175.827801,13.66793987
175.837886,13.66793029
175.847973,13.66792072
175.858059,13.66791114
175.868145,13.66790157
175.878229,13.66789199
175.888313,13.66788242
175.900157,13.66787284
175.910244,13.66786327
175.92033,13.66785369
175.930414,13.66784411
175.940499,13.66783454
175.950594,13.66782496
175.960677,13.66781539
175.970759,13.66780581
175.980842,13.66779624
175.990927,13.66778666
176.00101,13.66777708
176.011091,13.66776751
176.021173,13.66775793
176.031261,13.66774836
176.041343,13.66773878
176.051422,13.66772921
176.061502,13.66771963
176.071582,13.66771006
176.081664,13.66770048
176.091742,13.6676909
176.101821,13.66768133
176.111899,13.66767175
176.12204,13.66766218
176.132122,13.6676526
176.142205,13.66764303
176.152285,13.66763345
176.162369,13.66762387
176.172453,13.6676143
176.182533,13.66760472
176.192611,13.66759515
176.202693,13.66758557
176.212779,13.667576
176.222857,13.66756642
176.232937,13.66755685
176.243019,13.66754727
176.2531,13.66753769
176.26318,13.66752812
176.273259,13.66751854
176.28334,13.66750897
176.293434,13.66749939
176.303521,13.66748982
176.313605,13.66748024
176.323686,13.66747067
176.333769,13.66746109
176.34385,13.66745151
176.353935,13.66744194
176.364019,13.66743236
176.374102,13.66742279
176.384191,13.66741321
176.394296,13.66740364
176.40438,13.66739406
176.41446,13.66738448
176.424546,13.66737491
176.434626,13.66736533
176.444708,13.66735576
176.454791,13.66734618
176.464878,13.66733661
176.474969,13.66732703
176.485053,13.66731746
176.495136,13.66730788
176.505218,13.6672983
176.515304,13.66728873
176.525419,13.66727915
176.5355,13.66726958
176.545581,13.66726
176.555676,13.66725043
176.565761,13.66724085
176.575844,13.66723127
176.585925,13.6672217
176.596007,13.66721212
176.606095,13.66720255
176.616176,13.66719297
176.626327,13.6671834
176.636407,13.66717382
176.646487,13.66716425
176.656564,13.66715467
176.666642,13.66714509
176.67672,13.66713552
176.686803,13.66712594
176.696882,13.66711637
176.706961,13.66710679
176.717041,13.66709722
176.727187,13.66708764
176.737276,13.66707806
176.747361,13.66706849
176.757447,13.66705891
176.767537,13.66704934
176.777625,13.66703976
176.787711,13.66703019
176.797797,13.66702061
176.810024,13.66701104
176.820113,13.66700146
176.8302,13.66699188
176.840278,13.66698231
176.850368,13.66697273
176.860456,13.66696316
176.870537,13.66695358
176.880618,13.66694401
176.890697,13.66693443
176.900778,13.66692485
176.910857,13.66691528
176.92094,13.6669057
176.931021,13.66689613
176.941128,13.66688655
176.951217,13.66687698
176.961302,13.6668674
176.971394,13.66685783
176.981477,13.66684825
176.991565,13.66683867
177.001649,13.6668291
177.011732,13.66681952
177.021816,13.66680995
177.0319,13.66680037
177.041996,13.6667908
177.052075,13.66678122
177.062156,13.66677164
177.072241,13.66676207
177.082324,13.66675249
177.092402,13.66674292
177.102483,13.66673334
177.112565,13.66672377
177.122648,13.66671419
177.13273,13.66670462
177.142811,13.66669504
177.152891,13.66668546
177.162976,13.66667589
177.173071,13.66666631
177.183154,13.66665674
177.193233,13.66664716
177.205937,13.66663759
177.21602,13.66662801
177.226102,13.66661843
177.236185,13.66660886
177.246269,13.6665945
177.256361,13.66658013
177.266445,13.66656577
177.276526,13.66654662
177.286607,13.66652747
177.29669,13.66650832
177.306772,13.66648916
177.316855,13.66647001
177.326944,13.66645565
177.337029,13.6664365
177.347112,13.66641735
177.357195,13.6663982
177.367276,13.66637904
177.377389,13.66635989
177.387498,13.66634074
177.397586,13.66632159
177.407669,13.66630244
177.417753,13.66628329
177.427836,13.66626414
177.437914,13.66624499
177.447994,13.66622583
177.458072,13.66620668
177.46815,13.66618753
177.478228,13.66616838
177.488306,13.66614923
177.498383,13.66613008
177.508461,13.66611093
177.518539,13.66609178
177.528618,13.66607262
177.538697,13.66605347
177.548781,13.66603432
177.558862,13.66601517
177.568975,13.66599602
177.579057,13.66597687
177.589136,13.66595772
177.599217,13.66593857
177.609299,13.66591941
177.619381,13.66590026
177.62946,13.66588111
177.639541,13.66586196
177.649621,13.6658476
177.659702,13.66583323
177.669781,13.66582366
177.679861,13.66581408
177.68994,13.66580451
177.70002,13.66579493
177.710101,13.66578536
177.72018,13.66577578
177.73026,13.6657662
177.740339,13.66575663
177.750419,13.66574705
177.760498,13.66573748
177.770579,13.6657279
177.780659,13.66571833
177.790739,13.66570875
177.800822,13.66569918
177.8109,13.6656896
177.820982,13.66568002
177.831062,13.66567045
177.841141,13.66566087
177.851221,13.6656513
177.861299,13.66564172
177.871378,13.66563215
177.881456,13.66562257
177.891536,13.66561299
177.901614,13.66560342
177.911694,13.66559384
177.921772,13.66558427
177.931856,13.66557469
177.94204,13.66556512
177.952127,13.66555554
177.962212,13.66554597
177.972298,13.66553639
177.982383,13.66552681
177.992469,13.66551724
178.002555,13.66550766
178.01264,13.66549809
178.022724,13.66548851
178.032808,13.66547894
178.042893,13.66546936
178.052979,13.66545978
178.063061,13.66545021
178.073145,13.66544063
178.083229,13.66543106
178.093683,13.66542148
178.103823,13.66541191
178.114137,13.66540233
178.124215,13.66539276
178.134294,13.66538318
178.144373,13.6653736
178.154454,13.66536403
178.164536,13.66535445
178.174621,13.66534488
178.184705,13.6653353
178.194788,13.66532573
178.204871,13.66531615
178.214952,13.66530657
178.225033,13.665297
178.235145,13.66528742
178.245228,13.66527785
178.255309,13.66526827
178.26539,13.6652587
178.275472,13.66524912
178.285554,13.66523955
178.295635,13.66522997
178.305716,13.66522039
178.315802,13.66521082
178.325887,13.66520124
178.336008,13.66519167
178.346092,13.66518209
178.356174,13.66517252
178.366256,13.66516294
178.376338,13.66515336
178.386419,13.66514379
178.3965,13.66513421
178.406582,13.66512464
178.416667,13.66511506
178.426749,13.66510549
178.436858,13.66509591
178.446941,13.66508634
178.457023,13.66507676
178.467105,13.66506718
178.477186,13.66505761
178.487267,13.66504803
178.497348,13.66503846
178.50743,13.66502888
178.517512,13.66501931
178.527594,13.66500973
178.537705,13.66500015
178.547786,13.66499058
178.557867,13.664981
178.567947,13.66497143
178.578029,13.66496185
178.588111,13.66495228
178.598191,13.6649427
178.608275,13.66493313
178.618358,13.66492355
178.628441,13.66491397
178.638552,13.6649044
178.648635,13.66489482
178.658717,13.66488525
178.668796,13.66487567
178.678878,13.6648661
178.688959,13.66485652
178.69904,13.66484695
178.709121,13.66483737
178.719202,13.66482779
178.729283,13.66481822
178.73939,13.66480864
178.749473,13.66479907
178.759555,13.66478949
178.769638,13.66477992
178.77972,13.66477034
178.789802,13.66476076
178.799885,13.66475119
178.809967,13.66474161
178.820047,13.66473204
178.830129,13.66472246
178.840237,13.66471289
178.850318,13.66470331
178.8604,13.66469374
178.870481,13.66468416
178.880563,13.66467458
178.890645,13.66466501
178.900725,13.66465543
178.910805,13.66464586
178.920886,13.66463628
178.930971,13.66462671
178.941085,13.66461713
178.951169,13.66460755
178.961253,13.66459798
178.971335,13.6645884
178.981416,13.66457883
178.991498,13.66456925
179.001579,13.66455968
179.01166,13.6645501
179.021742,13.66454053
179.031824,13.66453095
179.041936,13.66452137
179.052018,13.6645118
179.062097,13.66450222
179.07218,13.66449265
179.082262,13.66448307
179.092343,13.6644735
179.102424,13.66446392
179.112504,13.66445434
179.122586,13.66444477
179.132668,13.66443519
179.142777,13.66442562
179.15286,13.66441604
179.162941,13.66440647
179.173027,13.66439689
179.183108,13.66438732
179.193189,13.66437774
179.20327,13.66436816
179.213348,13.66435859
179.223429,13.66434901
179.233518,13.66433944
179.243629,13.66432986
179.253709,13.66432029
179.263791,13.6643155
179.273873,13.66431071
179.283955,13.66430592
179.294035,13.66430592
179.304116,13.66430592
179.314197,13.66430592
179.324279,13.66430592
179.334363,13.66430592
179.344483,13.66430113
179.354565,13.66430113
179.364647,13.66430113
179.374737,13.66430113
179.384826,13.66430113
179.39491,13.66430113
179.404996,13.66430113
179.41508,13.66430113
179.425162,13.66430113
179.435246,13.66430113
179.445359,13.66430113
179.455442,13.66430113
179.465523,13.66430113
179.475605,13.66430113
179.485688,13.66430113
179.49577,13.66429635
179.505851,13.66429156
179.515934,13.66428198
179.526017,13.66427241
179.536099,13.66426283
179.546209,13.66425326
179.556292,13.66424368
179.566375,13.66423411
179.576457,13.66422453
179.586539,13.66421495
179.596619,13.66420538
179.606702,13.6641958
179.616786,13.66418623
179.626868,13.66417665
179.63695,13.66417186
179.647062,13.66416229
179.657144,13.66415271
179.667226,13.66414314
179.677309,13.66413356
179.68739,13.66412399
179.697472,13.66411441
179.707554,13.66410483
179.717636,13.66409526
179.727717,13.66408568
179.737799,13.66407611
179.747912,13.66406653
179.757996,13.66405696
179.768078,13.66404738
179.77816,13.66403781
179.788243,13.66402823
179.798325,13.66401865
179.808407,13.66400908
179.818488,13.6639995
179.828569,13.66398993
179.838653,13.66398035
179.848764,13.66397078
179.858848,13.6639612
179.868931,13.66395162
179.879014,13.66394205
179.889096,13.66393247
179.899177,13.6639229
179.909259,13.66391332
179.919341,13.66390375
179.929429,13.66389417
179.939511,13.6638846
179.949624,13.66387502
