time,pressure_bar
0,12.08383593
0.010091,12.08383415
0.020169,12.08383237
0.030249,12.08383094
0.040328,12.08382916
0.050408,12.08382774
0.060488,12.08382596
0.070567,12.08382454
0.080646,12.08382311
0.090726,12.08382169
0.100805,12.08382026
0.110907,12.08381884
0.120988,12.08381742
0.131068,12.08381599
0.141148,12.08381457
0.151229,12.08381314
0.16131,12.08381172
0.171389,12.08381029
0.181467,12.08380887
0.191547,12.08380745
0.201626,12.08380602
0.211727,12.0838046
0.221807,12.08380317
0.231886,12.08380175
0.241986,12.08380033
0.252067,12.0837989
0.262149,12.08379748
0.272229,12.08379605
0.282308,12.08379463
0.292388,12.08379321
0.302467,12.08379178
0.312577,12.08379036
0.322657,12.08378893
0.332736,12.08378751
0.34282,12.08378609
0.3529,12.08378466
0.362982,12.08378324
0.373063,12.08378181
0.383144,12.08378039
0.393224,12.08377896
0.403304,12.08377754
0.413394,12.08377612
0.423474,12.08377469
0.433555,12.08377327
0.443635,12.08377184
0.453715,12.08377042
0.463795,12.083769
0.473875,12.08376757
0.483955,12.08376615
0.494035,12.08376472
0.504115,12.0837633
0.514218,12.08376188
0.524299,12.08376045
0.534378,12.08375903
0.544458,12.0837576
0.554538,12.08375618
0.564619,12.08375476
0.574698,12.08375333
0.584778,12.08375191
0.594858,12.08375048
0.604938,12.08374906
0.615039,12.08374764
0.625119,12.08374621
0.6352,12.08374479
0.645279,12.08374336
0.655361,12.08374194
0.665441,12.08374051
0.675521,12.08373909
0.6856,12.08373767
0.69568,12.08373624
0.705766,12.08373482
0.715877,12.08373339
0.725989,12.08373197
0.736072,12.08373055
0.746152,12.08372912
0.756232,12.0837277
0.766311,12.08372627
0.7764,12.08372485
0.786481,12.08372343
0.796561,12.083722
0.806641,12.08372058
0.816732,12.08371915
0.826812,12.08371773
0.836893,12.08371631
0.846974,12.08371488
0.857054,12.08371346
0.867137,12.08371203
0.877224,12.08371061
0.887304,12.08370918
0.897378,12.08370776
0.907453,12.08370634
0.917554,12.08370491
0.927635,12.08370349
0.937711,12.08370206
0.947786,12.08370064
0.957864,12.08369922
0.967945,12.08369779
0.978026,12.08369637
0.988105,12.08369494
0.998185,12.08369352
1.008263,12.0836921
1.018353,12.08369067
1.028433,12.08368925
1.038513,12.08368782
1.048592,12.0836864
1.058673,12.08368498
1.068753,12.08368355
1.078833,12.08368213
1.088914,12.0836807
1.098994,12.08367928
1.109073,12.08367785
1.119174,12.08367643
1.129254,12.08367501
1.139331,12.08367358
1.149408,12.08367216
1.159489,12.08367073
1.169568,12.08366931
1.179648,12.08366789
1.189728,12.08366646
1.199807,12.08366504
1.209888,12.08366361
1.219992,12.08366219
1.230072,12.08366077
1.240152,12.08365934
1.250231,12.08365792
1.260311,12.08365649
1.27039,12.08365507
1.28047,12.08365365
1.29055,12.08365222
1.30063,12.0836508
1.31071,12.08364937
1.32081,12.08364795
1.33089,12.08364652
1.340973,12.0836451
1.351053,12.08364368
1.361133,12.08364225
1.371214,12.08364083
1.381294,12.0836394
1.391374,12.08363798
1.401456,12.08363656
1.411536,12.08363513
1.421625,12.08363371
1.431704,12.08363228
1.441784,12.08363086
1.451864,12.08362944
1.461941,12.08362801
1.472021,12.08362659
1.482101,12.08362516
1.492181,12.08362374
1.50226,12.08362232
1.51234,12.08362089
1.522428,12.08361947
1.532508,12.08361804
1.542588,12.08361662
1.552667,12.0836152
1.562746,12.08361377
1.572827,12.08361235
1.582906,12.08361092
1.592985,12.0836095
1.603066,12.08360807
1.613146,12.08360665
1.623247,12.08360523
1.633328,12.0836038
1.643407,12.08360238
1.653484,12.08360095
1.663565,12.08359953
1.673644,12.08359811
1.683723,12.08359668
1.693802,12.08359526
1.703891,12.08359383
1.713971,12.08359241
1.724081,12.08359099
1.734161,12.08358956
1.74424,12.08358814
1.75432,12.08358671
1.7644,12.08358529
1.774479,12.08358387
1.784559,12.08358244
1.794641,12.08358102
1.804721,12.08357959
1.814801,12.08357817
1.82488,12.08357674
1.834958,12.08357532
1.845035,12.0835739
1.855142,12.08357247
1.86522,12.08357105
1.875314,12.08356962
1.885391,12.0835682
1.895466,12.08356678
1.905544,12.08356535
1.915624,12.08356393
1.92577,12.0835625
1.935847,12.08356108
1.945924,12.08355966
1.955999,12.08355823
1.966076,12.08355681
1.976152,12.08355538
1.98623,12.08355396
1.996307,12.08355254
2.006384,12.08355111
2.016459,12.08354969
2.026579,12.08354826
2.036659,12.08354684
2.04675,12.08354541
2.05683,12.08354399
2.06691,12.08354257
2.07699,12.08354114
2.087069,12.08353972
2.097149,12.08353829
2.107229,12.08353687
2.11731,12.08353545
2.127407,12.08353402
2.137487,12.0835326
2.147568,12.08353117
2.157649,12.08352975
2.16773,12.08352833
2.17781,12.0835269
2.18789,12.08352548
2.197992,12.08352405
2.208072,12.08352263
2.218151,12.08352121
2.228251,12.08351978
2.238331,12.08351836
2.24841,12.08351693
2.258489,12.08351551
2.268569,12.08351408
2.278648,12.08351266
2.288727,12.08351124
2.298806,12.08350981
2.308884,12.08350839
2.318963,12.08350696
2.329064,12.08350554
2.339153,12.08350412
2.349234,12.08350269
2.359314,12.08350127
2.369395,12.08349984
2.379475,12.08349842
2.389554,12.083497
2.399634,12.08349557
2.409714,12.08349415
2.419792,12.08349272
2.429881,12.0834913
2.43996,12.08348988
2.45004,12.08348845
2.46012,12.08348703
2.4702,12.0834856
2.480279,12.08348418
2.490359,12.08348276
2.500439,12.08348133
2.510518,12.08347991
2.520597,12.08347848
2.530698,12.08347706
2.540778,12.08347563
2.550857,12.08347421
2.560937,12.08347279
2.571017,12.08347136
2.581102,12.08346994
2.591183,12.08346851
2.601263,12.08346709
2.611343,12.08346567
2.621422,12.08346424
2.631529,12.08346282
2.641609,12.08346139
2.651689,12.08345997
2.66177,12.08345855
2.67185,12.08345712
2.681931,12.0834557
2.69201,12.08345427
2.70209,12.08345285
2.712171,12.08345143
2.722253,12.08345
2.732365,12.08344858
2.742445,12.08344715
2.752526,12.08344573
2.762612,12.0834443
2.772693,12.08344288
2.782773,12.08344146
2.792853,12.08344003
2.802933,12.08343861
2.813013,12.08343718
2.823094,12.08343576
2.833195,12.08343434
2.843276,12.08343291
2.853355,12.08343149
2.863446,12.08343006
2.87356,12.08342864
2.883651,12.08342722
2.893727,12.08342579
2.90381,12.08342437
2.913891,12.08342294
2.923976,12.08342152
2.934089,12.0834201
2.944169,12.08341867
2.954249,12.08341725
2.96433,12.08341582
2.974409,12.0834144
2.984489,12.08341297
2.994567,12.08341155
3.004648,12.08341013
3.014739,12.0834087
3.024821,12.08340728
3.034914,12.08340585
3.044994,12.08340443
3.055076,12.08340301
3.065156,12.08340158
3.075236,12.08340016
3.085317,12.08339873
3.095397,12.08339731
3.105476,12.08339589
3.115556,12.08339446
3.125635,12.08339304
3.135738,12.08339161
3.145817,12.08339019
3.155898,12.08338877
3.165979,12.08338734
3.176058,12.08338592
3.186134,12.08338449
3.196214,12.08338307
3.206294,12.08338164
3.216375,12.08338022
3.226454,12.0833788
3.236567,12.08337737
3.246648,12.08337595
3.256729,12.08337452
3.266808,12.0833731
3.276887,12.08337168
3.286968,12.08337025
3.297048,12.08336883
3.307128,12.0833674
3.317211,12.08336598
3.327291,12.08336456
3.337378,12.08336313
3.347459,12.08336171
3.35754,12.08336028
3.367621,12.08335886
3.3777,12.08335744
3.38778,12.08335601
3.39786,12.08335459
3.40794,12.08335316
3.418021,12.08335174
3.4281,12.08335032
3.438204,12.08334889
3.448285,12.08334747
3.458365,12.08334604
3.468445,12.08334462
3.47853,12.08334319
3.488611,12.08334177
3.498691,12.08334035
3.508771,12.08333892
3.51885,12.0833375
3.528931,12.08333607
3.539021,12.08333465
3.5491,12.08333323
3.55918,12.0833318
3.56926,12.08333038
3.57934,12.08332895
3.589419,12.08332753
3.599499,12.08332611
3.609579,12.08332468
3.619659,12.08332326
3.62974,12.08332183
3.639841,12.08332041
3.649921,12.08331899
3.660002,12.08331756
3.670081,12.08331614
3.680161,12.08331471
3.690241,12.08331329
3.700317,12.08331186
3.710399,12.08331044
3.720481,12.08330902
3.730571,12.08330759
3.74068,12.08330617
3.750761,12.08330474
3.760843,12.08330332
3.770923,12.0833019
3.781003,12.08330047
3.791084,12.08329905
3.801164,12.08329762
3.811245,12.0832962
3.821325,12.08329478
3.831404,12.08329335
3.841492,12.08329193
3.851573,12.0832905
3.861653,12.08328908
3.871769,12.08328766
3.881862,12.08328623
3.89194,12.08328481
3.901993,12.08328338
3.912075,12.08328196
3.922154,12.08328053
3.932234,12.08327911
3.942342,12.08327769
3.952422,12.08327626
3.962502,12.08327484
3.972582,12.08327341
3.98266,12.08327199
3.992742,12.08327057
4.002821,12.08326914
4.012901,12.08326772
4.022983,12.08326629
4.033063,12.08326487
4.043152,12.08326345
4.053233,12.08326202
4.063314,12.0832606
4.073394,12.08325917
4.083474,12.08325775
4.093554,12.08325633
4.103634,12.0832549
4.113716,12.08325348
4.123795,12.08325205
4.133876,12.08325063
4.143975,12.0832492
4.154057,12.08324778
4.164137,12.08324636
4.174216,12.08324493
4.184296,12.08324351
4.194376,12.08324208
4.204455,12.08324066
4.214536,12.08323924
4.224616,12.08323781
4.234697,12.08323639
4.244799,12.08323496
4.254879,12.08323354
4.264959,12.08323212
4.275035,12.08323069
4.285115,12.08322927
4.295194,12.08322784
4.305274,12.08322642
4.315354,12.083225
4.325431,12.08322357
4.33551,12.08322215
4.345602,12.08322072
4.355681,12.0832193
4.365762,12.08321788
4.375842,12.08321645
4.385922,12.08321503
4.396002,12.0832136
4.406082,12.08321218
4.416162,12.08321075
4.426242,12.08320933
4.436321,12.08320791
4.446422,12.08320648
4.456503,12.08320506
4.46658,12.08320363
4.476661,12.08320221
4.486741,12.08320079
4.49682,12.08319936
4.5069,12.08319794
4.516979,12.08319651
4.527059,12.08319509
4.537139,12.08319367
4.547229,12.08319224
4.557309,12.08319082
4.567396,12.08318939
4.57748,12.08318797
4.58756,12.08318655
4.597641,12.08318512
4.607721,12.0831837
4.617801,12.08318227
4.627886,12.08318085
4.637996,12.08317942
4.648109,12.083178
4.65819,12.08317658
4.66827,12.08317515
4.67835,12.08317373
4.688431,12.0831723
4.698511,12.08317088
4.708598,12.08316946
4.718679,12.08316803
4.728767,12.08316661
4.738848,12.08316518
4.748956,12.08316376
4.759038,12.08316234
4.769118,12.08316091
4.779198,12.08315949
4.789278,12.08315806
4.799358,12.08315664
4.809438,12.08315522
4.819518,12.08315379
4.829598,12.08315237
4.839678,12.08315094
4.849767,12.08314952
4.859847,12.08314809
4.869948,12.08314667
4.88004,12.08314525
4.890125,12.08314382
4.900239,12.0831424
4.91032,12.08314097
4.920398,12.08313955
4.930487,12.08313813
4.940561,12.0831367
4.950638,12.08313528
4.960713,12.08313385
4.97079,12.08313243
4.980866,12.08313101
4.990943,12.08312958
5.001019,12.08312816
5.011095,12.08312673
5.021172,12.08312531
5.031248,12.08312389
5.041324,12.08312246
5.051446,12.08312104
5.061527,12.08311961
5.071607,12.08311819
5.081687,12.08311676
5.091766,12.08311534
5.101847,12.08311392
5.111927,12.08311249
5.122007,12.08311107
5.132088,12.08310964
5.142167,12.08310822
5.152246,12.0831068
5.162327,12.08310537
5.172407,12.08310395
5.182487,12.08310252
5.192568,12.0831011
5.202647,12.08309968
5.212726,12.08309825
5.222805,12.08309683
5.232883,12.0830954
5.242963,12.08309398
5.253054,12.08309256
5.263133,12.08309113
5.273213,12.08308971
5.283293,12.08308828
5.293372,12.08308686
5.303453,12.08308543
5.313532,12.08308401
5.323612,12.08308259
5.333692,12.08308116
5.343775,12.08307974
5.353865,12.08307831
5.363946,12.08307689
5.374027,12.08307547
5.384106,12.08307404
5.394186,12.08307262
5.404265,12.08307119
5.414346,12.08306977
5.424426,12.08306835
5.434505,12.08306692
5.444586,12.0830655
5.454688,12.08306407
5.464767,12.08306265
5.474847,12.08306123
5.484927,12.0830598
5.495007,12.08305838
5.505087,12.08305695
5.515166,12.08305553
5.525245,12.08305411
5.535324,12.08305268
5.545403,12.08305126
5.555491,12.08304983
5.56557,12.08304841
5.575649,12.08304698
5.58573,12.08304556
5.595808,12.08304414
5.605888,12.08304271
5.615968,12.08304129
5.626048,12.08303986
5.636128,12.08303844
5.646207,12.08303702
5.65631,12.08303559
5.66639,12.08303417
5.67647,12.08303274
5.686549,12.08303132
5.696628,12.0830299
5.70672,12.08302847
5.716802,12.08302705
5.726887,12.08302562
5.736968,12.0830242
5.747048,12.08302278
5.757138,12.08302135
5.767219,12.08301993
5.777299,12.0830185
5.787379,12.08301708
5.797459,12.08301565
5.807538,12.08301423
5.817618,12.08301281
5.827698,12.08301138
5.837782,12.08300996
5.847864,12.08300853
5.858036,12.08300711
5.868147,12.08300569
5.878255,12.08300426
5.88834,12.08300284
5.898419,12.08300141
5.908497,12.08299999
5.918579,12.08299857
5.92866,12.08299714
5.938741,12.08299572
5.948822,12.08299429
5.958934,12.08299287
5.969016,12.08299145
5.979094,12.08299002
5.989175,12.0829886
5.999256,12.08298717
6.009337,12.08298575
6.019418,12.08298432
6.029499,12.0829829
6.039579,12.08298148
6.049662,12.08298005
6.059773,12.08297863
6.069851,12.0829772
6.079931,12.08297578
6.090011,12.08297436
6.100092,12.08297293
6.110172,12.08297151
6.120252,12.08297008
6.130332,12.08296866
6.140412,12.08296724
6.150492,12.08296581
6.160586,12.08296439
6.170668,12.08296296
6.180748,12.08296154
6.190829,12.08296012
6.20091,12.08295869
6.210992,12.08295727
6.221072,12.08295584
6.231154,12.08295442
6.241236,12.08295299
6.251318,12.08295157
6.261428,12.08295015
6.27151,12.08294872
6.28159,12.0829473
6.291671,12.08294587
6.301752,12.08294445
6.311834,12.08294303
6.321915,12.0829416
6.331996,12.08294018
6.342077,12.08293875
6.352158,12.08293733
6.362264,12.08293591
6.372345,12.08293448
6.382426,12.08293306
6.392507,12.08293163
6.402587,12.08293021
6.412668,12.08292879
6.422748,12.08292736
6.43283,12.08292594
6.442911,12.08292451
6.452991,12.08292309
6.463081,12.08292167
6.473161,12.08292024
6.483242,12.08291882
6.493324,12.08291739
6.503405,12.08291597
6.513486,12.08291454
6.523567,12.08291312
6.533648,12.0829117
6.54373,12.08291027
6.55381,12.08290885
6.563913,12.08290742
6.573993,12.082906
6.584075,12.08290458
6.594155,12.08290315
6.604236,12.08290173
6.614318,12.0829003
6.624398,12.08289888
6.634479,12.08289746
6.64456,12.08289603
6.654652,12.08289461
6.66476,12.08289318
6.674842,12.08289176
6.684922,12.08289034
6.695004,12.08288891
6.705083,12.08288749
6.715163,12.08288606
6.725245,12.08288464
6.735326,12.08288321
6.745407,12.08288179
6.755487,12.08288037
6.765596,12.08287894
6.775677,12.08287752
6.785758,12.08287609
6.795841,12.08287467
6.805922,12.08287325
6.816003,12.08287182
6.826085,12.0828704
6.836164,12.08286897
6.846245,12.08286755
6.856325,12.08286613
6.866434,12.0828647
6.876524,12.08286328
6.886608,12.08286185
6.896688,12.08286043
6.90677,12.08285901
6.916853,12.08285758
6.926935,12.08285616
6.937018,12.08285473
6.947099,12.08285331
6.957179,12.08285188
6.967272,12.08285046
6.977353,12.08284904
6.987435,12.08284761
6.997517,12.08284619
7.007598,12.08284476
7.017678,12.08284334
7.027758,12.08284192
7.037839,12.08284049
7.04792,12.08283907
7.058,12.08283764
7.068105,12.08283622
7.078186,12.0828348
7.088267,12.08283337
7.098348,12.08283195
7.108435,12.08283052
7.11852,12.0828291
7.128601,12.08282768
7.138682,12.08282625
7.148763,12.08282483
7.15885,12.0828234
7.168971,12.08282198
7.179053,12.08282055
7.189135,12.08281913
7.199216,12.08281771
7.209297,12.08281628
7.219378,12.08281486
7.229458,12.08281343
7.239539,12.08281201
7.24962,12.08281059
7.259701,12.08280916
7.269808,12.08280774
7.27989,12.08280631
7.289986,12.08280489
7.300068,12.08280347
7.310148,12.08280204
7.32023,12.08280062
7.330311,12.08279919
7.340392,12.08279777
7.350473,12.08279635
7.360554,12.08279492
7.370644,12.0827935
7.380726,12.08279207
7.390807,12.08279065
7.400888,12.08278923
7.41097,12.0827878
7.421051,12.08278638
7.431132,12.08278495
7.441212,12.08278353
7.451293,12.0827821
7.461374,12.08278068
7.471478,12.08277926
7.481559,12.08277783
7.491641,12.08277641
7.501721,12.08277498
7.511802,12.08277356
7.521883,12.08277214
7.531964,12.08277071
7.542045,12.08276929
7.552125,12.08276786
7.562205,12.08276644
7.57231,12.08276502
7.582391,12.08276359
7.592471,12.08276217
7.602551,12.08276074
7.612631,12.08275932
7.622712,12.0827579
7.632792,12.08275647
7.642872,12.08275505
7.652951,12.08275362
7.663035,12.0827522
7.673145,12.08275077
7.683225,12.08274935
7.693306,12.08274793
7.703388,12.0827465
7.713467,12.08274508
7.723548,12.08274365
7.733631,12.08274223
7.743713,12.08274081
7.753793,12.08273938
7.763873,12.08273796
7.774032,12.08273653
7.784115,12.08273511
7.794195,12.08273369
7.804278,12.08273226
7.814359,12.08273084
7.82444,12.08272941
7.834521,12.08272799
7.844602,12.08272657
7.854683,12.08272514
7.864763,12.08272372
7.874871,12.08272229
7.884952,12.08272087
7.895032,12.08271944
7.90511,12.08271802
7.915191,12.0827166
7.925272,12.08271517
7.935352,12.08271375
7.945432,12.08271232
7.955511,12.0827109
7.96563,12.08270948
7.97571,12.08270805
7.98579,12.08270663
7.995869,12.0827052
8.005951,12.08270378
8.016032,12.08270236
8.026113,12.08270093
8.036194,12.08269951
8.046275,12.08269808
8.056356,12.08269666
8.066437,12.08269524
8.076548,12.08269381
8.08663,12.08269239
8.096711,12.08269096
8.106792,12.08268954
8.116871,12.08268811
8.126952,12.08268669
8.137033,12.08268527
8.147113,12.08268384
8.157191,12.08268242
8.167272,12.08268099
8.177381,12.08267957
8.187462,12.08267815
8.197542,12.08267672
8.207624,12.0826753
8.217705,12.08267387
8.227786,12.08267245
8.237868,12.08267103
8.247948,12.0826696
8.258028,12.08266818
8.268109,12.08266675
8.2782,12.08266533
8.288282,12.08266391
8.298363,12.08266248
8.30844,12.08266106
8.318521,12.08265963
8.328602,12.08265821
8.338683,12.08265679
8.348764,12.08265536
8.358845,12.08265394
8.368926,12.08265251
8.379033,12.08265109
8.389116,12.08264966
8.399197,12.08264824
8.409278,12.08264682
8.419359,12.08264539
8.42944,12.08264397
8.439522,12.08264254
8.449603,12.08264112
8.459684,12.0826397
8.469764,12.08263827
8.479869,12.08263685
8.48995,12.08263542
8.500031,12.082634
8.510112,12.08263258
8.520194,12.08263115
8.530275,12.08262973
8.540356,12.0826283
8.550437,12.08262688
8.560517,12.08262546
8.570598,12.08262403
8.580701,12.08262261
8.590781,12.08262118
8.600861,12.08261976
8.610942,12.08261833
8.621023,12.08261691
8.631103,12.08261549
8.641183,12.08261406
8.651263,12.08261264
8.661345,12.08261121
8.671425,12.08261015
8.68153,12.08260872
8.691611,12.0826073
8.701691,12.08260587
8.711776,12.08260445
8.721857,12.08260303
8.731945,12.0826016
8.742026,12.08260053
8.752109,12.08259911
8.76219,12.08259804
8.772271,12.08259662
8.78238,12.08259555
8.792462,12.08259413
8.802544,12.0825927
8.812626,12.08259128
8.822708,12.08258985
8.832789,12.08258843
8.84287,12.082587
8.85295,12.08258558
8.863038,12.08258416
8.873146,12.08258309
8.883264,12.08258166
8.893344,12.0825806
8.903428,12.08257917
8.913509,12.0825781
8.923592,12.08257704
8.933671,12.08257597
8.943751,12.0825749
8.953828,12.08257383
8.963907,12.08257276
8.973988,12.0825717
8.984077,12.08257098
8.99416,12.08257027
9.004242,12.08256956
9.014324,12.08256885
9.024405,12.08256814
9.034487,12.08256742
9.044569,12.08256671
9.05465,12.082566
9.064731,12.08256529
9.074811,12.08256458
9.084917,12.08256386
9.094997,12.08256315
9.105078,12.08256244
9.115159,12.08256173
9.125244,12.08256102
9.135326,12.0825603
9.145408,12.08255959
9.15549,12.08255888
9.165571,12.08255817
9.175652,12.08255746
9.185762,12.08255674
9.195843,12.08255603
9.205923,12.08255532
9.216005,12.08255461
9.226086,12.08255389
9.236167,12.08255318
9.246247,12.08255247
9.256328,12.08255176
9.266409,12.08255105
9.276489,12.08255033
9.286592,12.08254962
9.296673,12.08254891
9.306754,12.0825482
9.316835,12.08254749
9.326915,12.08254677
9.336996,12.08254606
9.347078,12.08254535
9.357159,12.08254464
9.36724,12.08254393
9.37732,12.08254321
9.387427,12.0825425
9.397504,12.08254179
9.407585,12.08254108
9.417667,12.08254037
9.427747,12.08253965
9.437829,12.08253894
9.44791,12.08253823
9.457989,12.08253752
9.46807,12.08253681
9.47815,12.08253609
9.488238,12.08253538
9.498319,12.08253467
9.5084,12.08253396
9.51848,12.08253325
9.528562,12.08253253
9.538643,12.08253182
9.548723,12.08253111
9.558803,12.0825304
9.568884,12.08252969
9.578964,12.08252897
9.589065,12.08252826
9.599147,12.08252755
9.609228,12.08252684
9.619308,12.08252613
9.629388,12.08252541
9.639475,12.0825247
9.64956,12.08252399
9.659641,12.08252328
9.669721,12.08252256
9.679803,12.08252185
9.689919,12.08252114
9.699999,12.08252043
9.710086,12.08251972
9.720167,12.082519
9.730253,12.08251829
9.740336,12.08251758
9.750418,12.08251687
9.760499,12.08251616
9.770581,12.08251544
9.780662,12.08251473
9.790769,12.08251402
9.800851,12.08251331
9.810931,12.0825126
9.821012,12.08251188
9.831093,12.08251117
9.841175,12.08251046
9.851256,12.08250975
9.861336,12.08250904
9.871447,12.08250832
9.881537,12.08250761
9.89163,12.0825069
9.901709,12.08250619
9.911792,12.08250548
9.92187,12.08250476
9.931948,12.08250405
9.942029,12.08250334
9.952111,12.08250263
9.962191,12.08250192
9.972272,12.0825012
9.982351,12.08250049
9.99246,12.08249978
10.002541,12.08249907
10.012622,12.08249836
10.022704,12.08249764
10.032786,12.08249693
10.042867,12.08249658
10.052946,12.08249586
10.063027,12.08249551
10.07311,12.0824948
10.083191,12.08249444
10.093295,12.08249373
10.103377,12.08249337
10.113457,12.08249266
10.123538,12.0824923
10.133619,12.08249159
10.1437,12.08249088
10.15378,12.08249052
10.16386,12.08248981
10.173941,12.08248945
10.184023,12.08248874
10.194128,12.08248839
10.204209,12.08248767
10.21429,12.08248732
10.224371,12.08248661
10.234452,12.08248625
10.244533,12.08248554
10.254614,12.08248483
10.264694,12.08248411
10.274776,12.0824834
10.284857,12.08248269
10.294961,12.08248198
10.305042,12.08248127
10.315123,12.08248055
10.325204,12.08247984
10.335285,12.08247913
10.345363,12.08247842
10.35544,12.08247771
10.365521,12.08247699
10.375603,12.08247628
10.385684,12.08247557
10.39579,12.08247486
10.405871,12.08247415
10.415952,12.08247343
10.426033,12.08247272
10.436114,12.08247201
10.446195,12.0824713
10.456275,12.08247059
10.466356,12.08246987
10.476437,12.08246916
10.486517,12.08246845
10.496605,12.08246774
10.506687,12.08246703
10.516768,12.08246631
10.526849,12.0824656
10.536929,12.08246489
10.54701,12.08246418
10.557091,12.08246347
10.567172,12.08246275
10.577252,12.08246204
10.587333,12.08246133
10.597436,12.08246062
10.607517,12.08245991
10.617597,12.08245919
10.627678,12.08245848
10.637758,12.08245777
10.647838,12.08245706
10.657915,12.08245634
10.667996,12.08245563
10.678076,12.08245492
10.688157,12.08245421
10.69826,12.0824535
10.708344,12.08245278
10.718427,12.08245207
10.728511,12.08245136
10.738594,12.08245065
10.748676,12.08244994
10.758756,12.08244922
10.768838,12.08244851
10.778919,12.0824478
10.788999,12.08244709
10.799091,12.08244638
10.809174,12.08244566
10.819255,12.08244495
10.829336,12.08244424
10.839418,12.08244353
10.849499,12.08244282
10.85958,12.0824421
10.869687,12.08244139
10.879777,12.08244068
10.889856,12.08243997
10.899987,12.08243926
10.910072,12.08243854
10.920156,12.08243783
10.930237,12.08243712
10.940319,12.08243641
10.9504,12.0824357
10.960481,12.08243498
10.970562,12.08243427
10.980641,12.08243356
10.990723,12.08243285
11.000832,12.08243214
11.01091,12.08243142
11.020989,12.08243071
11.031113,12.08243
11.041192,12.08242929
11.051271,12.08242858
11.061353,12.08242786
11.071434,12.08242715
11.081514,12.08242644
11.091595,12.08242573
11.101703,12.08242501
11.111785,12.0824243
11.121866,12.08242359
11.131947,12.08242288
11.142027,12.08242217
11.152108,12.08242145
11.16219,12.08242074
11.17227,12.08242003
11.182351,12.08241932
11.192433,12.08241861
11.202536,12.08241789
11.212617,12.08241718
11.222698,12.08241647
11.232779,12.08241576
11.24286,12.08241505
11.25294,12.08241433
11.26302,12.08241362
11.273101,12.08241291
11.283181,12.0824122
11.29326,12.08241149
11.303349,12.08241077
11.31343,12.08241006
11.323512,12.08240935
11.333592,12.08240864
11.343673,12.08240793
11.353755,12.08240721
11.363836,12.0824065
11.373917,12.08240579
11.383999,12.08240508
11.394079,12.08240437
11.404182,12.08240365
11.414263,12.08240294
11.424344,12.08240223
11.434425,12.08240152
11.444503,12.08240081
11.454586,12.08240009
11.464667,12.08239938
11.474747,12.08239867
11.484827,12.08239796
11.494907,12.08239725
11.504995,12.08239653
11.515076,12.08239582
11.525157,12.08239511
11.535237,12.0823944
11.545318,12.08239369
11.555399,12.08239297
11.56548,12.08239226
11.57556,12.08239155
11.58564,12.08239084
11.59572,12.08239012
11.605823,12.08238941
11.615904,12.0823887
11.625984,12.08238799
11.636062,12.08238728
11.646143,12.08238656
11.656223,12.08238585
11.666304,12.08238514
11.676385,12.08238443
11.686466,12.08238372
11.696546,12.082383
11.70666,12.08238229
11.716743,12.08238158
11.726823,12.08238087
11.736905,12.08238016
11.746988,12.08237944
11.757068,12.08237873
11.767149,12.08237802
11.777228,12.08237731
11.787309,12.0823766
11.797392,12.08237588
11.807504,12.08237517
11.817585,12.08237446
11.827665,12.08237375
11.837746,12.08237304
11.847829,12.08237232
11.857909,12.08237161
11.868019,12.0823709
11.878123,12.08237019
11.888205,12.08236948
11.898284,12.08236876
11.908399,12.08236805
11.918481,12.08236734
11.928562,12.08236663
11.938643,12.08236592
11.948723,12.0823652
11.958803,12.08236449
11.968884,12.08236378
11.978961,12.08236307
11.989041,12.08236236
11.999122,12.08236164
12.009212,12.08236093
12.019292,12.08236022
12.029372,12.08235951
12.039453,12.08235879
12.04953,12.08235808
12.05961,12.08235737
12.06969,12.08235666
12.079783,12.08235595
12.089866,12.08235523
12.099955,12.08235452
12.110073,12.08235381
12.120153,12.0823531
12.130234,12.08235239
12.140315,12.08235167
12.150396,12.08235096
12.160484,12.08235025
12.170579,12.08234954
12.180662,12.08234883
12.190742,12.08234811
12.200823,12.0823474
12.210902,12.08234669
12.220984,12.08234598
12.231065,12.08234527
12.241146,12.08234455
12.251226,12.08234384
12.261308,12.08234313
12.271388,12.08234242
12.281468,12.08234171
12.291549,12.08234099
12.30163,12.08234028
12.311739,12.08233957
12.32182,12.08233886
12.331901,12.08233815
12.341982,12.08233743
12.352063,12.08233672
12.362144,12.08233601
12.372225,12.0823353
12.382306,12.08233459
12.392387,12.08233387
12.402464,12.08233316
12.41257,12.08233245
12.42265,12.08233174
12.432732,12.08233103
12.442814,12.08233031
12.452894,12.0823296
12.462975,12.08232889
12.473056,12.08232818
12.483136,12.08232747
12.493217,12.08232675
12.503297,12.08232604
12.513386,12.08232533
12.523467,12.08232462
12.533547,12.0823239
12.543627,12.08232319
12.553708,12.08232248
12.563788,12.08232177
12.573868,12.08232106
12.583949,12.08232034
12.594029,12.08231963
12.60411,12.08231892
12.614212,12.08231821
12.624292,12.0823175
12.634372,12.08231678
12.644452,12.08231607
12.654533,12.08231536
12.664621,12.08231465
12.674702,12.08231394
12.684783,12.08231322
12.694864,12.08231251
12.704945,12.0823118
12.715059,12.08231109
12.725139,12.08231038
12.735221,12.08230966
12.745301,12.08230895
12.755382,12.08230824
12.765463,12.08230753
12.775543,12.08230682
12.785624,12.0823061
12.795704,12.08230539
12.805785,12.08230468
12.815891,12.08230397
12.825971,12.08230326
12.836053,12.08230254
12.846135,12.08230183
12.856215,12.08230112
12.866296,12.08230041
12.876393,12.0822997
12.886476,12.08229898
12.896555,12.08229827
12.906639,12.08229756
12.916727,12.08229685
12.926809,12.08229614
12.936889,12.08229542
12.946968,12.08229471
12.957051,12.082294
12.967132,12.08229329
12.977213,12.08229257
12.987294,12.08229186
12.997377,12.08229115
13.007458,12.08229044
13.017566,12.08228973
13.027649,12.08228901
13.037729,12.0822883
13.047811,12.08228759
13.057892,12.08228688
13.067973,12.08228617
13.078055,12.08228545
13.088136,12.08228474
13.098217,12.08228403
13.108298,12.08228332
13.118404,12.08228261
13.128485,12.08228189
13.138566,12.08228118
13.148647,12.08228047
13.158728,12.08227976
13.168809,12.08227905
13.17889,12.08227833
13.188971,12.08227762
13.199054,12.08227691
13.209135,12.0822762
13.21924,12.08227549
13.229321,12.08227477
13.239403,12.08227406
13.249484,12.08227335
13.259565,12.08227264
13.269645,12.08227193
13.279725,12.08227121
13.289806,12.0822705
13.299887,12.08226979
13.309989,12.08226908
13.320092,12.08226837
13.330173,12.08226765
13.340255,12.08226694
13.350337,12.08226623
13.360427,12.08226552
13.370509,12.08226481
13.38059,12.08226409
13.390671,12.08226338
13.400752,12.08226267
13.410832,12.08226196
13.420923,12.08226125
13.431003,12.08226053
13.441096,12.08225982
13.451177,12.08225911
13.461258,12.0822584
13.471339,12.08225768
13.48142,12.08225697
13.491498,12.08225626
13.50158,12.08225555
13.511661,12.08225484
13.521752,12.08225412
13.531834,12.08225341
13.541914,12.0822527
13.551996,12.08225199
13.562076,12.08225128
13.572156,12.08225056
13.582237,12.08224985
13.592318,12.08224914
13.602399,12.08224843
13.612479,12.08224772
13.622584,12.082247
13.632666,12.08224629
13.642746,12.08224558
13.652827,12.08224487
13.662909,12.08224416
13.672989,12.08224344
13.683067,12.08224309
13.693147,12.08224238
13.703228,12.08224166
13.713313,12.08224095
13.723424,12.08224024
13.733508,12.08223953
13.74359,12.08223882
13.753671,12.0822381
13.763753,12.08223739
13.773834,12.08223668
13.783915,12.08223597
13.793998,12.08223526
13.804079,12.08223454
13.81416,12.08223383
13.824265,12.08223312
13.834346,12.08223241
13.844428,12.0822317
13.854509,12.08223098
13.864588,12.08223027
13.874703,12.08222956
13.884785,12.08222885
13.894864,12.08222814
13.904944,12.08222742
13.915025,12.08222671
13.925118,12.082226
13.935198,12.08222529
13.945281,12.08222457
13.955361,12.08222386
13.965443,12.08222315
13.975523,12.08222244
13.985604,12.08222173
13.995686,12.08222101
14.005766,12.0822203
14.015847,12.08221959
14.025952,12.08221888
14.036034,12.08221817
14.046115,12.08221745
14.056197,12.08221674
14.066278,12.08221603
14.076357,12.08221532
14.086437,12.08221461
14.096517,12.08221389
14.106595,12.08221318
14.116676,12.08221247
14.126786,12.08221176
14.136867,12.08221105
14.146948,12.08221033
14.157029,12.08220962
14.167113,12.08220891
14.177195,12.0822082
14.187276,12.08220749
14.197356,12.08220677
14.207438,12.08220606
14.21752,12.08220535
14.227626,12.08220464
14.237707,12.08220393
14.247788,12.08220321
14.257869,12.0822025
14.267951,12.08220179
14.278032,12.08220108
14.288113,12.08220037
14.298193,12.08219965
14.308274,12.08219894
14.318355,12.08219823
14.32846,12.08219752
14.338541,12.08219681
14.348621,12.08219609
14.358702,12.08219538
14.368783,12.08219503
14.378863,12.08219431
14.388944,12.0821936
14.399024,12.08219289
14.409105,12.08219218
14.419185,12.08219146
14.429273,12.08219075
14.439355,12.08219004
14.449436,12.08218933
14.459518,12.08218862
14.469599,12.0821879
14.479681,12.08218719
14.489761,12.08218648
14.499842,12.08218577
14.509922,12.08218506
14.520003,12.08218434
14.530092,12.08218363
14.540173,12.08218292
14.550254,12.08218221
14.560335,12.0821815
14.570416,12.08218078
14.580497,12.08218007
14.590578,12.08217936
14.600659,12.08217865
14.61074,12.08217794
14.62082,12.08217722
14.630925,12.08217651
14.641006,12.0821758
14.651086,12.08217509
14.661167,12.08217438
14.671248,12.08217366
14.681329,12.08217295
14.691409,12.08217224
14.701501,12.08217153
14.711588,12.08217082
14.72167,12.08217046
14.731791,12.08216975
14.741873,12.08216939
14.751955,12.08216904
14.762035,12.08216868
14.772116,12.08216832
14.782197,12.08216797
14.792277,12.08216761
14.802358,12.0821669
14.812438,12.08216619
14.822518,12.08216548
14.832607,12.08216512
14.842688,12.08216441
14.852768,12.08216405
14.862902,12.08216334
14.87301,12.08216298
14.883096,12.08216263
14.893176,12.08216227
14.903257,12.08216192
14.913339,12.08216156
14.92342,12.0821612
14.933532,12.08216085
14.943613,12.08216085
14.953694,12.08216049
14.963773,12.08216049
14.973854,12.08216013
14.983935,12.08216013
14.994016,12.08216013
15.004097,12.08216013
15.014178,12.08216013
15.024259,12.08216013
15.034366,12.08216013
15.044447,12.08216013
15.054529,12.08216013
15.064609,12.08216013
15.07469,12.08216013
15.084771,12.08216013
15.094855,12.08216013
15.104937,12.08216013
15.115017,12.08216013
15.125099,12.08216013
15.135209,12.08216013
15.145291,12.08216013
15.155371,12.08216013
15.165453,12.08216013
15.175535,12.08216013
15.185616,12.08216013
15.195697,12.08216013
15.205778,12.08216013
15.215859,12.08216013
15.22594,12.08216013
15.23603,12.08216013
15.246111,12.08216013
15.256192,12.08216013
15.266273,12.08216013
15.276354,12.08216013
15.286436,12.08215978
15.296517,12.08215978
15.306597,12.08215942
15.316678,12.08215942
15.326759,12.08215942
15.336863,12.08215942
15.346944,12.08215942
15.357025,12.08215942
15.367106,12.08215942
15.377187,12.08215942
15.387268,12.08215942
15.397348,12.08215942
15.407428,12.08215942
15.417509,12.08215942
15.42759,12.08215942
15.437701,12.08215942
15.447782,12.08215942
15.457862,12.08215942
15.467943,12.08215942
15.478025,12.08215942
15.488106,12.08215942
15.498186,12.08215942
15.508266,12.08215942
15.518347,12.08215942
15.528428,12.08215942
15.538504,12.08215942
15.548585,12.08215942
15.558666,12.08215942
15.568746,12.08215942
15.578827,12.08215942
15.588907,12.08215942
15.598987,12.08215942
15.609067,12.08215942
15.619147,12.08215942
15.629228,12.08215942
15.639318,12.08215942
15.649398,12.08215942
15.659479,12.08215942
15.669559,12.08215942
15.679639,12.08215942
15.689719,12.08215942
15.699799,12.08215942
15.709881,12.08215942
15.719963,12.08215942
15.730048,12.08215942
15.740159,12.08215942
15.75024,12.08215942
15.760321,12.08215942
15.770402,12.08215942
15.780483,12.08215942
15.790564,12.08215942
15.800645,12.08215942
15.810726,12.08215942
15.820807,12.08215942
15.830887,12.08215942
15.84099,12.08215942
15.85107,12.08215942
15.861151,12.08215942
15.871264,12.08215942
15.881354,12.08215942
15.891436,12.08215942
15.901514,12.08215942
15.911596,12.08215942
15.921674,12.08215942
15.931755,12.08215942
15.941867,12.08215942
15.951949,12.08215942
15.962043,12.08215942
15.972125,12.08215942
15.9822,12.08215942
15.992278,12.08215942
16.00236,12.08215942
16.012441,12.08215942
16.022522,12.08215942
16.032602,12.08215942
16.042697,12.08215942
16.052778,12.08215942
16.062858,12.08215942
16.072939,12.08215942
16.083019,12.08215942
16.0931,12.08215942
16.10318,12.08215942
16.11326,12.08215942
16.123341,12.08215942
16.133423,12.08215942
16.143529,12.08215942
16.15361,12.08215942
16.163689,12.08215942
16.17377,12.08215942
16.183851,12.08215942
16.193932,12.08215942
16.204014,12.08215942
16.214095,12.08215942
16.224176,12.08215942
16.234256,12.08215942
16.244365,12.08215942
16.254446,12.08215942
16.264526,12.08215942
16.274607,12.08215942
16.284687,12.08215942
16.294767,12.08215942
16.304848,12.08215942
16.314929,12.08215942
16.32501,12.08215942
16.335091,12.08215942
16.345194,12.08215942
16.355275,12.08215942
16.365355,12.08215942
16.375436,12.08215942
16.385517,12.08215942
16.395597,12.08215942
16.405678,12.08215942
16.415758,12.08215942
16.425839,12.08215942
16.435919,12.08215942
16.446024,12.08215942
16.456105,12.08215942
16.466186,12.08215942
16.476267,12.08215942
16.486348,12.08215942
16.496429,12.08215942
16.50651,12.08215942
16.51659,12.08215942
16.526671,12.08215942
16.536751,12.08215942
16.546841,12.08215942
16.556922,12.08215942
16.567002,12.08215942
16.577082,12.08215942
16.587162,12.08215942
16.597242,12.08215942
16.607322,12.08215942
16.617402,12.08215942
16.627482,12.08215942
16.637562,12.08215942
16.647652,12.08215942
16.657732,12.08215942
16.667812,12.08215942
16.677891,12.08215942
16.687972,12.08215942
16.698051,12.08215942
16.708131,12.08215942
16.718215,12.08215942
16.728297,12.08215942
16.73838,12.08215942
16.748493,12.08215942
16.758575,12.08215942
16.768655,12.08215942
16.778737,12.08215942
16.788818,12.08215942
16.798903,12.08215942
16.808985,12.08215942
16.819068,12.08215942
16.829149,12.08215942
16.839231,12.08215942
16.849322,12.08215942
16.859403,12.08215942
16.869513,12.08215942
16.879605,12.08215942
16.889685,12.08215942
16.899768,12.08215942
16.909849,12.08215942
16.919932,12.08215942
16.930015,12.08215942
16.940092,12.08215942
16.950171,12.08215942
16.960252,12.08215942
16.970333,12.08215942
16.980413,12.08215942
16.990493,12.08215942
17.000575,12.08215942
17.010653,12.08215942
17.020735,12.08215942
17.030816,12.08215942
17.040897,12.08215942
17.051004,12.08215942
17.061085,12.08215942
17.071166,12.08215942
17.081247,12.08215942
17.091328,12.08215942
17.101409,12.08215942
17.111489,12.08215942
17.121571,12.08215942
17.131649,12.08215942
17.141728,12.08215942
17.151838,12.08215942
17.161916,12.08215942
17.171996,12.08215942
17.182079,12.08215942
17.192161,12.08215942
17.202243,12.08215942
17.212324,12.08215942
17.222405,12.08215942
17.232491,12.08215942
17.242574,12.08215942
17.252694,12.08215942
17.262776,12.08215942
17.272857,12.08215942
17.282938,12.08215942
17.293019,12.08215942
17.3031,12.08215942
17.31318,12.08215942
17.323261,12.08215942
17.33334,12.08215942
17.343422,12.08215942
17.353527,12.08215942
17.363608,12.08215942
17.373689,12.08215942
17.383769,12.08215942
17.39385,12.08215942
17.403931,12.08215942
17.414011,12.08215942
17.424091,12.08215942
17.434171,12.08215942
17.444252,12.08215942
17.454342,12.08215942
17.464422,12.08215942
17.474503,12.08215942
17.484584,12.08215942
17.494664,12.08215942
17.504745,12.08215942
17.514825,12.08215942
17.524902,12.08215942
17.534984,12.08215942
17.545064,12.08215942
17.555167,12.08215942
17.565248,12.08215942
17.575329,12.08215942
17.585409,12.08215942
17.595491,12.08215942
17.605572,12.08215942
17.615652,12.08215942
17.625732,12.08215942
17.63581,12.08215942
17.64589,12.08215942
17.655979,12.08215942
17.666059,12.08215942
17.67614,12.08215942
17.686221,12.08215942
17.696302,12.08215942
17.706383,12.08215942
17.716469,12.08215942
17.72655,12.08215942
17.736633,12.08215942
17.746714,12.08215942
17.756825,12.08215942
17.766906,12.08215942
17.776987,12.08215942
17.787069,12.08215942
17.797151,12.08215942
17.807232,12.08215942
17.817312,12.08215942
17.827393,12.08215942
17.837474,12.08215942
17.847554,12.08215942
17.857645,12.08215942
17.867744,12.08215942
17.877838,12.08215942
17.887918,12.08215942
17.897998,12.08215942
17.90808,12.08215942
17.918162,12.08215942
17.928243,12.08215942
17.938322,12.08215942
17.948402,12.08215942
17.958514,12.08215942
17.968595,12.08215942
17.978674,12.08215942
17.988755,12.08215942
17.998836,12.08215942
18.008917,12.08215942
18.018997,12.08215942
18.029078,12.08215942
18.03916,12.08215942
18.04924,12.08215942
18.059345,12.08215942
18.069426,12.08215942
18.079507,12.08215942
18.089588,12.08215942
18.099669,12.08215942
18.109749,12.08215942
18.11983,12.08215942
18.12991,12.08215942
18.139991,12.08215942
18.150072,12.08215942
18.160176,12.08215942
18.170257,12.08215942
18.180338,12.08215942
18.190419,12.08215942
18.2005,12.08215942
18.210581,12.08215942
18.220661,12.08215942
18.230741,12.08215942
18.240822,12.08215942
18.250903,12.08215942
18.261007,12.08215942
18.271089,12.08215942
18.281169,12.08215942
18.29125,12.08215942
18.301331,12.08215942
18.311411,12.08215942
18.321492,12.08215942
18.331572,12.08215942
18.341653,12.08215942
18.351735,12.08215942
18.361825,12.08215942
18.371905,12.08215942
18.381985,12.08215942
18.392065,12.08215942
18.402145,12.08215942
18.412226,12.08215942
18.422306,12.08215942
18.432388,12.08215942
18.442468,12.08215942
18.452549,12.08215942
18.462652,12.08215942
18.472733,12.08215942
18.482829,12.08215942
18.492911,12.08215942
18.502993,12.08215942
18.513073,12.08215942
18.523154,12.08215942
18.533234,12.08215942
18.543314,12.08215942
18.553395,12.08215942
18.563512,12.08215942
18.573593,12.08215942
18.583674,12.08215942
18.593754,12.08215942
18.603835,12.08215942
18.613912,12.08215942
18.623994,12.08215942
18.634074,12.08215942
18.644152,12.08215942
18.654232,12.08215942
18.664322,12.08215942
18.674403,12.08215942
18.684483,12.08215942
18.694563,12.08215942
18.704644,12.08215942
18.714727,12.08215942
18.724811,12.08215942
18.734893,12.08215942
18.744974,12.08215942
18.755056,12.08215942
18.765169,12.08215942
18.775249,12.08215942
18.785331,12.08215942
18.795413,12.08215942
18.80549,12.08215942
18.815572,12.08215942
18.825653,12.08215942
18.835734,12.08215942
18.845814,12.08215942
18.855894,12.08215942
18.865984,12.08215942
18.876086,12.08215942
18.886171,12.08215942
18.896251,12.08215942
18.906333,12.08215942
18.916416,12.08215942
18.926497,12.08215942
18.936579,12.08215942
18.94666,12.08215942
18.956741,12.08215942
18.966829,12.08215942
18.976913,12.08215942
18.986996,12.08215942
18.997079,12.08215942
19.00716,12.08215942
19.017242,12.08215942
19.027322,12.08215942
19.037404,12.08215942
19.047484,12.08215942
19.057566,12.08215942
19.067676,12.08215942
19.077758,12.08215942
19.087838,12.08215942
19.097918,12.08215942
19.107999,12.08215942
19.118079,12.08215942
19.12816,12.08215942
19.13824,12.08215942
19.148321,12.08215942
19.158401,12.08215942
19.16851,12.08215942
19.178591,12.08215942
19.188673,12.08215942
19.198753,12.08215942
19.208834,12.08215942
19.218914,12.08215942
19.228994,12.08215942
19.239075,12.08215942
19.249156,12.08215942
19.259236,12.08215942
19.269341,12.08215942
19.279423,12.08215942
19.289504,12.08215942
19.299585,12.08215942
19.309666,12.08215942
19.319747,12.08215942
19.329828,12.08215942
19.339909,12.08215942
19.34999,12.08215942
19.36007,12.08215942
19.370174,12.08215942
19.380252,12.08215942
19.390333,12.08215942
19.400414,12.08215942
19.410495,12.08215942
19.420576,12.08215942
19.430658,12.08215942
19.440738,12.08215942
19.450819,12.08215942
19.460901,12.08215942
19.470991,12.08215942
19.481073,12.08215942
19.491154,12.08215942
19.501234,12.08215942
19.511316,12.08215942
19.521396,12.08215942
19.531477,12.08215942
19.541557,12.08215942
19.551639,12.08215942
19.561719,12.08215942
19.571817,12.08215942
19.581898,12.08215942
19.591979,12.08215942
19.602058,12.08215942
19.612138,12.08215942
19.622219,12.08215942
19.6323,12.08215942
19.64238,12.08215942
19.652458,12.08215942
19.662539,12.08215942
19.672629,12.08215942
19.682709,12.08215942
19.69279,12.08215942
19.70287,12.08215942
19.712954,12.08215942
19.723037,12.08215942
19.733117,12.08215942
19.7432,12.08215942
19.753293,12.08215942
19.763375,12.08215942
19.773497,12.08215942
19.78358,12.08215942
19.79366,12.08215942
19.803742,12.08215942
19.813823,12.08215942
19.823904,12.08215942
19.833983,12.08215942
19.844065,12.08215942
19.854146,12.08215942
19.864227,12.08215942
19.874334,12.08215942
19.884418,12.08215942
19.894499,12.08215942
19.904578,12.08215942
19.914661,12.08215942
19.924743,12.08215942
19.934825,12.08215942
19.944905,12.08215942
19.954986,12.08215942
19.965066,12.08215942
19.975179,12.08215942
19.985261,12.08215942
19.995343,12.08215942
20.005424,12.08215942
20.015505,12.08215942
20.025585,12.08215942
20.035666,12.08215942
20.045746,12.08215942
20.055827,12.08215942
20.065908,12.08215942
20.075999,12.08215942
20.086081,12.08215942
20.096162,12.08215942
20.106243,12.08215942
20.116324,12.08215942
20.126404,12.08215942
20.136484,12.08215942
20.146565,12.08215942
20.156646,12.08215942
20.166725,12.08215942
20.176805,12.08215942
20.186884,12.08215942
20.196963,12.08215942
20.207041,12.08215942
20.217121,12.08215942
20.227199,12.08215942
20.237281,12.08215942
20.247363,12.08215942
20.257444,12.08215942
20.267524,12.08215942
20.277636,12.08215942
20.287717,12.08215942
20.297798,12.08215942
20.307879,12.08215942
20.317978,12.08215942
20.328059,12.08215942
20.33814,12.08215942
20.348221,12.08215942
20.358304,12.08215942
20.368385,12.08215942
20.378492,12.08215942
20.388573,12.08215942
20.398654,12.08215942
20.408735,12.08215942
20.418816,12.08215942
20.428896,12.08215942
20.438977,12.08215942
20.449058,12.08215942
20.459138,12.08215942
20.469219,12.08215942
20.479323,12.08215942
20.489404,12.08215942
20.499485,12.08215942
20.509565,12.08215942
20.519646,12.08215942
20.529726,12.08215942
20.539807,12.08215942
20.549887,12.08215942
20.559968,12.08215942
20.570048,12.08215942
20.580152,12.08215942
20.590233,12.08215942
20.600314,12.08215942
20.610395,12.08215942
20.620475,12.08215942
20.630555,12.08215942
20.640636,12.08215942
20.650717,12.08215942
20.660794,12.08215942
20.670875,12.08215942
20.680967,12.08215942
20.691048,12.08215942
20.701129,12.08215942
20.71124,12.08215942
20.72136,12.08215942
20.731455,12.08215942
20.741538,12.08215942
20.75162,12.08215942
20.761704,12.08215942
20.771786,12.08215942
20.781947,12.08215942
20.792027,12.08215942
20.802105,12.08215942
20.812183,12.08215942
20.82226,12.08215942
20.832338,12.08215942
20.842416,12.08215942
20.852492,12.08215942
20.862569,12.08215942
20.872662,12.08215942
20.882744,12.08215942
20.892825,12.08215942
20.902907,12.08215942
20.912988,12.08215942
20.923069,12.08215942
20.933148,12.08215942
20.943226,12.08215942
20.953305,12.08215942
20.963386,12.08215942
20.973467,12.08215942
20.983578,12.08215942
20.993661,12.08215942
21.003742,12.08215942
21.013824,12.08215942
21.023904,12.08215907
21.034001,12.08215871
21.044083,12.08215835
21.054164,12.082158
21.064245,12.08215764
21.074326,12.08215729
21.084444,12.08215693
21.094524,12.08215657
21.104605,12.08215622
21.114686,12.08215551
21.124767,12.08215479
21.134847,12.08215408
21.144927,12.08215337
21.155009,12.08215266
21.16509,12.08215195
21.175172,12.08215123
21.185263,12.08215052
21.195345,12.08214981
21.205427,12.0821491
21.215509,12.08214839
21.225589,12.08214767
21.23567,12.08214696
21.245751,12.08214625
21.255832,12.08214554
21.265914,12.08214483
21.275996,12.08214411
21.286099,12.0821434
21.29618,12.08214269
21.306261,12.08214198
21.316341,12.08214127
21.326421,12.08214055
21.336502,12.08213984
21.346583,12.08213913
21.356661,12.08213842
21.366743,12.08213771
21.376824,12.08213699
21.386929,12.08213628
21.39701,12.08213557
21.407091,12.08213486
21.417173,12.08213415
21.42725,12.08213343
21.437332,12.08213272
21.447412,12.08213201
21.457504,12.0821313
21.467586,12.08213059
21.477668,12.08212987
21.487761,12.08212916
21.497843,12.08212845
21.507924,12.08212774
21.518004,12.08212702
21.528085,12.08212631
21.538166,12.0821256
21.548247,12.08212489
21.558328,12.08212418
21.568406,12.08212346
21.578489,12.08212275
21.588605,12.08212204
21.598686,12.08212133
21.608767,12.08212062
21.618846,12.0821199
21.628927,12.08211919
21.639008,12.08211848
21.649089,12.08211777
21.65917,12.08211706
21.669249,12.08211634
21.67933,12.08211563
21.68942,12.08211492
21.6995,12.08211421
21.70958,12.0821135
21.719664,12.08211278
21.729748,12.08211207
21.739835,12.08211136
21.749917,12.08211065
21.759999,12.08210994
21.770079,12.08210922
21.780159,12.08210851
21.790265,12.0821078
21.80035,12.08210709
21.810432,12.08210638
21.820512,12.08210566
21.830594,12.08210495
21.840675,12.08210424
21.850757,12.08210353
21.860838,12.08210282
21.870948,12.0821021
21.881037,12.08210139
21.891155,12.08210068
21.901236,12.08209997
21.911319,12.08209926
21.921398,12.08209854
21.931479,12.08209783
21.941559,12.08209712
21.95164,12.08209641
21.961721,12.0820957
21.971802,12.08209498
21.981882,12.08209427
21.99265,12.08209356
22.002729,12.08209285
22.012803,12.08209213
22.022884,12.08209142
22.032965,12.08209071
22.043046,12.08209
22.053127,12.08208929
22.063208,12.08208857
22.073289,12.08208786
22.083369,12.08208715
22.093457,12.08208644
22.10354,12.08208573
22.113622,12.08208501
22.123703,12.0820843
22.13378,12.08208359
22.143861,12.08208288
22.153944,12.08208217
22.164025,12.08208145
22.174107,12.08208074
22.184188,12.08208003
22.194298,12.08207932
22.204379,12.08207861
22.21446,12.08207789
22.22454,12.08207718
22.234621,12.08207647
22.244702,12.08207576
22.254783,12.08207505
22.264865,12.08207433
22.274945,12.08207362
22.285027,12.08207291
22.295134,12.0820722
22.305216,12.08207149
22.315313,12.08207077
22.325394,12.08207006
22.335476,12.08206935
22.345558,12.08206864
22.355639,12.08206793
22.36572,12.08206721
22.375801,12.0820665
22.385882,12.08206579
22.396003,12.08206508
22.406085,12.08206437
22.416166,12.08206365
22.426248,12.08206294
22.436329,12.08206223
22.44641,12.08206152
22.456493,12.0820608
22.466574,12.08206009
22.476655,12.08205938
22.486735,12.08205867
22.49684,12.08205796
22.506921,12.08205724
22.517002,12.08205653
22.527083,12.08205582
22.537163,12.08205511
22.547245,12.0820544
22.557326,12.08205368
22.567408,12.08205297
22.577488,12.08205226
22.587569,12.08205155
22.597673,12.08205084
22.607754,12.08205012
22.617834,12.08204941
22.627916,12.0820487
22.637996,12.08204799
22.648076,12.08204728
22.658157,12.08204656
22.668238,12.08204585
22.678319,12.08204514
22.6884,12.08204443
22.698508,12.08204372
22.708585,12.082043
22.718676,12.08204229
22.728761,12.08204158
22.738849,12.08204087
22.748932,12.08204016
22.759015,12.08203944
22.769099,12.08203873
22.779181,12.08203802
22.789262,12.08203731
22.799372,12.0820366
22.809455,12.08203588
22.819536,12.08203517
22.829618,12.08203446
22.839699,12.08203375
22.849779,12.08203304
22.85986,12.08203232
22.870006,12.08203161
22.880095,12.0820309
22.890176,12.08203019
22.900285,12.08202948
22.910368,12.08202876
22.920446,12.08202805
22.930527,12.08202734
22.940607,12.08202663
22.950688,12.08202591
22.960768,12.0820252
22.970849,12.08202449
22.980927,12.08202378
22.991008,12.08202307
23.001096,12.08202235
23.011177,12.08202164
23.021258,12.08202093
23.031356,12.08202022
23.041452,12.08201951
23.051538,12.08201879
23.06162,12.08201808
23.071701,12.08201737
23.081782,12.08201666
23.091864,12.08201595
23.101995,12.08201523
23.112076,12.08201452
23.122157,12.08201381
23.132238,12.0820131
23.142319,12.08201239
23.152401,12.08201167
23.162482,12.08201096
23.172564,12.08201025
23.182646,12.08200954
23.192727,12.08200883
23.202834,12.08200811
23.212915,12.0820074
23.222995,12.08200669
23.233076,12.08200598
23.243155,12.08200527
23.253234,12.08200455
23.263313,12.08200384
23.273392,12.08200313
23.283472,12.08200242
23.293561,12.08200171
23.303672,12.08200099
23.313754,12.08200028
23.323835,12.08199957
23.333916,12.08199886
23.343997,12.08199815
23.354077,12.08199743
23.364158,12.08199672
23.374239,12.08199601
23.38432,12.0819953
23.394401,12.08199458
23.404507,12.08199387
23.414587,12.08199316
23.424667,12.08199209
23.434748,12.08199102
23.444828,12.0819896
23.454909,12.08198818
23.464989,12.08198675
23.475067,12.08198533
23.485149,12.0819839
23.495229,12.08198248
23.505318,12.08198106
23.515398,12.08197963
23.525479,12.08197821
23.535559,12.08197678
23.545639,12.08197536
23.555719,12.08197394
23.565799,12.08197251
23.575879,12.08197109
23.585984,12.08196966
23.596072,12.08196824
23.606197,12.08196682
23.616279,12.08196539
23.626361,12.08196397
23.636439,12.08196254
23.646522,12.08196112
23.656603,12.08195969
23.66668,12.08195827
23.676764,12.08195685
23.686845,12.08195542
23.696925,12.081954
23.707033,12.08195257
23.717117,12.08195115
23.727204,12.08194973
23.737284,12.0819483
23.747366,12.08194688
23.757447,12.08194545
23.767528,12.08194403
23.77761,12.08194261
23.78769,12.08194118
23.797771,12.08193976
23.807878,12.08193833
23.817986,12.08193691
23.828068,12.08193549
23.838149,12.08193406
23.848229,12.08193264
23.85831,12.08193121
23.868417,12.08192979
23.878518,12.08192836
23.888599,12.08192694
23.898678,12.08192552
23.90877,12.08192409
23.918851,12.08192267
23.928933,12.08192124
23.939013,12.08191982
23.949094,12.0819184
23.959176,12.08191697
23.969256,12.08191555
23.979334,12.08191412
23.989416,12.0819127
23.999497,12.08191128
24.0096,12.08190985
24.01968,12.08190843
24.029759,12.081907
24.03984,12.08190558
24.049919,12.08190416
24.059999,12.08190273
24.070079,12.08190131
24.080161,12.08189988
24.090241,12.08189846
24.100322,12.08189704
24.110424,12.08189561
24.120506,12.08189419
24.130586,12.08189276
24.140667,12.08189134
24.150747,12.08188991
24.160828,12.08188849
24.170906,12.08188707
24.180984,12.08188564
24.191066,12.08188422
24.201147,12.08188279
24.211252,12.08188137
24.221332,12.08187995
24.231413,12.08187852
24.241494,12.0818771
24.251574,12.08187567
24.261655,12.08187425
24.271735,12.08187283
24.281817,12.0818714
24.291897,12.08186998
24.301977,12.08186855
24.31208,12.08186713
24.32216,12.08186571
24.33224,12.08186428
24.342322,12.08186286
24.352402,12.08186143
24.362483,12.08186001
24.372564,12.08185858
24.382643,12.08185716
24.392723,12.08185574
24.402804,12.08185431
24.412893,12.08185289
24.422974,12.08185146
24.433054,12.08185004
24.443135,12.08184862
24.453216,12.08184719
24.463296,12.08184577
24.473376,12.08184434
24.483456,12.08184292
24.493536,12.0818415
24.503616,12.08184007
24.513719,12.08183865
24.5238,12.08183722
24.53388,12.0818358
24.54396,12.08183438
24.554041,12.08183295
24.564121,12.08183153
24.574202,12.0818301
24.584282,12.08182868
24.594362,12.0818269
24.604443,12.08182512
24.614543,12.08182298
24.624624,12.08182085
24.634705,12.08181871
24.644785,12.08181657
24.654865,12.08181444
24.664945,12.0818123
24.675027,12.08181017
24.685107,12.08180803
24.695188,12.08180589
24.705268,12.08180376
24.715383,12.08180162
24.725462,12.08179949
24.735544,12.08179735
24.745625,12.08179521
24.755704,12.08179308
24.765787,12.08179094
24.775868,12.0817888
24.785948,12.08178667
24.796029,12.08178453
24.80611,12.0817824
24.8162,12.08178026
24.826281,12.08177812
24.836362,12.08177599
24.846443,12.08177385
24.856524,12.08177172
24.866615,12.08176958
24.876711,12.08176744
24.886794,12.08176531
24.896875,12.08176317
24.906957,12.08176103
24.917068,12.0817589
24.927155,12.08175676
24.937235,12.08175463
24.94731,12.08175249
24.957384,12.08175035
24.967463,12.08174822
24.977545,12.08174608
24.987625,12.08174395
24.997706,12.08174181
25.007787,12.08173967
25.017895,12.08173754
25.027976,12.0817354
25.038057,12.08173327
25.048137,12.08173113
25.058218,12.08172899
25.068298,12.08172686
25.078379,12.08172472
25.088459,12.08172258
25.09854,12.08172045
25.108619,12.08171831
25.118725,12.08171618
25.128806,12.08171404
25.138886,12.0817119
25.148968,12.08170977
25.159049,12.08170763
25.169129,12.0817055
25.179211,12.08170336
25.189291,12.08170122
25.199372,12.08169909
25.209453,12.08169695
25.219559,12.08169481
25.22964,12.08169268
25.23972,12.08169054
25.249801,12.08168841
25.259881,12.08168627
25.269986,12.08168413
25.280066,12.081682
25.290148,12.08167986
25.300228,12.08167773
25.310309,12.08167559
25.320405,12.08167345
25.330485,12.08167132
25.340567,12.08166918
25.350651,12.08166705
25.360729,12.08166491
25.37081,12.08166277
25.380891,12.08166064
25.390972,12.0816585
25.401052,12.08165636
25.411133,12.08165423
25.421239,12.08165209
25.43132,12.0816496
25.4414,12.08164746
25.451481,12.08164497
25.461562,12.08164248
25.471643,12.08163999
25.481723,12.0816375
25.491803,12.081635
25.501883,12.08163215
25.511963,12.08162931
25.522049,12.08162646
25.532131,12.08162361
25.542211,12.08162076
25.552293,12.08161791
25.562373,12.08161507
25.572453,12.08161222
25.582534,12.08160937
25.592614,12.08160652
25.602695,12.08160367
25.612775,12.08160083
25.622864,12.08159798
25.632944,12.08159513
25.643024,12.08159228
25.653103,12.08158943
25.663183,12.08158658
25.673261,12.08158374
25.683342,12.08158089
25.693422,12.08157804
25.703502,12.08157519
25.713589,12.08157234
25.723699,12.0815695
25.733783,12.08156665
25.743865,12.0815638
25.753946,12.08156095
25.764028,12.0815581
25.77411,12.08155525
25.784192,12.08155241
25.794274,12.08154956
25.804354,12.08154671
25.814435,12.08154386
25.824526,12.08154101
25.834606,12.08153817
25.844687,12.08153532
25.854767,12.08153247
25.864847,12.08152962
25.874947,12.08152677
25.885028,12.08152392
25.895106,12.08152108
25.905187,12.08151823
25.915269,12.08151538
25.925379,12.08151253
25.93546,12.08150968
25.945541,12.08150684
25.955621,12.08150399
25.965703,12.08150114
25.975784,12.08149829
25.985865,12.08149544
25.995948,12.08149259
26.006029,12.08148975
26.016109,12.0814869
26.026215,12.08148405
26.036295,12.0814812
26.046375,12.08147835
26.056455,12.08147551
26.066536,12.08147266
26.076615,12.08146981
26.086696,12.08146696
26.096776,12.08146411
26.106856,12.08146126
26.116937,12.08145842
26.127041,12.08145557
26.137136,12.08145272
26.147217,12.08144987
26.157297,12.08144702
26.167379,12.08144418
26.177461,12.08144133
26.187542,12.08143848
26.197623,12.08143563
26.207704,12.08143278
26.217783,12.08142993
26.227896,12.08142709
26.237977,12.08142424
26.248058,12.08142139
26.258139,12.08141854
26.26822,12.08141569
26.278301,12.08141285
26.288382,12.08141
26.298462,12.08140715
26.30854,12.0814043
26.318618,12.08140145
26.328838,12.0813986
26.338918,12.08139576
26.348997,12.08139291
26.359078,12.08139006
26.36916,12.08138721
26.37924,12.08138436
26.389321,12.08138152
26.399402,12.08137867
26.409482,12.08137582
26.419562,12.08137297
26.429668,12.08137012
26.439748,12.08136727
26.449828,12.08136443
26.459909,12.08136158
26.469988,12.08135873
26.480069,12.08135588
26.490149,12.08135303
26.50023,12.08135019
26.51031,12.08134734
26.52039,12.08134449
26.530491,12.08134164
26.540572,12.08133879
26.550653,12.08133595
26.560733,12.0813331
26.570814,12.08133025
26.580893,12.0813274
26.590974,12.08132455
26.601055,12.0813217
26.611136,12.08131886
26.621216,12.08131601
26.631305,12.08131316
26.641386,12.08131031
26.651467,12.08130711
26.661548,12.08130426
26.671628,12.08130105
26.68171,12.08129821
26.69179,12.081295
26.701873,12.0812918
26.711961,12.08128824
26.722041,12.08128468
26.732155,12.08128112
26.742238,12.08127756
26.752319,12.081274
26.762399,12.08127044
26.772481,12.08126688
26.782562,12.08126332
26.792643,12.08125976
26.802721,12.0812562
26.812802,12.08125264
26.822883,12.08124908
26.832989,12.08124552
26.843071,12.08124196
26.853151,12.0812384
26.863233,12.08123483
26.87333,12.08123127
26.883414,12.08122771
26.893495,12.08122415
26.903573,12.08122059
26.913655,12.08121703
26.923736,12.08121347
26.933847,12.08120991
26.943929,12.08120635
26.954008,12.08120279
26.964089,12.08119923
26.974169,12.08119567
26.98425,12.08119211
26.994327,12.08118855
27.004408,12.08118499
27.014488,12.08118143
27.024568,12.08117787
27.034659,12.08117431
27.044739,12.08117075
27.05482,12.08116719
27.064899,12.08116363
27.07498,12.08116007
27.08506,12.08115651
27.09514,12.08115295
27.10522,12.08114939
27.1153,12.08114583
27.12538,12.08114227
27.135482,12.08113871
27.145561,12.08113515
27.155641,12.08113159
27.165721,12.08112803
27.175813,12.08112447
27.185897,12.08112091
27.195977,12.08111735
27.206058,12.08111379
27.216139,12.08111023
27.22622,12.08110667
27.236328,12.08110311
27.246408,12.08109955
27.25649,12.08109599
27.266571,12.08109243
27.276652,12.08108887
27.286734,12.08108531
27.296815,12.08108175
27.306895,12.08107819
27.316976,12.08107463
27.327057,12.08107106
27.337159,12.0810675
27.347239,12.08106394
27.35732,12.08106038
27.367401,12.08105682
27.377481,12.08105326
27.387562,12.0810497
27.397642,12.08104614
27.407735,12.08104258
27.417818,12.08103902
27.427898,12.08103546
27.438018,12.0810319
27.4481,12.08102834
27.458181,12.08102478
27.468262,12.08102122
27.478342,12.08101766
27.488423,12.0810141
27.498503,12.08101054
27.508584,12.08100698
27.518664,12.08100342
27.528745,12.08099986
27.538833,12.0809963
27.548914,12.08099274
27.558995,12.08098918
27.569076,12.08098562
27.579157,12.08098206
27.589237,12.0809785
27.599318,12.08097494
27.609399,12.08097138
27.619479,12.08096782
27.629559,12.08096426
27.639661,12.08096034
27.649742,12.08095643
27.659822,12.08095215
27.669901,12.08094788
27.679985,12.08094361
27.690066,12.08093934
27.700152,12.08093506
27.710234,12.08093079
27.720318,12.08092652
27.730405,12.08092225
27.740512,12.08091798
27.750594,12.0809137
27.760674,12.08090943
27.770757,12.08090516
27.780837,12.08090089
27.790918,12.08089661
27.800999,12.08089234
27.81108,12.08088807
27.821161,12.0808838
27.831242,12.08087953
27.841331,12.08087525
27.851412,12.08087098
27.861493,12.08086671
27.871609,12.08086244
27.881716,12.08085816
27.8918,12.08085389
27.901879,12.08084962
27.911961,12.08084535
27.922039,12.08084108
27.932121,12.0808368
27.942233,12.08083253
27.952314,12.08082826
27.962395,12.08082399
27.972476,12.08081971
27.982554,12.08081544
27.992636,12.08081117
28.002717,12.0808069
28.012798,12.08080262
28.02288,12.08079835
28.03296,12.08079408
28.043064,12.08078981
28.053146,12.08078554
28.063227,12.08078126
28.073308,12.08077699
28.083389,12.08077272
28.093469,12.08076845
28.10355,12.08076417
28.113632,12.0807599
28.123713,12.08075563
28.133794,12.08075136
28.143898,12.08074709
28.15398,12.08074281
28.164062,12.08073854
28.174248,12.08073427
28.184333,12.08073
28.194414,12.08072572
28.204495,12.08072145
28.214576,12.08071718
28.224658,12.08071291
28.234738,12.08070864
28.24483,12.08070436
28.254911,12.08070009
28.264992,12.08069582
28.275069,12.08069155
28.28515,12.08068727
28.295232,12.080683
28.305313,12.08067873
28.315396,12.08067446
28.325478,12.08066983
28.335559,12.08066484
28.345663,12.08065986
28.355743,12.08065488
28.365822,12.08064989
28.375904,12.08064491
28.385983,12.08063992
28.396064,12.08063494
28.406145,12.08062995
28.416225,12.08062497
28.426307,12.08061999
28.436388,12.080615
28.44649,12.08061002
28.456571,12.08060503
28.466652,12.08060005
28.476732,12.08059506
28.486814,12.08059008
28.496894,12.0805851
28.506975,12.08058011
28.517055,12.08057513
28.527135,12.08057014
28.537216,12.08056516
28.547318,12.08056017
28.557399,12.08055519
28.56748,12.08055021
28.57756,12.08054522
28.587642,12.08054024
28.597718,12.08053525
28.607798,12.08053027
28.61788,12.08052528
28.62796,12.0805203
28.638041,12.08051532
28.64813,12.08051033
28.65821,12.08050535
28.668299,12.08050036
28.678392,12.08049538
28.688475,12.08049039
28.698556,12.08048541
28.708636,12.08048043
28.718722,12.08047544
28.728804,12.08047046
28.738887,12.08046547
28.749005,12.08046049
28.759087,12.0804555
28.769168,12.08045052
28.779248,12.08044554
28.789325,12.08044055
28.799407,12.08043557
28.809488,12.08043058
28.819569,12.0804256
28.82965,12.08042061
28.839731,12.08041563
28.849821,12.08041064
28.859903,12.08040566
28.870035,12.08040068
28.880116,12.08039569
28.890192,12.08039071
28.900275,12.08038572
28.910355,12.08038074
28.920432,12.08037575
28.930516,12.08037077
28.940592,12.08036579
28.950708,12.0803608
28.96079,12.08035582
28.97087,12.08035083
28.980948,12.08034585
28.991029,12.08034086
29.00111,12.08033588
29.011191,12.0803309
29.021271,12.08032591
29.031351,12.08032093
29.041431,12.08031594
29.051521,12.08031096
29.0616,12.08030597
29.07168,12.08030099
29.08176,12.08029601
29.091839,12.08029102
29.10192,12.08028604
29.111999,12.08028105
29.122079,12.08027607
29.132159,12.08027108
29.142239,12.0802661
29.152339,12.08026112
29.162419,12.08025613
29.172499,12.08025115
29.182579,12.08024581
29.192659,12.08024047
29.202737,12.08023513
29.212818,12.08022943
29.222897,12.08022409
29.232977,12.08021839
29.243058,12.0802127
29.253161,12.080207
29.26324,12.0802013
29.273321,12.08019561
29.283401,12.08018991
29.29348,12.08018422
29.303561,12.08017852
29.313642,12.08017282
29.323722,12.08016713
29.333802,12.08016143
29.343882,12.08015573
29.353992,12.08015004
29.364137,12.08014434
29.374215,12.08013864
29.384297,12.08013295
29.394376,12.08012725
29.404455,12.08012156
29.414534,12.08011586
29.424615,12.08011016
29.434694,12.08010447
29.444775,12.08009877
29.454884,12.08009307
29.464965,12.08008738
29.475046,12.08008168
29.485126,12.08007598
29.495206,12.08007029
29.505286,12.08006459
29.515366,12.0800589
29.525447,12.0800532
29.535526,12.0800475
29.545607,12.08004181
29.555707,12.08003611
29.565787,12.08003041
29.575867,12.08002472
29.585947,12.08001902
29.596027,12.08001332
29.606108,12.08000763
29.616187,12.08000193
29.626267,12.07999624
29.636347,12.07999054
29.646426,12.07998484
29.656515,12.07997915
29.666595,12.07997345
29.676673,12.07996775
29.686754,12.07996206
29.696834,12.07995636
29.706914,12.07995067
29.716995,12.07994497
29.727075,12.07993927
29.737155,12.07993358
29.747235,12.07992788
29.757341,12.07992218
29.767421,12.07991649
29.777501,12.07991079
29.787581,12.07990509
29.797661,12.0798994
29.80774,12.0798937
29.817822,12.07988801
29.827902,12.07988231
29.837983,12.07987661
29.848063,12.07987092
29.858164,12.07986522
29.86827,12.07985952
29.878369,12.07985383
29.888446,12.07984813
29.898527,12.07984243
29.908608,12.07983674
29.918689,12.07983104
29.928769,12.07982535
29.938849,12.07981965
29.948934,12.07981395
29.959101,12.07980826
29.969178,12.07980256
29.979252,12.07979686
29.989329,12.07979117
29.999405,12.07978512
30.009481,12.07977871
30.019558,12.07977265
30.029634,12.07976625
30.039711,12.07975984
30.049787,12.07975343
30.059871,12.07974702
30.069949,12.07974061
30.08003,12.0797342
30.09011,12.0797278
30.100189,12.07972139
30.110269,12.07971498
30.120348,12.07970857
30.130427,12.07970216
30.140507,12.07969575
30.150587,12.07968935
30.160675,12.07968294
30.170755,12.07967653
30.180842,12.07967012
30.190922,12.07966371
30.201,12.0796573
30.211081,12.07965089
30.22116,12.07964449
30.23124,12.07963808
30.24132,12.07963167
30.2514,12.07962526
30.261508,12.07961885
30.271587,12.07961244
30.281667,12.07960604
30.291747,12.07959963
30.301827,12.07959322
30.311906,12.07958681
30.322014,12.0795804
30.332093,12.07957399
30.342174,12.07956759
30.352254,12.07956118
30.362356,12.07955477
30.372437,12.07954836
30.382517,12.07954195
30.392597,12.07953554
30.402676,12.07952914
30.412757,12.07952273
30.422837,12.07951632
30.432918,12.07950991
30.442997,12.0795035
30.453076,12.07949709
30.463179,12.07949069
30.473259,12.07948428
30.483339,12.07947787
30.493419,12.07947146
30.503499,12.07946505
30.513578,12.07945864
30.523658,12.07945223
30.533737,12.07944583
30.543816,12.07943942
30.553896,12.07943301
30.563998,12.0794266
30.574077,12.07942019
30.584157,12.07941378
30.594237,12.07940738
30.604316,12.07940061
30.614396,12.07939385
30.624476,12.07938673
30.634556,12.07937961
30.644635,12.07937249
30.654714,12.07936537
30.664803,12.07935825
30.674882,12.07935112
30.684963,12.079344
30.695043,12.07933688
30.705124,12.07932976
30.715213,12.07932264
30.725294,12.07931552
30.735375,12.0793084
30.745455,12.07930128
30.755535,12.07929416
30.765646,12.07928704
30.775726,12.07927992
30.785807,12.0792728
30.795887,12.07926568
30.805991,12.07925856
30.816071,12.07925144
30.82615,12.07924432
30.836228,12.0792372
30.846307,12.07923008
30.856387,12.07922296
30.866489,12.07921584
30.876577,12.07920872
30.886654,12.0792016
30.896728,12.07919448
30.906809,12.07918735
30.916889,12.07918023
30.92697,12.07917311
30.937048,12.07916599
30.947129,12.07915887
30.957209,12.07915175
30.9673,12.07914463
30.97738,12.07913751
30.987459,12.07913039
30.997536,12.07912327
31.007616,12.07911615
31.017696,12.07910903
31.027775,12.07910191
31.037855,12.07909479
31.047934,12.07908767
31.058014,12.07908055
31.068103,12.07907343
31.078184,12.07906631
31.088263,12.07905919
31.098343,12.07905207
31.108422,12.07904495
31.118501,12.07903783
31.12858,12.07903071
31.138658,12.07902358
31.148737,12.07901646
31.158816,12.07900934
31.168905,12.07900222
31.178995,12.0789951
31.189076,12.07898798
31.199156,12.07898086
31.209236,12.07897374
31.219322,12.07896662
31.229403,12.0789595
31.239484,12.07895238
31.249563,12.07894526
31.259639,12.07893814
31.269728,12.07893102
31.27981,12.0789239
31.28989,12.07891678
31.299971,12.07890966
31.310051,12.07890218
31.320131,12.07889471
31.330211,12.07888687
31.34029,12.07887904
31.350372,12.07887121
31.360452,12.07886338
31.370562,12.07885554
31.380642,12.07884771
31.390722,12.07883988
31.400802,12.07883205
31.410883,12.07882421
31.420962,12.07881638
31.431044,12.07880855
31.441123,12.07880072
31.451204,12.07879288
31.461284,12.07878505
31.471385,12.07877722
31.481465,12.07876939
31.491544,12.07876155
31.501624,12.07875372
31.511703,12.07874589
31.521784,12.07873806
31.531863,12.07873022
31.541943,12.07872239
31.552022,12.07871456
31.562102,12.07870673
31.572202,12.07869889
31.582282,12.07869106
31.592361,12.07868323
31.602441,12.0786754
31.612521,12.07866756
31.622601,12.07865973
31.632681,12.0786519
31.64276,12.07864407
31.65284,12.07863623
31.662919,12.0786284
31.673007,12.07862057
31.683095,12.07861274
31.693175,12.0786049
31.703256,12.07859707
31.713335,12.07858924
31.723416,12.07858141
31.733497,12.07857357
31.743576,12.07856574
31.753656,12.07855791
31.763736,12.07855008
31.773838,12.07854224
31.783919,12.07853441
31.794001,12.07852658
31.804081,12.07851875
31.814161,12.07851091
31.824241,12.07850308
31.83432,12.07849525
31.844399,12.07848742
31.854479,12.07847958
31.86456,12.07847175
31.874754,12.07846392
31.884831,12.07845609
31.894911,12.0784479
31.904989,12.07843935
31.915069,12.07843081
31.925146,12.07842226
31.935226,12.07841372
31.945306,12.07840518
31.955385,12.07839663
31.965465,12.07838809
31.975554,12.07837954
31.985635,12.078371
31.995716,12.07836245
32.005794,12.07835391
32.015875,12.07834536
32.025955,12.07833682
32.036035,12.07832827
32.046114,12.07831973
32.056194,12.07831119
32.066274,12.07830264
32.076364,12.0782941
32.086444,12.07828555
32.096524,12.07827701
32.106603,12.07826846
32.116679,12.07825992
32.126759,12.07825137
32.136839,12.07824283
32.146919,12.07823429
32.156998,12.07822574
32.167077,12.0782172
32.177167,12.07820865
32.187249,12.07820011
32.19733,12.07819156
32.20741,12.07818302
32.21749,12.07817447
32.22757,12.07816593
32.23765,12.07815738
32.24773,12.07814884
32.257808,12.0781403
32.267888,12.07813175
32.277992,12.07812321
32.288072,12.07811466
32.298152,12.07810612
32.308233,12.07809757
32.318313,12.07808903
32.328392,12.07808048
32.338471,12.07807194
32.348551,12.07806339
32.358631,12.07805485
32.368712,12.07804631
32.378816,12.07803776
32.388896,12.07802922
32.398976,12.07802067
32.409055,12.07801213
32.419133,12.07800358
32.429211,12.07799504
32.439289,12.07798649
32.449368,12.07797795
32.459446,12.07796941
32.469523,12.07796086
32.479646,12.07795232
32.489726,12.07794342
32.499806,12.07793416
32.509885,12.0779249
32.519964,12.07791565
32.530044,12.07790639
32.540122,12.07789713
32.550201,12.07788788
32.560281,12.07787862
32.570359,12.07786936
32.580464,12.07786011
32.590543,12.07785085
32.600621,12.07784159
32.610701,12.07783234
32.62078,12.07782308
32.630859,12.07781382
32.640938,12.07780457
32.651017,12.07779531
32.661097,12.07778605
32.671176,12.0777768
32.681276,12.07776754
32.691356,12.07775828
32.701434,12.07774903
32.711514,12.07773977
32.721598,12.07773051
32.731683,12.07772126
32.741764,12.077712
32.751844,12.07770274
32.761925,12.07769349
32.772005,12.07768423
32.782109,12.07767498
32.79219,12.07766572
32.802269,12.07765646
32.812349,12.07764721
32.822427,12.07763795
32.832507,12.07762869
32.842586,12.07761944
32.852666,12.07761018
32.862745,12.07760092
32.872833,12.07759167
32.882924,12.07758241
32.892999,12.07757315
32.903076,12.0775639
32.913156,12.07755464
32.923238,12.07754538
32.933323,12.07753613
32.943399,12.07752687
32.95348,12.07751761
32.963561,12.07750836
32.973641,12.0774991
32.983731,12.07748984
32.993812,12.07748059
33.003892,12.07747133
33.013973,12.07746207
33.024052,12.07745282
33.034132,12.07744356
33.044215,12.0774343
33.054295,12.07742505
33.064374,12.07741579
33.074454,12.07740654
33.084559,12.07739728
33.094639,12.07738802
33.104719,12.07737877
33.114798,12.07736915
33.124878,12.07735954
33.134957,12.07734957
33.145038,12.0773396
33.155117,12.07732963
33.165198,12.07731967
33.175277,12.0773097
33.185372,12.07729973
33.195452,12.07728976
33.205532,12.07727979
33.215611,12.07726982
33.225691,12.07725985
33.235771,12.07724989
33.24585,12.07723992
33.255929,12.07722995
33.266008,12.07721998
33.276088,12.07721001
33.286188,12.07720004
33.296267,12.07719007
33.306347,12.07718011
33.316426,12.07717014
33.326505,12.07716017
33.336584,12.0771502
33.346663,12.07714023
33.356742,12.07713026
33.366821,12.07712029
33.376902,12.07711033
33.387015,12.07710036
33.397093,12.07709039
33.407174,12.07708042
33.417254,12.07707045
33.427334,12.07706048
33.437413,12.07705051
33.447493,12.07704054
33.457572,12.07703058
33.467651,12.07702061
33.477731,12.07701064
33.487835,12.07700067
33.497915,12.0769907
33.507994,12.07698073
33.518075,12.07697076
33.528154,12.0769608
33.538234,12.07695083
33.548313,12.07694086
33.558392,12.07693089
33.568472,12.07692092
33.578552,12.07691095
33.588654,12.07690098
33.598734,12.07689066
33.608813,12.07688034
33.618893,12.07686965
33.628973,12.07685897
33.639052,12.07684829
33.649129,12.07683761
33.659209,12.07682693
33.669288,12.07681625
33.679376,12.07680557
33.689469,12.07679489
33.69955,12.07678421
33.70963,12.07677353
33.719718,12.07676285
33.729801,12.07675217
33.739882,12.07674149
33.749995,12.07673081
33.760076,12.07672013
33.770157,12.07670944
33.780237,12.07669876
33.790346,12.07668808
33.800425,12.0766774
33.810505,12.07666672
33.820585,12.07665604
33.830665,12.07664536
33.840745,12.07663468
33.850825,12.076624
33.860904,12.07661332
33.871029,12.07660264
33.881123,12.07659196
33.891232,12.07658128
33.901307,12.0765706
33.911391,12.07655992
33.921467,12.07654924
33.931549,12.07653855
33.941629,12.07652787
33.951708,12.07651719
33.961789,12.07650651
33.971866,12.07649583
33.981946,12.07648515
33.992034,12.07647411
34.002114,12.07646308
34.012194,12.07645169
34.022274,12.07644029
34.032354,12.0764289
34.042434,12.07641751
34.052515,12.07640611
34.062594,12.07639472
34.072675,12.07638333
34.082755,12.07637194
34.092856,12.07636054
34.102937,12.07634915
34.113017,12.07633776
34.123095,12.07632637
34.133175,12.07631497
34.143255,12.07630358
34.153335,12.07629219
34.163413,12.07628079
34.173493,12.0762694
34.183583,12.07625801
34.193675,12.07624662
34.203755,12.07623522
34.213835,12.07622383
34.223915,12.07621244
34.233997,12.07620105
34.244077,12.07618965
34.254156,12.07617826
34.264236,12.07616687
34.274316,12.07615548
34.284395,12.07614408
34.294497,12.07613269
34.304577,12.0761213
34.314656,12.0761099
34.324736,12.07609851
34.334815,12.07608712
34.344895,12.07607573
34.354974,12.07606398
34.365054,12.07605187
34.375136,12.07603977
34.385216,12.07602766
34.395318,12.07601556
34.405398,12.07600345
34.415478,12.07599135
34.425558,12.07597924
34.435638,12.07596714
34.445718,12.07595504
34.455798,12.07594293
34.465878,12.07593083
34.475958,12.07591872
34.486038,12.07590662
34.49614,12.07589451
34.50622,12.07588241
34.5163,12.0758703
34.526379,12.0758582
34.536459,12.07584609
34.546539,12.07583399
34.556619,12.07582188
34.566699,12.07580978
34.576778,12.07579767
34.586858,12.07578557
34.596959,12.07577346
34.607038,12.07576136
34.617118,12.07574925
34.627197,12.07573715
34.637277,12.07572505
34.647357,12.07571294
34.657436,12.07570084
34.667516,12.07568873
34.677595,12.07567663
34.687678,12.07566452
34.697771,12.07565242
34.707851,12.07564031
34.717938,12.07562821
34.728026,12.0756161
34.738104,12.075604
34.748186,12.07559189
34.758266,12.07557979
34.768346,12.07556768
34.778425,12.07555558
34.788506,12.07554347
34.798608,12.07553137
34.808688,12.07551926
34.818768,12.07550716
34.828849,12.07549506
34.838929,12.07548295
34.84901,12.07547085
34.859089,12.07545874
34.869215,12.07544664
34.87931,12.07543453
34.889388,12.07542243
34.899501,12.07541032
34.909582,12.07539822
34.919659,12.07538576
34.929739,12.0753733
34.939819,12.07536048
34.949899,12.07534766
34.959979,12.07533485
34.97006,12.07532203
34.980138,12.07530921
34.990218,12.0752964
35.000313,12.07528358
35.010404,12.07527076
35.020485,12.07525794
35.030564,12.07524513
35.040644,12.07523231
35.050724,12.07521949
35.060804,12.07520668
35.070884,12.07519386
35.080963,12.07518104
35.091044,12.07516823
35.101162,12.07515541
35.111241,12.07514259
35.121321,12.07512978
35.131401,12.07511696
35.14148,12.07510414
35.151561,12.07509133
35.161641,12.07507851
35.17172,12.07506569
35.181799,12.07505288
35.19188,12.07504006
35.201992,12.07502689
35.212072,12.07501336
35.222152,12.07499983
35.232231,12.0749863
35.242311,12.07497277
35.252391,12.07495889
35.262471,12.07494536
35.272551,12.07493147
35.282631,12.07491794
35.292711,12.07490406
35.302811,12.07489053
35.31289,12.07487665
35.322969,12.07486312
35.333048,12.07484923
35.343127,12.0748357
35.353207,12.07482217
35.363286,12.07480829
35.373372,12.07479476
35.383454,12.07478088
35.393534,12.07476735
35.403639,12.07475346
35.413719,12.07473993
35.423799,12.07472605
35.433879,12.07471252
35.443956,12.07469864
35.454037,12.07468511
35.464117,12.07467158
35.474197,12.07465805
35.484275,12.07464452
35.494355,12.07463099
35.504433,12.07461746
35.514514,12.07460393
35.524592,12.0745904
35.534671,12.07457688
35.544751,12.07456335
35.554832,12.07454982
35.564912,12.07453629
35.574992,12.0745224
35.585072,12.07450816
35.595152,12.07449392
35.605262,12.07447968
35.615343,12.07446544
35.625423,12.0744512
35.635503,12.07443696
35.645582,12.07442272
35.655662,12.07440848
35.665741,12.07439424
35.675821,12.07438
35.685902,12.07436575
35.695981,12.07435151
35.706086,12.07433727
35.716175,12.07432303
35.726259,12.07430879
35.736339,12.07429455
35.74642,12.07428031
35.7565,12.07426607
35.766582,12.07425183
35.776662,12.07423759
35.786742,12.07422335
35.796822,12.07420911
35.806926,12.07419486
35.817007,12.07418062
35.827087,12.07416638
35.837167,12.07415214
35.847246,12.0741379
35.857326,12.07412366
35.867414,12.07410942
35.877505,12.07409518
35.887584,12.07408094
35.897658,12.0740667
35.907743,12.07405246
35.917818,12.07403822
35.927899,12.07402397
35.937978,12.07400973
35.948058,12.07399549
35.958139,12.07398125
35.968218,12.07396701
35.978296,12.07395277
35.988376,12.07393853
35.998457,12.07392429
36.008546,12.07390969
36.018622,12.07389474
36.028702,12.07387979
36.038782,12.07386483
36.048862,12.07384988
36.058941,12.07383493
36.069021,12.07381997
36.079101,12.07380502
36.08918,12.07379007
36.09926,12.07377512
36.10935,12.07376016
36.11943,12.07374521
36.12951,12.07373026
36.139589,12.0737153
36.14967,12.07370035
36.159767,12.07368504
36.169849,12.07366938
36.179929,12.07365371
36.190052,12.07363805
36.200132,12.07362238
36.210216,12.07360672
36.220297,12.07359105
36.230377,12.07357539
36.240456,12.07355972
36.250536,12.07354406
36.260616,12.07352839
36.270696,12.07351273
36.280779,12.07349706
36.290859,12.0734814
36.300939,12.07346573
36.311037,12.07345007
36.321117,12.0734344
36.331196,12.07341874
36.341276,12.07340307
36.351356,12.07338741
36.361436,12.07337174
36.371539,12.07335608
36.38162,12.07334041
36.391701,12.07332475
36.401781,12.07330908
36.411887,12.07329342
36.42199,12.07327775
36.43207,12.07326209
36.442151,12.07324642
36.452231,12.07323076
36.46231,12.07321509
36.47239,12.07319943
36.482469,12.07318376
36.492548,12.0731681
36.502628,12.07315243
36.51273,12.07313677
36.522809,12.0731211
36.532888,12.07310544
36.542968,12.07308977
36.553047,12.07307411
36.563126,12.07305844
36.573206,12.07304278
36.583285,12.07302711
36.593365,12.07301145
36.603443,12.07299578
36.613547,12.07298012
36.623627,12.0729641
36.633706,12.07294808
36.643786,12.0729317
36.653865,12.07291532
36.663945,12.07289895
36.674025,12.07288257
36.684103,12.07286619
36.694182,12.07284982
36.704262,12.07283344
36.714366,12.07281706
36.724449,12.07280068
36.734531,12.07278431
36.744612,12.07276793
36.754692,12.07275155
36.764773,12.07273518
36.774852,12.0727188
36.784932,12.07270242
36.79501,12.07268605
36.80509,12.07266967
36.815197,12.07265329
36.825277,12.07263691
36.835356,12.07262054
36.845435,12.07260416
36.855515,12.07258778
36.865595,12.07257141
36.875682,12.07255503
36.885761,12.07253865
36.895836,12.07252228
36.905911,12.0725059
36.916013,12.07248952
36.926101,12.07247314
36.936176,12.07245677
36.94625,12.07244039
36.956328,12.07242401
36.966405,12.07240764
36.976486,12.07239126
36.986566,12.07237488
36.996647,12.07235851
37.006727,12.07234177
37.016819,12.07232468
37.026899,12.07230759
37.036979,12.07229051
37.047057,12.07227342
37.057138,12.07225633
37.067219,12.07223924
37.077298,12.07222215
37.087378,12.07220506
37.097459,12.07218797
37.107539,12.07217088
37.117628,12.07215379
37.127707,12.0721367
37.137786,12.07211961
37.147865,12.07210253
37.157945,12.07208544
37.168024,12.07206835
37.178103,12.07205126
37.188185,12.07203417
37.198265,12.07201708
37.208345,12.07199999
37.218451,12.0719829
37.228531,12.07196581
37.238611,12.07194872
37.24869,12.07193164
37.25877,12.07191455
37.26885,12.07189746
37.278929,12.07188037
37.289008,12.07186328
37.299087,12.07184619
37.309167,12.0718291
37.319255,12.07181201
37.329334,12.07179492
37.339413,12.07177748
37.349492,12.07175968
37.359572,12.07174188
37.369652,12.07172407
37.379733,12.07170627
37.389813,12.07168847
37.399893,12.07167067
37.409974,12.07165287
37.420077,12.07163507
37.430157,12.07161727
37.440237,12.07159947
37.450317,12.07158167
37.460397,12.07156387
37.470476,12.07154606
37.480557,12.07152826
37.490633,12.07151046
37.500713,12.07149266
37.510792,12.07147486
37.520894,12.07145706
37.530974,12.07143926
37.541058,12.07142146
37.551139,12.07140366
37.561219,12.07138585
37.571299,12.07136805
37.581378,12.07135025
37.591458,12.0713321
37.601538,12.07131358
37.611617,12.07129507
37.621733,12.07127656
37.631813,12.07125804
37.641894,12.07123953
37.651973,12.07122102
37.662054,12.0712025
37.672133,12.07118399
37.682213,12.07116548
37.692294,12.07114696
37.702375,12.07112845
37.712455,12.07110994
37.72257,12.07109142
37.732653,12.07107291
37.742733,12.0710544
37.752815,12.07103589
37.762896,12.07101737
37.772976,12.07099886
37.783056,12.07098035
37.793138,12.07096183
37.803217,12.07094332
37.813295,12.07092481
37.823383,12.07090629
37.833464,12.07088778
37.843543,12.07086927
37.853622,12.07085075
37.863702,12.07083224
37.873804,12.07081373
37.883883,12.07079521
37.893974,12.0707767
37.904048,12.07075819
37.914129,12.07073968
37.924239,12.07072081
37.934319,12.07070158
37.9444,12.07068236
37.954478,12.07066313
37.964559,12.07064391
37.974638,12.07062468
37.984717,12.07060546
37.994799,12.07058623
38.004877,12.070567
38.014958,12.07054778
38.025046,12.07052855
38.035126,12.07050933
38.045207,12.0704901
38.055287,12.07047088
38.065366,12.07045165
38.075447,12.07043243
38.085526,12.0704132
38.095606,12.07039398
38.105685,12.07037475
38.115765,12.07035553
38.125854,12.0703363
38.135934,12.07031708
38.146013,12.07029785
38.156093,12.07027863
38.166174,12.0702594
38.176248,12.07024018
38.186334,12.07022095
38.196417,12.07020173
38.206498,12.0701825
38.216579,12.07016328
38.22669,12.07014405
38.236771,12.07012483
38.24685,12.0701056
38.256931,12.07008638
38.267011,12.07006715
38.277091,12.07004793
38.28717,12.0700287
38.297249,12.07000948
38.307329,12.06999025
38.317409,12.06997102
38.327511,12.0699518
38.33759,12.06993257
38.34767,12.06991335
38.35775,12.06989412
38.367829,12.0698749
38.377913,12.06985567
38.387993,12.06983609
38.398073,12.06981616
38.408152,12.06979622
38.418233,12.06977628
38.428336,12.06975634
38.438416,12.06973641
38.448496,12.06971647
38.458576,12.06969653
38.468656,12.06967659
38.478736,12.06965666
38.488815,12.06963672
38.498895,12.06961678
38.508974,12.06959685
38.519054,12.06957691
38.529143,12.06955697
38.539276,12.06953703
38.549392,12.0695171
38.55947,12.06949716
38.569551,12.06947722
38.579629,12.06945729
38.589708,12.06943735
38.599789,12.06941741
38.609869,12.06939747
38.619949,12.06937754
38.630061,12.0693576
38.640141,12.06933766
38.65022,12.06931773
38.660299,12.06929779
38.670379,12.06927785
38.680459,12.06925791
38.690541,12.06923798
38.700621,12.06921804
38.710702,12.0691981
38.72079,12.06917816
38.730905,12.06915823
38.740988,12.06913829
38.751069,12.06911835
38.761148,12.06909842
38.771227,12.06907848
38.781308,12.06905854
38.791387,12.0690386
38.801468,12.06901867
38.811559,12.06899873
38.82164,12.06897879
38.831734,12.0689585
38.841816,12.06893785
38.851896,12.0689172
38.861978,12.06889655
38.872065,12.0688759
38.882145,12.06885525
38.89222,12.0688346
38.9023,12.06881395
38.912381,12.06879331
38.92246,12.06877266
38.932573,12.06875201
38.942654,12.06873136
38.952734,12.06871071
38.962814,12.06869006
38.972895,12.06866941
38.982975,12.06864876
38.993056,12.06862811
39.003136,12.06860746
39.013217,12.06858681
39.023297,12.06856616
39.033387,12.06854551
39.043466,12.06852487
39.053547,12.06850422
39.063627,12.06848357
39.073706,12.06846292
39.083787,12.06844227
39.093864,12.06842162
39.103944,12.06840097
39.114026,12.06838032
39.124106,12.06835967
39.134195,12.06833902
39.144275,12.06831837
39.154356,12.06829772
39.164436,12.06827707
39.174516,12.06825642
39.184606,12.06823542
39.194689,12.06821406
39.204769,12.0681927
39.214849,12.06817134
39.22493,12.06814997
39.235036,12.06812861
39.245117,12.06810725
39.255197,12.06808589
39.265277,12.06806453
39.275357,12.06804317
39.285435,12.06802181
39.295515,12.06800045
39.305594,12.06797908
39.315674,12.06795772
39.325754,12.06793636
39.335842,12.067915
39.345921,12.06789364
39.356,12.06787228
39.36608,12.06785092
39.376169,12.06782955
39.38625,12.06780819
39.39633,12.06778648
39.40641,12.0677644
39.41649,12.06774233
39.426569,12.06772026
39.436674,12.06769818
39.446755,12.06767611
39.456835,12.06765404
39.466915,12.06763196
39.476995,12.06760989
39.487075,12.06758782
39.497155,12.06756574
39.507235,12.06754367
39.517315,12.0675216
39.527395,12.06749952
39.537497,12.06747745
39.547577,12.06745538
39.557656,12.0674333
39.567736,12.06741123
39.577815,12.06738916
39.587895,12.06736708
39.597975,12.06734501
39.608054,12.06732294
39.618133,12.06730051
39.628213,12.06727772
39.638315,12.06725494
39.648395,12.06723215
39.658474,12.06720937
39.668553,12.06718658
39.678632,12.06716379
39.688723,12.06714101
39.698805,12.06711822
39.708885,12.06709544
39.718977,12.06707265
39.729064,12.06704987
39.739175,12.06702708
39.749255,12.0670043
39.759336,12.06698151
39.769417,12.06695873
39.779497,12.06693594
39.789577,12.06691316
39.799658,12.06689037
39.809737,12.06686758
39.819816,12.0668448
39.829896,12.06682201
39.839999,12.06679923
39.850079,12.06677644
39.860157,12.06675366
39.870285,12.06673087
39.88038,12.06670809
39.890459,12.0666853
39.900533,12.06666216
39.910607,12.06663902
39.920684,12.06661552
39.930766,12.06659202
39.940859,12.06656853
39.950939,12.06654503
39.96102,12.06652153
39.9711,12.06649803
39.981181,12.06647454
39.991261,12.06645104
40.001341,12.06642754
40.011421,12.06640404
40.021501,12.06638055
40.031582,12.06635705
40.04167,12.06633355
40.051747,12.06631005
40.061827,12.06628656
40.071907,12.06626306
40.081995,12.06623956
40.092076,12.06621607
40.102155,12.06619257
40.112236,12.06616907
40.122317,12.06614557
40.132397,12.06612208
40.14249,12.06609858
40.152571,12.06607508
40.16265,12.06605158
40.172729,12.06602809
40.182809,12.06600459
40.192892,12.06598109
40.202972,12.06595759
40.213049,12.0659341
40.223129,12.0659106
40.233209,12.0658871
40.243316,12.0658636
40.253397,12.06583975
40.263477,12.0658159
40.273557,12.06579169
40.283637,12.06576748
40.293718,12.06574327
40.303797,12.06571906
40.313877,12.06569485
40.323958,12.06567064
40.334037,12.06564643
40.344138,12.06562222
40.354217,12.06559801
40.364297,12.0655738
40.374377,12.06554959
40.384458,12.06552538
40.394538,12.06550117
40.404619,12.06547696
40.414699,12.06545276
40.424779,12.06542855
40.434859,12.06540434
40.44495,12.06538013
40.455031,12.06535592
40.465111,12.06533171
40.475192,12.06530714
40.485272,12.06528222
40.495353,12.0652573
40.505433,12.06523238
40.515513,12.06520746
40.525593,12.06518253
40.535673,12.06515761
40.545775,12.06513269
40.555855,12.06510777
40.565933,12.06508285
40.576013,12.06505793
40.586092,12.06503301
40.596171,12.06500808
40.606251,12.06498316
40.61633,12.06495824
40.626409,12.06493332
40.636489,12.0649084
40.64659,12.06488348
40.65667,12.06485856
40.666749,12.06483363
40.676828,12.06480871
40.686916,12.06478379
40.696996,12.06475887
40.707077,12.06473395
40.717232,12.06470903
40.727315,12.0646841
40.737399,12.06465918
40.747514,12.06463426
40.757596,12.06460934
40.767677,12.06458442
40.77776,12.0645595
40.787841,12.06453458
40.797922,12.06450965
40.808002,12.06448473
40.818082,12.06445981
40.828163,12.06443489
40.838244,12.06440997
40.848345,12.06438469
40.858426,12.06435941
40.868537,12.06433378
40.878641,12.06430815
40.88872,12.06428251
40.898797,12.06425688
40.908872,12.06423125
40.918952,12.06420561
40.92904,12.06417998
40.939117,12.06415434
40.94922,12.06412871
40.959298,12.06410308
40.969375,12.06407744
40.979453,12.06405181
40.989533,12.06402618
40.999615,12.06400054
41.009695,12.06397491
41.019776,12.06394928
41.029856,12.06392364
41.039936,12.06389801
41.050025,12.06387238
41.060105,12.06384674
41.070185,12.06382111
41.080265,12.06379547
41.090345,12.06376984
41.100425,12.06374421
41.110505,12.06371857
41.120585,12.06369294
41.130665,12.06366731
41.140742,12.06364167
41.15083,12.06361604
41.160911,12.06359005
41.17099,12.0635637
41.18107,12.06353736
41.191155,12.06351101
41.201236,12.06348467
41.211315,12.06345832
41.221396,12.06343198
41.231476,12.06340563
41.241556,12.06337929
41.251661,12.06335294
41.261741,12.06332659
41.271821,12.06330025
41.281902,12.0632739
41.291981,12.06324756
41.302061,12.06322121
41.31214,12.06319487
41.32222,12.06316852
41.332297,12.06314218
41.342377,12.06311583
41.352477,12.06308948
41.362557,12.06306314
41.372637,12.06303679
41.382719,12.06301045
41.392799,12.0629841
41.402879,12.06295776
41.412958,12.06293141
41.423038,12.06290506
41.433118,12.06287872
41.443199,12.06285237
41.453305,12.06282603
41.463385,12.06279968
41.473465,12.06277334
41.483545,12.06274699
41.493624,12.06272029
41.503704,12.06269323
41.513783,12.06266617
41.523863,12.06263912
41.533942,12.06261206
41.544022,12.062585
41.554125,12.06255794
41.564204,12.06253089
41.574285,12.06250383
41.584365,12.06247677
41.594444,12.06244971
41.604523,12.06242266
41.6146,12.0623956
41.624683,12.06236854
41.634762,12.06234148
41.64484,12.06231442
41.654918,12.06228737
41.664998,12.06226031
41.675079,12.06223325
41.685159,12.06220619
41.695242,12.06217914
41.705322,12.06215208
41.715402,12.06212502
41.725487,12.06209796
41.73557,12.06207091
41.745651,12.06204349
41.755764,12.06201572
41.765845,12.06198795
41.775925,12.06196018
41.786007,12.06193241
41.796088,12.06190464
41.806169,12.06187687
41.816249,12.0618491
41.82633,12.06182134
41.83641,12.06179357
41.84649,12.0617658
41.856599,12.06173803
41.868821,12.06171026
41.878943,12.06168249
41.88902,12.06165472
41.899094,12.06162695
41.909167,12.06159918
41.919244,12.06157141
41.929325,12.06154364
41.939403,12.06151587
41.949484,12.0614881
41.959576,12.06146033
41.969652,12.06143256
41.979727,12.06140479
41.989803,12.06137702
41.999879,12.06134925
42.009955,12.06132148
42.020031,12.06129371
42.030107,12.06126594
42.040183,12.06123817
42.05026,12.0612104
42.060344,12.06118263
42.070425,12.06115486
42.080505,12.06112709
42.090584,12.06109932
42.100663,12.06107155
42.110742,12.06104378
42.120823,12.06101566
42.130902,12.06098718
42.140983,12.06095869
42.151064,12.06093021
42.161152,12.06090173
42.171232,12.06087325
42.181312,12.06084477
42.191403,12.06081629
42.201484,12.0607878
42.211564,12.06075932
42.221646,12.06073084
42.231726,12.06070236
42.241806,12.06067388
42.251887,12.0606454
42.261979,12.06061691
42.27206,12.06058843
42.28214,12.06055995
42.292221,12.06053147
42.3023,12.06050299
42.31238,12.06047451
42.32246,12.06044602
42.332541,12.06041754
42.342621,12.06038906
42.3527,12.06036058
42.362788,12.0603321
42.372868,12.06030362
42.382953,12.06027513
42.393034,12.06024665
42.403113,12.06021817
42.413193,12.06018969
42.423273,12.06016121
42.433353,12.06013237
42.443433,12.06010353
42.453513,12.06007434
42.463618,12.06004514
42.473698,12.06001595
42.483778,12.05998676
42.493858,12.05995756
42.503938,12.05992837
42.514017,12.05989917
42.524097,12.05986998
42.534177,12.05984079
42.544256,12.05981159
42.554336,12.0597824
42.564437,12.05975321
42.574516,12.05972401
42.584596,12.05969482
42.594675,12.05966562
42.604759,12.05963643
42.614841,12.05960724
42.624921,12.05957804
42.635007,12.05954885
42.645083,12.05951966
42.655163,12.05949046
42.665272,12.05946127
42.675351,12.05943207
42.68543,12.05940288
42.695511,12.05937369
42.705591,12.05934449
42.715671,12.0593153
42.72575,12.05928611
42.735831,12.05925691
42.745912,12.05922772
42.755992,12.05919817
42.766105,12.05916826
42.776185,12.05913836
42.786265,12.05910845
42.796344,12.05907854
42.806423,12.05904864
42.816503,12.05901873
42.826583,12.05898883
42.836662,12.05895892
42.846742,12.05892902
42.856821,12.05889911
42.868879,12.0588692
42.878974,12.0588393
42.889055,12.05880939
42.899132,12.05877949
42.909206,12.05874958
42.919283,12.05871968
42.929363,12.05868977
42.939445,12.05865986
42.949525,12.05862996
42.959604,12.05860005
42.969694,12.05857015
42.979773,12.05854024
42.989852,12.05851033
42.999932,12.05848043
43.010013,12.05845017
43.020093,12.05841955
43.030173,12.05838893
43.040252,12.05835831
43.050332,12.0583277
43.060412,12.05829708
43.070501,12.05826646
43.080582,12.05823584
43.090661,12.05820522
43.100741,12.05817461
43.110821,12.05814399
43.1209,12.05811337
43.130981,12.05808275
43.141061,12.05805213
43.151141,12.05802152
43.161221,12.0579909
43.171323,12.05796028
43.181404,12.05792966
43.191495,12.05789905
43.201577,12.05786843
43.211656,12.05783781
43.221736,12.05780719
43.231816,12.05777657
43.241897,12.05774596
43.251977,12.05771534
43.262057,12.05768472
43.272163,12.0576541
43.282243,12.05762348
43.292322,12.05759287
43.302401,12.05756225
43.312482,12.05753163
43.322561,12.05750101
43.33264,12.0574704
43.34272,12.05743978
43.352801,12.05740916
43.36288,12.05737854
43.372982,12.05734792
43.383071,12.05731731
43.39315,12.05728669
43.403231,12.05725607
43.413311,12.0572251
43.423391,12.05719412
43.433471,12.05716279
43.443551,12.05713146
43.453631,12.05710013
43.463711,12.0570688
43.473816,12.05703747
43.483896,12.05700614
43.493977,12.05697481
43.504057,12.05694348
43.514137,12.05691215
43.524216,12.05688082
43.534295,12.05684949
43.544375,12.05681816
43.554455,12.05678683
43.564535,12.0567555
43.574637,12.05672417
43.584717,12.05669284
43.594797,12.05666151
43.604877,12.05663018
43.614957,12.05659885
43.625037,12.05656752
43.635114,12.05653619
43.645193,12.05650487
43.655274,12.05647354
43.665354,12.05644221
43.675456,12.05641088
43.685536,12.05637955
43.695618,12.05634822
43.705698,12.05631689
43.715778,12.05628556
43.725864,12.05625423
43.735945,12.0562229
43.746026,12.05619157
43.756102,12.05616024
43.766176,12.05612891
43.776279,12.05609758
43.78636,12.05606625
43.796437,12.05603492
43.806518,12.05600359
43.816597,12.05597226
43.826677,12.05594093
43.836757,12.0559096
43.846836,12.05587791
43.856916,12.05584623
43.86882,12.05581454
43.878908,12.0557825
43.88899,12.05575046
43.899072,12.05571841
43.909153,12.05568637
43.919231,12.05565433
43.929311,12.05562229
43.939391,12.05559025
43.94947,12.0555582
43.959551,12.05552616
43.969631,12.05549412
43.979711,12.05546208
43.989787,12.05543004
43.999863,12.05539799
44.00994,12.05536595
44.020016,12.05533391
44.030092,12.05530187
44.040168,12.05526983
44.050244,12.05523778
44.060321,12.05520574
44.070397,12.0551737
44.080482,12.05514166
44.090562,12.05510962
44.100642,12.05507757
44.110722,12.05504553
44.120801,12.05501349
44.130881,12.05498145
44.140962,12.05494941
44.151041,12.05491736
44.161121,12.05488532
44.171201,12.05485328
44.181291,12.05482124
44.191383,12.0547892
44.201463,12.05475716
44.21154,12.05472511
44.221621,12.05469307
44.2317,12.05466103
44.24178,12.05462899
44.251859,12.05459695
44.261938,12.0545649
44.272017,12.05453251
44.282106,12.05450011
44.292186,12.05446735
44.302265,12.0544346
44.312345,12.05440185
44.322424,12.05436909
44.332503,12.05433634
44.342582,12.05430358
44.352661,12.05427083
44.36274,12.05423808
44.37282,12.05420532
44.382931,12.05417257
44.393013,12.05413981
44.403091,12.05410706
44.413171,12.05407431
44.423251,12.05404155
44.433331,12.0540088
44.443411,12.05397604
44.45349,12.05394329
44.46357,12.05391054
44.47365,12.05387778
44.483739,12.05384503
44.493819,12.05381227
44.503899,12.05377952
44.513979,12.05374677
44.524059,12.05371401
44.534139,12.05368126
44.544219,12.0536485
44.554299,12.05361575
44.564379,12.053583
44.574459,12.05355024
44.584557,12.05351749
44.594637,12.05348473
44.604717,12.05345198
44.614795,12.05341923
44.624875,12.05338647
44.634954,12.05335372
44.645034,12.05332096
44.655115,12.05328821
44.665193,12.05325546
44.675323,12.0532227
44.685401,12.05318995
44.695483,12.05315684
44.705562,12.05312373
44.715641,12.05309026
44.725724,12.0530568
44.735805,12.05302333
44.745885,12.05298986
44.755965,12.0529564
44.766048,12.05292293
44.776127,12.05288947
44.786231,12.052856
44.796311,12.05282253
44.806391,12.05278907
44.816471,12.0527556
44.82655,12.05272214
44.836629,12.05268867
44.846709,12.0526552
44.856789,12.05262174
44.868834,12.05258827
44.878938,12.05255481
44.889016,12.05252134
44.899099,12.05248787
44.909182,12.05245441
44.919259,12.05242094
44.929346,12.05238748
44.939424,12.05235401
44.949498,12.05232054
44.959577,12.05228708
44.969654,12.05225361
44.979736,12.05222015
44.989827,12.05218632
44.999908,12.05215215
45.009988,12.05211797
45.020068,12.05208379
45.030147,12.05204961
45.040228,12.05201543
45.050307,12.05198126
45.060387,12.05194708
45.070468,12.0519129
45.080548,12.05187872
45.090649,12.05184454
45.100729,12.05181036
45.110809,12.05177619
45.120889,12.05174201
45.130968,12.05170783
45.141048,12.05167365
45.151128,12.05163947
45.161215,12.0516053
45.171293,12.05157112
45.181373,12.05153694
45.19146,12.05150276
45.201541,12.05146858
45.211621,12.05143441
45.221701,12.05140023
45.231781,12.05136605
45.241862,12.05133187
45.251943,12.05129769
45.262023,12.05126352
45.272103,12.05122934
45.282182,12.05119516
45.292274,12.05116098
45.302354,12.0511268
45.312434,12.05109263
45.322515,12.05105845
45.332595,12.05102427
45.342675,12.05099009
45.352754,12.05095591
45.362834,12.05092173
45.372914,12.05088756
45.383001,12.05085338
45.393108,12.0508192
45.403188,12.05078502
45.413268,12.05075084
45.423349,12.05071631
45.433434,12.05068213
45.443514,12.0506476
45.453593,12.05061306
45.463673,12.05057817
45.473753,12.05054328
45.483832,12.05050839
45.49392,12.0504735
45.504,12.05043861
45.51408,12.05040372
45.524161,12.05036883
45.53424,12.05033394
45.544319,12.05029905
45.554399,12.05026416
45.564479,12.05022927
45.574559,12.05019438
45.584639,12.05015949
45.59474,12.0501246
45.604821,12.05008971
45.614901,12.05005482
45.62498,12.05001993
45.635062,12.04998504
45.645142,12.04995015
45.655221,12.04991526
45.665301,12.04988037
45.67538,12.04984548
45.685458,12.04981059
45.695566,12.0497757
45.705646,12.04974081
45.715726,12.04970592
45.725813,12.04967103
45.735894,12.04963614
45.745975,12.04960125
45.756056,12.049566
45.766135,12.04953076
45.776215,12.04949516
45.786296,12.04945955
45.796403,12.04942395
45.806483,12.04938835
45.816564,12.04935275
45.826644,12.04931715
45.836724,12.04928154
45.846804,12.04924594
45.856884,12.04921034
45.868835,12.04917474
45.87893,12.04913913
45.88901,12.04910353
45.899085,12.04906793
45.90916,12.04903233
45.919237,12.04899673
45.929318,12.04896112
45.939398,12.04892552
45.949477,12.04888992
45.959557,12.04885432
45.969637,12.04881872
45.979717,12.04878311
45.989797,12.04874751
45.999886,12.04871191
46.009988,12.04867631
46.020068,12.0486407
46.030147,12.0486051
46.040227,12.0485695
46.050307,12.0485339
46.060387,12.0484983
46.070466,12.04846234
46.080546,12.04842602
46.090626,12.04838971
46.100711,12.0483534
46.110787,12.04831708
46.120861,12.04828077
46.130941,12.04824445
46.141021,12.04820814
46.151102,12.04817182
46.161181,12.04813551
46.17126,12.0480992
46.18134,12.04806288
46.19142,12.04802657
46.201525,12.04799025
46.211606,12.04795394
46.221687,12.04791762
46.231767,12.04788131
46.241847,12.04784535
46.251927,12.04780939
46.262006,12.04777344
46.272086,12.04773748
46.282166,12.04770152
46.292245,12.04766556
46.302332,12.0476296
46.312411,12.04759365
46.322491,12.04755769
46.33257,12.04752209
46.34265,12.04748648
46.35273,12.04745088
46.362809,12.04741528
46.372888,12.04737968
46.382975,12.04734407
46.393057,12.04730847
46.403159,12.04727287
46.413239,12.04723727
46.423319,12.04720167
46.433414,12.04716606
46.443494,12.04713046
46.453571,12.0470945
46.463652,12.04705819
46.473732,12.04702187
46.483812,12.04698556
46.493892,12.04694925
46.503984,12.04691293
46.514065,12.04687662
46.524145,12.0468403
46.534224,12.04680399
46.544304,12.04676768
46.554383,12.04673136
46.564463,12.04669505
46.574542,12.04665873
46.584622,12.04662242
46.594701,12.0465861
46.604802,12.04654979
46.614881,12.04651348
46.62496,12.04647716
46.63504,12.04644085
46.64512,12.04640453
46.655199,12.04636822
46.665279,12.0463319
46.675358,12.04629559
46.685438,12.04625928
46.695531,12.04622296
46.70564,12.04618665
46.715719,12.04615033
46.725802,12.04611402
46.735883,12.04607771
46.745991,12.04604139
46.756071,12.04600508
46.76615,12.04596876
46.776229,12.04593245
46.786308,12.04589613
46.796387,12.04585982
46.806499,12.04582351
46.816579,12.04578719
46.826659,12.04575088
46.836738,12.04571456
46.846818,12.04567825
46.856897,12.04564194
46.868823,12.04560562
46.878926,12.04556895
46.889003,12.04553192
46.899077,12.0454949
46.909179,12.04545787
46.919257,12.04542085
46.929338,12.04538382
46.939418,12.04534679
46.949498,12.04530977
46.959577,12.04527274
46.969657,12.04523571
46.979734,12.04519869
46.989815,12.04516166
46.999895,12.04512464
47.009985,12.04508761
47.020065,12.04505058
47.030149,12.04501356
47.04023,12.04497653
47.050312,12.0449395
47.060392,12.04490248
47.070473,12.04486545
47.080552,12.04482843
47.090633,12.0447914
47.100713,12.04475437
47.110803,12.04471735
47.120883,12.04468032
47.130962,12.04464329
47.141043,12.04460627
47.151124,12.04456924
47.161204,12.04453222
47.171283,12.04449519
47.181362,12.04445816
47.191442,12.04442114
47.201523,12.04438411
47.211627,12.04434708
47.221705,12.04431006
47.231783,12.04427303
47.241863,12.04423601
47.251944,12.04419898
47.262024,12.04416195
47.272105,12.04412457
47.282181,12.04408683
47.292263,12.04404909
47.302346,12.04401136
47.312448,12.04397362
47.322529,12.04393588
47.332607,12.04389814
47.342687,12.0438604
47.352767,12.04382266
47.362848,12.04378493
47.372928,12.04374719
47.383006,12.04370945
47.393087,12.04367171
47.403167,12.04363397
47.413268,12.04359624
47.423348,12.0435585
47.433429,12.04352076
47.443509,12.04348302
47.453589,12.04344528
47.463669,12.04340754
47.473748,12.04336981
47.483829,12.04333207
47.493908,12.04329433
47.503989,12.04325659
47.514091,12.04321885
47.524172,12.04318111
47.534251,12.04314338
47.544331,12.04310564
47.554411,12.0430679
47.564491,12.04303016
47.574571,12.04299242
47.584651,12.04295468
47.594731,12.04291695
47.604811,12.04287921
47.614899,12.04284147
47.624979,12.04280373
47.63506,12.04276599
47.645138,12.04272825
47.655216,12.04269052
47.665296,12.04265278
47.675376,12.04261504
47.685457,12.0425773
47.695539,12.04253956
47.705632,12.04250182
47.715714,12.04246373
47.725797,12.04242528
47.735879,12.04238683
47.745983,12.04234838
47.756062,12.04230993
47.766144,12.04227148
47.776223,12.04223303
47.786304,12.04219458
47.796385,12.04215613
47.806466,12.04211768
47.816581,12.04207923
47.82666,12.04204078
47.836741,12.04200233
47.846823,12.04196388
47.856904,12.04192543
47.866986,12.04188698
47.877076,12.04184853
47.887156,12.04181008
47.897232,12.04177162
47.907315,12.04173317
47.917425,12.04169472
47.927507,12.04165627
47.937585,12.04161782
47.947666,12.04157937
47.957746,12.04154092
47.967826,12.04150247
47.977907,12.04146402
47.987988,12.04142557
47.998069,12.04138712
48.00815,12.04134867
48.018254,12.04131022
48.028335,12.04127177
48.038416,12.04123332
48.048494,12.04119487
48.058575,12.04115642
48.068655,12.04111797
48.078736,12.04107952
48.088816,12.04104071
48.098896,12.04100155
48.108976,12.04096239
48.119064,12.04092323
48.12915,12.04088406
48.139232,12.0408449
48.149311,12.04080574
48.159393,12.04076658
48.169475,12.04072741
48.179556,12.04068825
48.189638,12.04064909
48.199721,12.04060993
48.209802,12.04057076
48.219909,12.0405316
48.229995,12.04049244
48.240077,12.04045328
48.250159,12.04041411
48.26024,12.04037495
48.27032,12.04033579
48.280401,12.04029663
48.290482,12.04025747
48.300563,12.0402183
48.310644,12.04017914
48.320732,12.04013998
48.330814,12.04010082
48.340895,12.04006165
48.350976,12.04002249
48.361056,12.03998333
48.371137,12.03994417
48.381217,12.039905
48.391299,12.03986584
48.40138,12.03982668
48.41146,12.03978752
48.421563,12.03974835
48.431642,12.03970919
48.441724,12.03967003
48.451804,12.03963087
48.461884,12.0395917
48.471965,12.03955254
48.482045,12.03951338
48.492125,12.03947422
48.502205,12.03943506
48.512286,12.03939589
48.522387,12.03935673
48.532468,12.03931757
48.542548,12.03927841
48.552628,12.03923924
48.562708,12.03920008
48.572787,12.03916092
48.582867,12.03912176
48.592947,12.03908259
48.603027,12.03904343
48.613107,12.03900427
48.623207,12.03896511
48.633287,12.03892594
48.643366,12.03888678
48.653446,12.03884726
48.663525,12.0388081
48.673605,12.03876894
48.683684,12.03872978
48.693764,12.03869061
48.703844,12.03865145
48.713923,12.03861229
48.72404,12.03857313
48.734126,12.03853396
48.744208,12.0384948
48.754286,12.03845564
48.764366,12.03841648
48.774448,12.03837732
48.784531,12.03833815
48.794611,12.03829899
48.804691,12.03825983
48.814773,12.03822067
48.824863,12.0381815
48.834944,12.03814234
48.845025,12.03810318
48.855105,12.03806402
48.865185,12.03802485
48.875274,12.03798569
48.885356,12.03794653
48.895436,12.03790737
48.905516,12.0378682
48.915594,12.03782904
48.925707,12.03778988
48.935782,12.03775072
48.945854,12.03771155
48.955935,12.03767239
48.966016,12.03763323
48.976108,12.03759407
48.986191,12.03755491
48.996274,12.03751574
49.006357,12.03747622
49.016437,12.03743635
49.026549,12.03739648
49.036631,12.0373566
49.046711,12.03731673
49.056791,12.03727685
49.066871,12.03723698
49.07695,12.0371971
49.08703,12.03715723
49.097111,12.03711735
49.107191,12.03707748
49.117271,12.03703761
49.127374,12.03699773
49.137454,12.03695786
49.147534,12.03691798
49.157614,12.03687811
49.167694,12.03683823
49.177774,12.03679836
49.187855,12.03675849
49.197935,12.03671861
49.208016,12.03667874
49.218096,12.03663886
49.2282,12.03659899
49.238281,12.03655911
49.248361,12.03651924
49.258441,12.03647936
49.268517,12.03643949
49.278598,12.03639962
49.288678,12.03635974
49.298758,12.03631987
49.308838,12.03627999
49.318919,12.03624012
49.329009,12.03620024
49.339089,12.03616037
49.34917,12.03612049
49.35925,12.03608062
49.36933,12.03604075
49.379411,12.03600087
49.389491,12.035961
49.399572,12.03592112
49.409652,12.03588125
49.419732,12.03584137
49.429837,12.0358015
49.439917,12.03576162
49.449999,12.03572175
49.46008,12.03568188
49.470159,12.035642
49.48024,12.03560213
49.49032,12.03556225
49.5004,12.03552238
49.51048,12.0354825
49.52056,12.03544263
49.530648,12.03540275
49.540728,12.03536288
49.550809,12.03532301
49.560889,12.03528313
49.57097,12.0352429
49.58105,12.03520231
49.59113,12.03516173
49.601211,12.03512114
49.611291,12.03508056
49.621372,12.03503997
49.631474,12.03499938
49.641554,12.0349588
49.651635,12.03491821
49.661715,12.03487762
49.671795,12.03483704
49.681874,12.03479645
49.691954,12.03475586
49.702035,12.03471528
49.712116,12.03467469
49.722201,12.0346341
49.732316,12.03459352
49.742398,12.03455293
49.752478,12.03451235
49.762559,12.03447176
49.772641,12.03443117
49.782721,12.03439059
49.792803,12.03435
49.802884,12.03430941
49.812964,12.03426918
49.823045,12.03422895
49.833149,12.03418908
49.843227,12.0341492
49.853308,12.03410933
49.863389,12.03406945
49.873492,12.03402958
49.883572,12.03398971
49.893649,12.03394983
49.903729,12.03390996
49.91381,12.03387008
49.92389,12.03383021
49.933984,12.03379033
49.944067,12.03375046
49.954148,12.03371058
49.964229,12.03367071
49.974309,12.03363084
49.984391,12.03359096
49.994473,12.03355109
50.004554,12.03351121
50.014634,12.03347134
50.024714,12.03343146
50.034804,12.03339159
50.044886,12.03335171
50.054968,12.03331184
50.065049,12.03327197
50.07513,12.03323209
50.085211,12.03319222
50.095291,12.03315234
50.105373,12.03311247
50.115453,12.03307259
50.125533,12.03303272
50.135635,12.03299285
50.145716,12.03295261
50.155797,12.03291238
50.165877,12.03287215
50.175958,12.03283157
50.186038,12.03279098
50.196117,12.03275039
50.206199,12.03270981
50.216279,12.03266922
50.22636,12.03262863
50.236484,12.03258805
50.246566,12.03254746
50.256648,12.03250688
50.266729,12.03246629
50.27681,12.0324257
50.286891,12.03238512
50.296973,12.03234453
50.307054,12.03230394
50.317134,12.03226336
50.327215,12.03222277
50.33732,12.03218218
50.3474,12.0321416
50.357477,12.03210101
50.367558,12.03206042
50.377638,12.03201984
50.387721,12.03197925
50.397801,12.03193867
50.407882,12.03189808
50.417988,12.03185749
50.428069,12.03181691
50.438159,12.03177632
50.448241,12.03173573
50.458321,12.03169515
50.468401,12.03165456
50.478481,12.03161397
50.488561,12.03157339
50.498642,12.0315328
50.508722,12.03149221
50.518802,12.03145163
50.528883,12.03141104
50.538984,12.03137045
50.549063,12.03132987
50.559143,12.03128928
50.569223,12.0312487
50.579303,12.03120811
50.589384,12.03116752
50.599463,12.03112694
50.609544,12.03108635
50.619624,12.03104576
50.629704,12.03100482
50.639805,12.03096352
50.649884,12.03092258
50.659965,12.03088128
50.670044,12.03084034
50.680124,12.0307994
50.690204,12.03075845
50.700285,12.03071751
50.710365,12.03067657
50.720444,12.03063598
50.730536,12.0305954
50.740648,12.03055481
50.75073,12.03051422
50.760811,12.03047364
50.770891,12.03043305
50.78097,12.03039246
50.791049,12.03035188
50.801128,12.03031129
50.811245,12.0302707
50.821324,12.03023012
50.831403,12.03018953
50.841513,12.03014894
50.851594,12.03010836
50.861675,12.03006777
50.871766,12.03002719
50.881851,12.0299866
50.891928,12.02994601
50.902007,12.02990543
50.91209,12.02986484
50.922171,12.02982425
50.932251,12.02978367
50.942362,12.02974308
50.952442,12.02970249
50.962523,12.02966191
50.972603,12.02962132
50.982684,12.02958073
50.992766,12.02954015
51.002847,12.02949956
51.012929,12.02945897
51.02301,12.02941839
51.033091,12.0293778
51.043182,12.02933722
51.053263,12.02929663
51.063343,12.02925604
51.073424,12.02921546
51.083504,12.02917487
51.093585,12.02913428
51.103665,12.0290937
51.113746,12.02905311
51.123825,12.02901252
51.133906,12.02897194
51.144009,12.02893135
51.154089,12.02889076
51.16417,12.02885018
51.174251,12.02880959
51.184332,12.02876901
51.194412,12.02872842
51.204493,12.02868783
51.214574,12.02864725
51.224653,12.02860666
51.234733,12.02856607
51.244839,12.02852549
51.254918,12.0284849
51.264999,12.02844431
51.275079,12.02840373
51.285159,12.02836314
51.29524,12.02832255
51.305321,12.02828197
51.315397,12.02824138
51.325478,12.02820079
51.335557,12.02816021
51.345659,12.02811962
51.35574,12.02807904
51.36582,12.02803845
51.375899,12.02799786
51.385981,12.02795728
51.396061,12.02791669
51.406141,12.02787575
51.416221,12.0278348
51.426302,12.02779386
51.436382,12.02775292
51.446472,12.02771162
51.456553,12.02767032
51.466633,12.02762902
51.476713,12.02758773
51.486793,12.02754643
51.496882,12.02750513
51.506965,12.02746383
51.517046,12.02742253
51.527126,12.02738123
51.537207,12.02733993
51.547324,12.02729864
51.557405,12.02725734
51.567485,12.02721604
51.577566,12.02717474
51.587647,12.02713344
51.597727,12.02709214
51.607807,12.02705085
51.617887,12.02700955
51.627968,12.02696825
51.638047,12.02692695
51.648151,12.02688565
51.658231,12.02684435
51.668312,12.02680305
51.678391,12.02676176
51.688471,12.02672046
51.698554,12.02667916
51.708634,12.02663786
51.718715,12.02659656
51.728798,12.02655526
51.738879,12.02651396
51.74899,12.02647267
51.759072,12.02643137
51.769153,12.02639007
51.779233,12.02634877
51.789313,12.02630747
51.799398,12.02626617
51.809478,12.02622488
51.819558,12.02618358
51.829636,12.02614228
51.839717,12.02610098
51.849821,12.02605968
51.859899,12.02601838
51.870005,12.02597744
51.880091,12.02593614
51.890172,12.02589484
51.90025,12.02585319
51.910332,12.02581153
51.92041,12.02576988
51.930491,12.02572858
51.940572,12.02568728
51.950684,12.02564598
51.960764,12.02560469
51.970845,12.02556339
51.980926,12.02552209
51.991007,12.02548079
52.001088,12.02543949
52.011169,12.02539819
52.021249,12.02535689
52.03133,12.0253156
52.041411,12.0252743
52.05149,12.025233
52.061571,12.0251917
52.071652,12.0251504
52.081732,12.0251091
52.091814,12.02506781
52.101894,12.02502651
52.111975,12.02498521
52.122055,12.02494391
52.132135,12.02490261
52.142216,12.02486131
52.152318,12.02482001
52.162398,12.02477872
52.17248,12.02473742
52.182561,12.02469612
52.192641,12.02465482
52.202722,12.02461352
52.212804,12.02457222
52.222885,12.02453092
52.232964,12.02448963
52.243044,12.02444833
52.253148,12.02440703
52.26323,12.02436573
52.273312,12.02432443
52.283392,12.02428313
52.293473,12.02424183
52.303553,12.02420054
52.313634,12.02415924
52.323714,12.02411794
52.333796,12.02407664
52.343876,12.02403534
52.354038,12.02399404
52.364122,12.02395275
52.374203,12.02391145
52.384284,12.02387015
52.394365,12.02382885
52.404443,12.02378755
52.414524,12.02374625
52.424605,12.0237046
52.434685,12.02366294
52.444767,12.02362129
52.454857,12.02357963
52.464938,12.02353798
52.47502,12.02349633
52.485101,12.02345432
52.495182,12.0234123
52.505263,12.02337029
52.515345,12.02332828
52.525425,12.02328627
52.535506,12.02324426
52.545588,12.02320225
52.555689,12.02316024
52.56577,12.02311823
52.575851,12.02307622
52.585931,12.02303421
52.59601,12.0229922
52.606091,12.02295019
52.616172,12.02290818
52.626253,12.02286617
52.636335,12.02282416
52.646417,12.02278215
52.656517,12.02274014
52.666599,12.02269813
52.67668,12.02265611
52.686762,12.0226141
52.696842,12.02257209
52.706924,12.02253008
52.717004,12.02248807
52.727089,12.02244606
52.737173,12.02240405
52.747255,12.02236204
52.757354,12.02232003
52.767444,12.02227802
52.777529,12.02223601
52.78761,12.022194
52.797692,12.02215199
52.807773,12.02210998
52.817854,12.02206797
52.827936,12.02202596
52.838018,12.02198395
52.848098,12.02194194
52.858192,12.02190028
52.868299,12.02185863
52.878396,12.02181733
52.888476,12.02177603
52.898551,12.02173473
52.908625,12.02169343
52.918703,12.02165213
52.928792,12.02161084
52.938868,12.02156954
52.948942,12.02152824
52.959031,12.02148694
52.969109,12.02144564
52.979187,12.02140434
52.989268,12.02136304
52.999348,12.02132175
53.009428,12.02128045
53.019507,12.02123915
53.029588,12.02119785
53.039667,12.02115655
53.049748,12.02111525
53.059839,12.02107396
53.069919,12.02103266
53.079999,12.02099136
53.090079,12.02095006
53.100159,12.02090876
53.110239,12.02086746
53.120318,12.02082616
53.130398,12.02078487
53.140478,12.02074357
53.150557,12.02070227
53.16066,12.02066097
53.170734,12.02061967
53.180814,12.02057837
53.190894,12.02053707
53.200982,12.02049578
53.211064,12.02045448
53.221145,12.02041318
53.231226,12.02037188
53.241306,12.02033058
53.251386,12.02028928
53.261476,12.02024799
53.271556,12.02020669
53.281638,12.02016539
53.291717,12.02012409
53.301798,12.02008279
53.311878,12.02004149
53.321983,12.02000019
53.332063,12.0199589
53.342143,12.0199176
53.352224,12.0198763
53.362302,12.019835
53.372382,12.0197937
53.382462,12.0197524
53.392552,12.0197111
53.402632,12.01966981
53.412713,12.01962815
53.422793,12.0195865
53.432875,12.01954449
53.442956,12.01950248
53.453036,12.01946047
53.463143,12.01941845
53.473223,12.01937644
53.483304,12.01933443
53.493384,12.01929242
53.503464,12.01925041
53.513544,12.0192084
53.523626,12.01916639
53.533706,12.01912438
53.543786,12.01908273
53.553866,12.01904143
53.563967,12.01900013
53.574047,12.01895883
53.584127,12.01891753
53.594205,12.01887623
53.604285,12.01883494
53.614365,12.01879364
53.624445,12.01875234
53.634525,12.01871104
53.644606,12.01866974
53.654685,12.01862844
53.664773,12.01858714
53.674853,12.01854585
53.684934,12.01850455
53.695014,12.01846325
53.705097,12.01842195
53.715178,12.01838065
53.725257,12.01833935
53.735338,12.01829805
53.745418,12.01825676
53.7555,12.01821546
53.765612,12.01817416
53.775691,12.01813286
53.785773,12.01809156
53.795853,12.01805026
53.805934,12.01800897
53.816013,12.01796767
53.826092,12.01792637
53.836185,12.01788507
53.846315,12.01784377
53.856393,12.01780247
53.866472,12.01776117
53.876567,12.01771988
53.886645,12.01767858
53.896726,12.01763728
53.906808,12.01759598
53.916889,12.01755468
53.92697,12.01751338
53.937048,12.01747208
53.947129,12.01743079
53.95721,12.01738949
53.967319,12.01734819
53.977399,12.01730689
53.98748,12.01726559
53.997561,12.01722429
54.007642,12.017183
54.01772,12.0171417
54.0278,12.0171004
54.037888,12.0170591
54.047969,12.0170178
54.058051,12.0169765
54.068162,12.0169352
54.078242,12.01689391
54.088322,12.01685261
54.098402,12.01681131
54.108482,12.01677001
54.118561,12.01672871
54.128641,12.01668741
54.138721,12.01664611
54.148801,12.01660482
54.158881,12.01656352
54.16897,12.01652222
54.179051,12.01648092
54.189131,12.01643962
54.199211,12.01639832
54.209293,12.01635703
54.219373,12.01631573
54.229451,12.01627443
54.239531,12.01623313
54.249611,12.01619183
54.25969,12.01615053
54.269798,12.01610923
54.279879,12.01606794
54.289983,12.01602664
54.300063,12.01598534
54.310142,12.01594404
54.320222,12.01590239
54.330302,12.01586073
54.340381,12.01581872
54.350461,12.01577671
54.360541,12.0157347
54.370629,12.01569269
54.38071,12.01565068
54.390798,12.01560867
54.400879,12.01556701
54.41096,12.01552536
54.42104,12.0154837
54.43112,12.01544241
54.4412,12.01540075
54.451279,12.01535945
54.461359,12.01531815
54.471464,12.01527686
54.481544,12.01523556
54.491624,12.01519426
54.501705,12.01515296
54.511785,12.01511166
54.521865,12.01507036
54.531945,12.01502907
54.542026,12.01498777
54.552105,12.01494647
54.562185,12.01490517
54.572287,12.01486387
54.582367,12.01482257
54.592446,12.01478127
54.602527,12.01473998
54.612606,12.01469868
54.622686,12.01465738
54.632766,12.01461608
54.642843,12.01457478
54.652924,12.01453348
54.663004,12.01449218
54.673093,12.01445089
54.683173,12.01440959
54.693252,12.01436829
54.703343,12.01432699
54.713424,12.01428569
54.723512,12.01424439
54.733596,12.01420309
54.743677,12.0141618
54.753758,12.0141205
54.763838,12.0140792
54.773946,12.0140379
54.784027,12.0139966
54.794107,12.0139553
54.804186,12.01391401
54.814267,12.01387271
54.824347,12.01383141
54.834426,12.01379011
54.844507,12.01374881
54.854587,12.01370751
54.864666,12.01366621
54.874791,12.01362492
54.884872,12.01358362
54.894947,12.01354232
54.905024,12.01350102
54.915103,12.01345972
54.925183,12.01341842
54.935265,12.01337712
54.945346,12.01333583
54.955426,12.01329453
54.965506,12.01325323
54.975598,12.01321193
54.985675,12.01317063
54.995756,12.01312933
55.005836,12.01308804
55.015917,12.01304674
55.025997,12.01300544
55.036077,12.01296414
55.046157,12.01292284
55.056236,12.01288154
55.066316,12.01284024
55.076405,12.01279895
55.086485,12.01275765
55.096565,12.01271635
55.106645,12.01267505
55.116724,12.01263375
55.126803,12.01259245
55.136883,12.01255115
55.146963,12.01250986
55.157042,12.01246856
55.167122,12.01242726
55.177224,12.01238596
55.187304,12.01234466
55.197384,12.01230336
55.207466,12.01226207
55.217547,12.01222112
55.227628,12.01218054
55.237708,12.01213959
55.247788,12.01209865
55.257868,12.01205771
55.267947,12.01201641
55.278036,12.01197511
55.288116,12.01193381
55.298205,12.01189252
55.308285,12.01185122
55.318364,12.01180992
55.328444,12.01176862
55.338523,12.01172732
55.348603,12.01168602
55.358683,12.01164472
55.368762,12.01160343
55.378879,12.01156213
55.388959,12.01152083
55.399042,12.01147953
55.409122,12.01143823
55.419202,12.01139693
55.429282,12.01135563
55.439362,12.01131434
55.449442,12.01127304
55.459522,12.01123174
55.469603,12.01119044
55.479708,12.01114914
55.489788,12.01110784
55.499868,12.01106655
55.509948,12.01102525
55.520028,12.01098395
55.530108,12.01094265
55.540188,12.01090135
55.550267,12.01086005
55.560346,12.01081875
55.570423,12.01077746
55.580527,12.01073616
55.590607,12.01069486
55.600687,12.01065356
55.610766,12.01061226
55.620845,12.01057096
55.630925,12.01052966
55.641004,12.01048837
55.651084,12.01044707
55.661164,12.01040577
55.671245,12.01036447
55.681346,12.01032317
55.691426,12.01028187
55.701515,12.01024057
55.711596,12.01019928
55.721675,12.01015798
55.731765,12.01011668
55.741845,12.01007538
55.751926,12.01003408
55.762006,12.00999278
55.772086,12.00995149
55.782179,12.00991019
55.792258,12.00986889
55.802338,12.00982759
55.812418,12.00978629
55.822497,12.00974535
55.832578,12.00970441
55.842657,12.00966382
55.852738,12.00962323
55.862817,12.00958265
55.872908,12.00954206
55.883013,12.00950147
55.893086,12.00946089
55.90316,12.0094203
55.913242,12.00937971
55.923324,12.00933913
55.933406,12.00929854
55.943487,12.00925796
55.953567,12.00921737
55.963647,12.00917678
55.973728,12.0091362
55.983817,12.00909561
55.9939,12.00905502
56.003979,12.00901444
56.01406,12.00897385
56.02414,12.00893326
56.034219,12.00889268
56.044299,12.00885209
56.054378,12.0088115
56.064458,12.00877092
56.074538,12.00873033
56.08464,12.00868975
56.094721,12.00864916
56.1048,12.00860857
56.114879,12.00856799
56.124959,12.0085274
56.135039,12.00848681
56.145119,12.00844623
56.155199,12.00840564
56.165279,12.00836505
56.175358,12.00832447
56.185458,12.00828388
56.195537,12.00824329
56.205635,12.00820271
56.215718,12.00816212
56.2258,12.00812153
56.23588,12.00808095
56.245982,12.00804036
56.256062,12.00799978
56.266143,12.00795919
56.276224,12.0079186
56.286317,12.00787802
56.296398,12.00783743
56.306477,12.00779684
56.316557,12.00775626
56.326637,12.00771567
56.336717,12.00767508
56.346796,12.0076345
56.356876,12.00759391
56.366957,12.00755332
56.377037,12.00751274
56.387139,12.00747215
56.397221,12.00743156
56.407302,12.00739098
56.417381,12.00735039
56.427461,12.00730981
56.437539,12.00726886
56.447618,12.00722792
56.457699,12.00718698
56.467779,12.00714604
56.477859,12.00710509
56.487964,12.00706415
56.498049,12.00702321
56.50813,12.00698191
56.518209,12.00694061
56.52829,12.00689967
56.538369,12.00685873
56.548449,12.00681814
56.558537,12.00677755
56.568619,12.00673697
56.578699,12.00669638
56.588817,12.00665579
56.598897,12.00661521
56.608977,12.00657462
56.619058,12.00653403
56.629137,12.00649345
56.639217,12.00645286
56.649297,12.00641228
56.659376,12.00637169
56.669456,12.0063311
56.679535,12.00629052
56.689625,12.00624993
56.699706,12.00620934
56.709786,12.00616876
56.719865,12.00612817
56.729952,12.00608758
56.740036,12.006047
56.750116,12.00600641
56.760195,12.00596582
56.770275,12.00592524
56.780354,12.00588465
56.790445,12.00584406
56.800528,12.00580348
56.810607,12.00576289
56.820686,12.00572231
56.830765,12.00568172
56.840845,12.00564113
56.850924,12.00560055
56.861004,12.00555996
56.871115,12.00551937
56.881195,12.00547879
56.891274,12.0054382
56.901436,12.00539761
56.911514,12.00535703
56.921591,12.00531644
56.931674,12.00527585
56.94175,12.00523527
56.951828,12.00519468
56.96191,12.00515409
56.97199,12.00511351
56.982071,12.00507292
56.992178,12.00503234
57.002259,12.00499175
57.012339,12.00495116
57.022419,12.00491058
57.032499,12.00486999
57.042579,12.0048294
57.052659,12.00478882
57.062738,12.00474823
57.072818,12.00470764
57.082898,12.00466706
57.093001,12.00462647
57.103081,12.00458588
57.11316,12.00454565
57.12324,12.00450578
57.13332,12.00446591
57.143399,12.00442603
57.153479,12.00438616
57.163559,12.00434628
57.173638,12.00430641
57.183718,12.00426653
57.193806,12.00422666
57.203884,12.00418678
57.213988,12.00414691
57.224068,12.00410704
57.234148,12.00406716
57.244228,12.00402729
57.254307,12.00398741
57.264387,12.00394754
57.274467,12.00390766
57.284547,12.00386779
57.294636,12.00382791
57.304716,12.00378804
57.314795,12.00374817
57.324874,12.00370829
57.334953,12.00366842
57.345032,12.00362854
57.355112,12.00358867
57.365191,12.00354879
57.375271,12.00350892
57.385349,12.00346904
57.395461,12.00342917
57.405542,12.0033893
57.415621,12.00334942
57.425701,12.00330955
57.435781,12.00326967
57.44586,12.0032298
57.455939,12.00318992
57.46602,12.00315005
57.4761,12.00311018
57.48618,12.0030703
57.496284,12.00303043
57.506363,12.00299055
57.516443,12.00295068
57.526524,12.0029108
57.536603,12.00287093
57.546683,12.00283105
57.556762,12.00279118
57.566841,12.00275131
57.576921,12.00271143
57.587001,12.00267156
57.597089,12.00263168
57.607168,12.00259181
57.617247,12.00255193
57.627327,12.00251206
57.637407,12.00247218
57.647486,12.00243231
57.657565,12.00239244
57.667644,12.00235256
57.677724,12.00231269
57.687803,12.00227281
57.697886,12.00223294
57.707969,12.00219342
57.718052,12.00215426
57.728137,12.00211509
57.738223,12.00207593
57.748304,12.00203677
57.758385,12.00199761
57.768466,12.00195845
57.778546,12.00191928
57.788626,12.00188012
57.798729,12.00184096
57.808809,12.0018018
57.818888,12.00176263
57.82898,12.00172312
57.83906,12.00168324
57.84914,12.00164337
57.859221,12.00160349
57.86933,12.00156362
57.879427,12.00152374
57.889506,12.00148387
57.899611,12.00144399
57.909686,12.00140412
57.919768,12.00136425
57.92985,12.00132437
57.939929,12.0012845
57.95001,12.00124462
57.96009,12.00120475
57.970167,12.00116487
57.980247,12.001125
57.990328,12.00108512
58.000417,12.00104525
58.010497,12.00100538
58.020577,12.0009655
58.030657,12.00092563
58.040737,12.00088575
58.050817,12.00084588
58.060897,12.000806
58.070977,12.00076613
58.081057,12.00072625
58.091136,12.00068638
58.101238,12.00064651
58.111317,12.00060663
58.121397,12.00056676
58.131476,12.00052688
58.141556,12.00048701
58.151635,12.00044713
58.161715,12.00040726
58.171794,12.00036738
58.181874,12.00032751
58.191954,12.00028764
58.202053,12.00024776
58.212136,12.00020789
58.222215,12.00016801
58.232295,12.00012814
58.242374,12.00008826
58.252455,12.00004839
58.262535,12.00000852
58.272615,11.99996864
58.282694,11.99992877
58.292772,11.99988889
58.302862,11.99984902
58.312942,11.99980914
58.323022,11.99976927
58.333101,11.99972975
58.343181,11.99969023
58.35326,11.99965107
58.36334,11.99961191
58.373419,11.99957274
58.383499,11.99953358
58.393583,11.99949442
58.403688,11.99945526
58.413768,11.9994161
58.423848,11.99937693
58.433929,11.99933777
58.444009,11.99929861
58.454088,11.99925945
58.464168,11.99922028
58.474247,11.99918112
58.484325,11.99914196
58.494404,11.9991028
58.504507,11.99906363
58.514586,11.99902447
58.524667,11.99898531
58.534746,11.99894615
58.544825,11.99890698
58.554905,11.99886782
58.564984,11.99882866
58.575064,11.9987895
58.585143,11.99875034
58.595223,11.99871117
58.60531,11.99867201
58.61539,11.99863285
58.62547,11.99859369
58.635549,11.99855452
58.645628,11.99851536
58.655707,11.9984762
58.665787,11.99843704
58.675866,11.99839787
58.685945,11.99835871
58.696024,11.99831955
58.706138,11.99828039
58.716218,11.99824122
58.726307,11.99820206
58.736389,11.9981629
58.746469,11.99812374
58.756548,11.99808457
58.766628,11.99804541
58.776708,11.99800625
58.786788,11.99796709
58.796867,11.99792793
58.806957,11.99788876
58.817038,11.99784996
58.827117,11.99781115
58.837197,11.9977727
58.847277,11.99773425
58.857357,11.9976958
58.868786,11.99765735
58.878888,11.9976189
58.888964,11.99758045
58.89904,11.997542
58.909142,11.99750355
58.919224,11.9974651
58.929305,11.99742665
58.939385,11.9973882
58.949465,11.99734975
58.959545,11.9973113
58.969627,11.99727285
58.979705,11.9972344
58.989786,11.99719594
58.999866,11.99715749
59.009956,11.99711904
59.020037,11.99708059
59.030117,11.99704214
59.040198,11.99700369
59.050277,11.99696524
59.060358,11.99692679
59.070439,11.99688834
59.080519,11.99684989
59.090611,11.99681144
59.100692,11.99677299
59.110812,11.99673454
59.120892,11.99669609
59.130972,11.99665764
59.141052,11.99661919
59.151131,11.99658038
59.16121,11.99654158
59.171291,11.99650277
59.18137,11.99646361
59.19145,11.99642445
59.20153,11.99638528
59.21164,11.99634648
59.221721,11.99630767
59.231802,11.99626922
59.241881,11.99623077
59.251961,11.99619232
59.262041,11.99615387
59.272121,11.99611542
59.282201,11.99607697
59.292281,11.99603852
59.302361,11.99600007
59.312464,11.99596162
59.322544,11.99592317
59.332625,11.99588472
59.342704,11.99584627
59.352784,11.99580782
59.362863,11.99576937
59.372943,11.99573092
59.383023,11.99569247
59.393103,11.99565402
59.403184,11.99561557
59.413275,11.99557711
59.423355,11.99553866
59.433435,11.99550021
59.443514,11.99546176
59.453594,11.99542331
59.463674,11.99538486
59.473753,11.99534641
59.483833,11.99530796
59.493913,11.99526951
59.503992,11.99523106
59.514094,11.99519261
59.524173,11.99515416
59.534254,11.99511571
59.544333,11.99507726
59.554412,11.99503881
59.564492,11.99500036
59.574572,11.99496227
59.584652,11.99492453
59.594731,11.99488679
59.60481,11.99484905
59.614898,11.99481131
59.624977,11.99477357
59.635056,11.99473584
59.645135,11.9946981
59.655214,11.99466036
59.665294,11.99462262
59.675373,11.99458488
59.685452,11.99454714
59.695531,11.99450941
59.70562,11.99447167
59.715727,11.99443393
59.72581,11.99439619
59.735896,11.99435845
59.745975,11.99432071
59.756056,11.99428298
59.766136,11.99424524
59.776217,11.9942075
59.786297,11.99416976
59.796377,11.99413202
59.806456,11.99409429
59.816545,11.99405655
59.826625,11.99401881
59.836705,11.99398107
59.846785,11.99394333
59.856864,11.99390559
59.868794,11.99386786
59.878898,11.99383012
59.888976,11.99379238
59.899051,11.99375464
59.909125,11.9937169
59.919205,11.99367916
59.929293,11.99364143
59.939374,11.99360369
59.949454,11.99356595
59.959534,11.99352821
59.969613,11.99349047
59.979693,11.99345273
59.989772,11.993415
59.999851,11.99337726
60.009929,11.99333952
60.020008,11.99330178
60.030088,11.99326404
60.040169,11.9932263
60.050249,11.99318857
60.06033,11.99315083
60.070409,11.99311309
60.08049,11.99307535
60.090569,11.99303761
60.10065,11.99299987
60.11073,11.99296178
60.120834,11.99292369
60.130914,11.99288524
60.140994,11.99284714
60.151074,11.99280905
60.161154,11.99277131
60.171234,11.99273357
60.181314,11.99269583
60.191393,11.99265809
60.201473,11.99262036
60.211555,11.99258262
60.221646,11.99254488
60.231726,11.99250714
60.241806,11.9924694
60.251887,11.99243166
60.26199,11.99239393
60.27207,11.99235619
60.282149,11.99231845
60.292229,11.99228071
60.302309,11.99224297
60.312389,11.99220523
60.322491,11.9921675
60.332571,11.99212976
60.342653,11.99209202
60.352732,11.99205428
60.405092,11.99201654
60.415175,11.9919788
60.425271,11.99194107
60.435341,11.99190333
60.445409,11.99186559
60.455477,11.99182785
60.465545,11.99179047
60.475612,11.99175344
60.48568,11.99171642
60.495748,11.99167939
60.505815,11.99164236
60.515883,11.99160534
60.52597,11.99156831
60.536052,11.99153129
60.546132,11.99149426
60.556212,11.99145723
60.566293,11.99142021
60.576373,11.99138318
60.586453,11.99134615
60.59653,11.99130913
60.60661,11.9912721
60.61669,11.99123508
60.626779,11.99119805
60.636859,11.99116102
60.646939,11.991124
60.657019,11.99108697
60.667099,11.99104994
60.677178,11.99101292
60.687258,11.99097589
60.697337,11.99093887
60.707426,11.99090184
60.717508,11.99086481
60.727621,11.99082779
60.737705,11.99079076
60.747784,11.99075373
60.757864,11.99071671
60.767945,11.99067968
60.778026,11.99064266
60.788103,11.99060563
60.798183,11.9905686
60.808262,11.99053158
60.818342,11.99049455
60.82843,11.99045752
60.838509,11.99042085
60.848588,11.99038454
60.858668,11.99034823
60.868802,11.99031191
60.879013,11.9902756
60.889093,11.99023928
60.899169,11.99020297
60.909244,11.99016666
60.919321,11.99013034
60.929435,11.99009403
60.93951,11.99005771
60.949584,11.9900214
60.959666,11.98998508
60.969745,11.98994877
60.979825,11.98991246
60.989905,11.98987614
60.999986,11.98983983
61.010066,11.98980351
61.020147,11.9897672
61.030237,11.98973088
61.040316,11.98969457
61.050396,11.98965826
61.060476,11.98962194
61.070555,11.98958563
61.080634,11.98954931
61.090713,11.989513
61.100792,11.98947633
61.110872,11.98944002
61.120951,11.98940334
61.131056,11.98936667
61.141135,11.98932965
61.151215,11.98929262
61.161294,11.9892556
61.171374,11.98921857
61.181453,11.98918154
61.191534,11.98914452
61.201613,11.98910749
61.211699,11.98907046
61.221781,11.98903344
61.231887,11.98899641
61.24199,11.98895939
61.252071,11.98892236
61.26215,11.98888533
61.27223,11.98884866
61.282309,11.98881235
61.292389,11.98877603
61.302469,11.98873972
61.312548,11.98870341
61.322628,11.98866709
61.332728,11.98863078
61.342808,11.98859446
61.352888,11.98855815
61.362966,11.98852184
61.373045,11.98848552
61.383125,11.98844921
61.393204,11.98841289
61.403289,11.98837658
61.41337,11.98834026
61.42345,11.98830431
61.43354,11.9882687
61.44362,11.9882331
61.4537,11.9881975
61.46378,11.9881619
61.47386,11.9881263
61.48394,11.98809069
61.494049,11.98805509
61.504129,11.98801949
61.514208,11.98798389
61.524288,11.98794828
61.53439,11.98791268
61.544471,11.98787708
61.554548,11.98784148
61.564628,11.98780588
61.574708,11.98777027
61.584787,11.98773467
61.594867,11.98769907
61.604947,11.98766347
61.615028,11.98762787
61.625114,11.98759226
61.635209,11.98755666
61.645291,11.98752106
61.655371,11.98748546
61.665451,11.98744985
61.675531,11.98741425
61.68561,11.98737865
61.695689,11.98734305
61.705769,11.98730745
61.715852,11.98727184
61.725937,11.98723624
61.736023,11.98720064
61.746103,11.98716504
61.756184,11.98712944
61.766263,11.98709383
61.776343,11.98705823
61.786423,11.98702263
61.796503,11.98698703
61.806584,11.98695142
61.816666,11.98691582
61.826745,11.98688022
61.836852,11.98684462
61.846933,11.98680902
61.857012,11.98677341
61.868795,11.98673781
61.878899,11.98670221
61.888977,11.98666696
61.899057,11.98663172
61.909138,11.98659683
61.919225,11.98656194
61.929307,11.98652705
61.939393,11.98649216
61.949476,11.98645727
61.959569,11.98642238
61.96965,11.98638749
61.979726,11.9863526
61.989805,11.98631771
61.999886,11.98628282
62.009979,11.98624793
62.02006,11.98621304
62.030141,11.98617815
62.040247,11.98614326
62.050325,11.98610837
62.060405,11.98607348
62.070486,11.98603859
62.080568,11.9860037
62.090649,11.9859688
62.10073,11.98593391
62.11081,11.98589902
62.12089,11.98586413
62.13097,11.98582924
62.141057,11.98579435
62.151139,11.98575946
62.161217,11.98572457
62.171295,11.98568968
62.181375,11.98565479
62.191457,11.9856199
62.201537,11.98558501
62.211629,11.98555012
62.221711,11.98551523
62.231792,11.98548034
62.241884,11.98544545
62.251964,11.98541056
62.262045,11.98537567
62.272125,11.98534114
62.282206,11.98530696
62.292286,11.98527278
62.302366,11.9852386
62.312446,11.98520443
62.322526,11.98517025
62.332606,11.98513607
62.342708,11.98510189
62.352788,11.98506771
62.362867,11.98503354
62.372947,11.98499936
62.383027,11.98496518
62.393105,11.984931
62.403193,11.98489682
62.413276,11.98486265
62.423355,11.98482847
62.433436,11.98479429
62.443528,11.98476011
62.453609,11.98472593
62.463688,11.98469176
62.473767,11.98465758
62.483847,11.98462304
62.493927,11.98458851
62.504007,11.98455362
62.514086,11.98451909
62.524166,11.98448419
62.534246,11.9844493
62.54435,11.98441441
62.554431,11.98437952
62.564509,11.98434463
62.574589,11.98430974
62.584671,11.98427485
62.594749,11.98423996
62.604828,11.98420543
62.614907,11.98417125
62.624988,11.98413707
62.635067,11.9841029
62.645147,11.98406872
62.655227,11.98403454
62.665304,11.98400036
62.675385,11.98396618
62.685465,11.98393201
62.695544,11.98389783
62.705623,11.98386365
62.715705,11.98382947
62.725816,11.98379529
62.735898,11.98376112
62.746009,11.98372694
62.756091,11.98369276
62.766173,11.98365858
62.776256,11.9836244
62.786338,11.98359022
62.79642,11.98355605
62.806502,11.98352187
62.816583,11.98348769
62.826666,11.98345351
62.836744,11.98341933
62.846834,11.98338516
62.856917,11.98335133
62.866999,11.98331787
62.8771,11.9832844
62.887183,11.98325094
62.897265,11.98321747
62.907344,11.983184
62.917427,11.98315054
62.927518,11.98311707
62.937598,11.98308361
62.947767,11.98305014
62.957847,11.98301667
62.967925,11.98298321
62.978004,11.98294974
62.988082,11.98291628
62.998161,11.98288281
63.008238,11.98284934
63.018314,11.98281588
63.028392,11.98278241
63.038467,11.98274895
63.048543,11.98271548
63.058622,11.98268201
63.068705,11.98264855
63.078787,11.98261508
63.088869,11.98258162
63.098951,11.98254815
63.109032,11.98251468
63.119113,11.98248122
63.129194,11.98244775
63.139275,11.98241429
63.149354,11.98238082
63.159435,11.98234735
63.169516,11.98231389
63.179597,11.98228042
63.189679,11.98224731
63.199759,11.98221456
63.209839,11.9821818
63.219921,11.98214905
63.230002,11.9821163
63.240083,11.98208354
63.250189,11.98205079
63.260271,11.98201803
63.270353,11.98198528
63.280434,11.98195253
63.290515,11.98191977
63.300595,11.98188702
63.310677,11.98185426
63.320758,11.98182151
63.330839,11.98178876
63.34092,11.981756
63.351009,11.98172325
63.36109,11.98169049
63.371172,11.98165774
63.381253,11.98162499
63.391334,11.98159223
63.401413,11.98155948
63.411499,11.98152672
63.421583,11.98149397
63.431665,11.98146122
63.441746,11.98142846
63.451852,11.98139571
63.461933,11.98136295
63.472015,11.9813302
63.482096,11.98129745
63.492178,11.98126469
63.502259,11.98123194
63.512343,11.98119918
63.522426,11.98116643
63.532507,11.98113368
63.542588,11.98110092
63.552695,11.98106817
63.562775,11.98103541
63.572856,11.98100266
63.582938,11.98096991
63.593019,11.98093715
63.603095,11.9809044
63.613176,11.98087164
63.623257,11.98083889
63.633337,11.98080578
63.643418,11.98077303
63.65352,11.98074027
63.663601,11.98070823
63.673682,11.98067583
63.683763,11.98064379
63.693843,11.98061139
63.703923,11.98057935
63.714003,11.98054695
63.724084,11.98051455
63.734165,11.98048216
63.744247,11.9804494
63.754359,11.98041665
63.76444,11.98038389
63.774522,11.98035114
63.784603,11.98031839
63.794684,11.98028563
63.804765,11.98025288
63.814846,11.98022012
63.824927,11.98018737
63.835008,11.98015462
63.845089,11.98012186
63.855177,11.98008911
63.865259,11.98005635
63.875352,11.9800236
63.885441,11.97999085
63.895516,11.97995809
63.905594,11.97992534
63.915672,11.97989258
63.925753,11.97985983
63.935831,11.97982708
63.945914,11.97979432
63.955999,11.97976157
63.966081,11.97972881
63.976163,11.97969606
63.986244,11.97966331
63.996327,11.97963055
64.006408,11.9795978
64.016489,11.97956505
64.026571,11.97953229
64.036651,11.97949954
64.046733,11.97946678
64.056837,11.97943403
64.066918,11.97940128
64.076999,11.97936852
64.08708,11.97933577
64.09716,11.97930337
64.107241,11.97927133
64.117319,11.97923929
64.127401,11.97920724
64.137482,11.9791752
64.147563,11.97914316
64.157667,11.97911112
64.167748,11.97907908
64.177829,11.97904703
64.187926,11.97901499
64.198009,11.97898295
64.208091,11.97895091
64.218173,11.97891887
64.228254,11.97888682
64.238335,11.97885478
64.248416,11.97882274
64.258532,11.9787907
64.268612,11.97875866
64.278693,11.97872661
64.288773,11.97869457
64.298854,11.97866253
64.308935,11.97863049
64.319016,11.97859845
64.329098,11.9785664
64.339179,11.97853436
64.349259,11.97850232
64.359364,11.97847028
64.369445,11.97843824
64.379526,11.97840619
64.389607,11.97837415
64.399689,11.97834211
64.40977,11.97831007
64.419851,11.97827803
64.429932,11.97824599
64.440012,11.97821394
64.450093,11.97818226
64.460185,11.97815093
64.470266,11.9781196
64.480347,11.97808827
64.490428,11.97805694
64.500511,11.97802561
64.510592,11.97799428
64.520711,11.97796295
64.531434,11.97793162
64.541516,11.97790029
64.551598,11.97786896
64.561761,11.97783763
64.571839,11.9778063
64.581916,11.97777497
64.591993,11.97774364
64.60207,11.97771231
64.612146,11.97768098
64.622223,11.97764965
64.632301,11.97761832
64.642377,11.97758699
64.652453,11.97755566
64.662578,11.97752469
64.672659,11.97749407
64.682739,11.97746345
64.692815,11.97743283
64.702894,11.97740221
64.71298,11.9773716
64.723061,11.97734098
64.733147,11.97731036
64.743226,11.97727974
64.753306,11.97724912
64.763417,11.97721851
64.773497,11.97718789
64.783577,11.97715692
64.793657,11.9771263
64.803737,11.97709532
64.813817,11.97706471
64.823898,11.97703373
64.833977,11.97700311
64.844057,11.97697214
64.854137,11.97694117
64.86424,11.97690984
64.874346,11.97687851
64.884423,11.97684753
64.894501,11.97681691
64.904581,11.9767863
64.914661,11.97675568
64.924741,11.97672506
64.934821,11.97669444
64.944896,11.97666383
64.954974,11.97663321
64.965068,11.97660259
64.975149,11.97657197
64.98523,11.97654135
64.995312,11.97651074
65.005392,11.97648012
65.015473,11.9764495
65.025553,11.97641888
65.035633,11.97638826
65.045713,11.97635765
65.055792,11.97632703
65.065881,11.97629641
65.075962,11.97626579
65.086042,11.97623518
65.096123,11.97620456
65.106202,11.97617394
65.116282,11.97614332
65.126361,11.9761127
65.136442,11.97608209
65.146521,11.97605147
65.156602,11.97602085
65.166705,11.97599059
65.176786,11.97596033
65.186865,11.97593042
65.196945,11.97590052
65.207026,11.97587061
65.217106,11.9758407
65.227186,11.9758108
65.237266,11.97578089
65.247345,11.97575099
65.257425,11.97572108
65.267528,11.97569117
65.277609,11.97566127
65.287689,11.97563136
65.297769,11.97560146
65.307849,11.97557155
65.317929,11.97554165
65.328008,11.97551174
65.338089,11.97548183
65.34817,11.97545193
65.358249,11.97542202
65.368352,11.97539212
65.378432,11.97536221
65.388511,11.9753323
65.39859,11.9753024
65.408672,11.97527249
65.418752,11.97524259
65.428832,11.97521268
65.438911,11.97518242
65.448991,11.97515251
65.459079,11.97512225
65.469171,11.97509199
65.479251,11.97506173
65.489331,11.97503111
65.499411,11.97500085
65.509491,11.97497023
65.51957,11.97494032
65.529651,11.97491006
65.539731,11.97488016
65.549811,11.97485025
65.559891,11.97482035
65.569996,11.97479044
65.580075,11.97476053
65.590156,11.97473063
65.600234,11.97470072
65.610314,11.97467082
65.620393,11.97464091
65.630473,11.974611
65.640553,11.9745811
65.65063,11.97455119
65.660709,11.97452129
65.670811,11.97449138
65.680892,11.97446148
65.690974,11.97443157
65.701054,11.97440166
65.711132,11.97437176
65.721213,11.97434185
65.731306,11.97431195
65.741387,11.9742824
65.75147,11.9742532
65.761551,11.97422401
65.771661,11.97419482
65.781742,11.97416562
65.791822,11.97413643
65.801902,11.97410723
65.811982,11.97407804
65.822063,11.97404885
65.832143,11.97401965
65.842223,11.97399046
65.852303,11.97396127
65.862383,11.97393207
65.872531,11.97390288
65.882612,11.97387368
65.892689,11.97384449
65.902769,11.9738153
65.91285,11.9737861
65.922929,11.97375691
65.933009,11.97372772
65.943091,11.97369852
65.953171,11.97366933
65.96325,11.97364013
65.973335,11.97361094
65.983415,11.97358175
65.993496,11.97355255
66.003577,11.97352336
66.013657,11.97349417
66.023737,11.97346497
66.033817,11.97343578
66.043897,11.97340658
66.053977,11.97337739
66.064056,11.9733482
66.074162,11.973319
66.084241,11.97328981
66.094319,11.97326062
66.104397,11.97323142
66.114475,11.97320258
66.124553,11.97317375
66.134633,11.97314526
66.144713,11.97311678
66.154793,11.9730883
66.16487,11.97305982
66.174978,11.97303134
66.185058,11.97300286
66.195138,11.97297437
66.205219,11.97294589
66.215299,11.97291741
66.22538,11.97288893
66.235459,11.97286045
66.24554,11.97283197
66.255618,11.97280348
66.265699,11.972775
66.275803,11.97274652
66.285882,11.97271804
66.295962,11.97268956
66.306041,11.97266107
66.316121,11.97263259
66.3262,11.97260411
66.336277,11.97257563
66.346357,11.97254715
66.356436,11.97251867
66.366515,11.97249018
66.376603,11.9724617
66.386683,11.97243322
66.396762,11.97240474
66.406851,11.97237626
66.416932,11.97234778
66.427013,11.97231965
66.437093,11.97229188
66.447172,11.97226411
66.457252,11.97223634
66.467332,11.97220857
66.477435,11.9721808
66.487516,11.97215303
66.497596,11.97212526
66.507676,11.97209749
66.517756,11.97206972
66.527835,11.97204195
66.537915,11.97201418
66.547995,11.97198641
66.558075,11.97195864
66.568154,11.97193087
66.578242,11.9719031
66.588322,11.97187534
66.598401,11.97184757
66.608482,11.9718198
66.618561,11.97179203
66.628641,11.97176426
66.63872,11.97173613
66.648799,11.97170836
66.658878,11.97168024
66.668958,11.97165247
66.679058,11.97162434
66.689138,11.97159657
66.699218,11.97156844
66.709297,11.97154032
66.719382,11.97151184
66.72947,11.97148336
66.73955,11.97145487
66.749631,11.97142639
66.759711,11.97139827
66.769791,11.9713705
66.7799,11.97134273
66.789981,11.97131496
66.800063,11.97128719
66.810144,11.97125942
66.820224,11.97123165
66.830304,11.97120388
66.840383,11.97117611
66.850463,11.97114834
66.860543,11.97112057
66.870653,11.9710928
66.880765,11.97106503
66.890843,11.97103726
66.900921,11.97100949
66.911001,11.97098172
66.921081,11.97095395
66.931159,11.97092618
66.94124,11.97089841
66.95132,11.97087064
66.9614,11.97084287
66.97148,11.9708151
66.981569,11.97078733
66.991649,11.97075956
67.00173,11.97073179
67.01181,11.97070438
67.021891,11.97067732
67.03197,11.97065027
67.042051,11.97062321
67.05213,11.97059615
67.06221,11.97056909
67.07229,11.97054203
67.082379,11.97051498
67.092457,11.97048792
67.102537,11.97046086
67.112617,11.9704338
67.122697,11.97040675
67.132776,11.97037969
67.142857,11.97035263
67.152937,11.97032557
67.163017,11.97029852
67.173097,11.97027146
67.183198,11.9702444
67.193279,11.97021734
67.203359,11.97019029
67.213436,11.97016323
67.223516,11.97013617
67.233596,11.97010911
67.243676,11.97008205
67.253755,11.970055
67.263836,11.97002794
67.273914,11.97000088
67.28402,11.96997382
67.2941,11.96994677
67.30418,11.96991971
67.314259,11.96989265
67.324339,11.96986559
67.334419,11.96983854
67.344497,11.96981148
67.354576,11.96978442
67.364655,11.96975736
67.374734,11.96973031
67.384834,11.9697036
67.394914,11.96967726
67.405008,11.96965091
67.415089,11.96962457
67.42517,11.96959822
67.435251,11.96957188
67.445332,11.96954553
67.455412,11.96951918
67.465492,11.96949284
67.475572,11.96946649
67.485676,11.96944015
67.495757,11.9694138
67.505837,11.96938746
67.515917,11.96936111
67.525996,11.96933477
67.536076,11.96930842
67.546155,11.96928207
67.556235,11.96925573
67.566316,11.96922938
67.576396,11.96920304
67.586485,11.96917669
67.596566,11.96915035
67.606646,11.969124
67.616726,11.96909766
67.626806,11.96907131
67.636886,11.96904496
67.646966,11.96901862
67.657045,11.96899227
67.667125,11.96896593
67.677205,11.96893958
67.687305,11.96891324
67.697385,11.96888725
67.707465,11.96886126
67.717546,11.96883562
67.727633,11.96880999
67.737715,11.96878436
67.747795,11.96875872
67.757875,11.96873309
67.767957,11.96870746
67.778038,11.96868182
67.788127,11.96865619
67.798206,11.96863055
67.808286,11.96860492
67.818365,11.96857929
67.828445,11.96855365
67.838524,11.96852802
67.848604,11.96850239
67.858684,11.96847675
67.868784,11.96845112
67.87888,11.96842549
67.888986,11.96839985
67.899069,11.96837422
67.90915,11.96834859
67.91923,11.96832295
67.929309,11.96829732
67.939389,11.96827169
67.949469,11.96824605
67.95955,11.96822042
67.96963,11.96819478
67.97972,11.96816915
67.989806,11.96814352
67.999886,11.96811788
68.009988,11.96809225
68.020068,11.96806697
68.030148,11.96804205
68.040228,11.96801713
68.050308,11.96799221
68.060387,11.96796729
68.070467,11.96794237
68.080547,11.96791744
68.09065,11.96789252
68.10073,11.9678676
68.110809,11.96784268
68.120892,11.96781776
68.130973,11.96779284
68.141053,11.96776791
68.151133,11.96774299
68.161212,11.96771807
68.171293,11.96769315
68.181373,11.96766823
68.191479,11.96764331
68.201559,11.96761839
68.211637,11.96759346
68.221719,11.96756854
68.231799,11.96754362
68.241884,11.9675187
68.251966,11.96749378
68.262046,11.96746886
68.272126,11.96744429
68.282206,11.96742008
68.292312,11.96739587
68.302392,11.96737166
68.312472,11.96734745
68.322551,11.96732324
68.33263,11.96729903
68.342709,11.96727482
68.352787,11.96725062
68.362866,11.96722641
68.372945,11.9672022
68.383025,11.96717799
68.393127,11.96715378
68.403207,11.96712957
68.413289,11.96710536
68.423369,11.96708115
68.433448,11.96705694
68.443528,11.96703273
68.453607,11.96700852
68.463687,11.96698431
68.473766,11.9669601
68.483846,11.96693589
68.493935,11.96691168
68.504014,11.96688747
68.514094,11.96686326
68.524174,11.96683905
68.534257,11.96681484
68.544338,11.96679064
68.554418,11.96676643
68.564498,11.96674222
68.574577,11.96671801
68.584657,11.9666938
68.594747,11.96666959
68.604826,11.96664538
68.614906,11.96662117
68.624986,11.96659696
68.635066,11.96657275
68.645146,11.96654854
68.655226,11.96652433
68.665306,11.96650012
68.675386,11.96647627
68.685465,11.96645241
68.695567,11.96642892
68.705646,11.96640542
68.715723,11.96638192
68.725801,11.96635843
68.735883,11.96633493
68.745981,11.96631143
68.756062,11.96628793
68.766143,11.96626444
68.776222,11.96624094
68.786301,11.96621744
68.796391,11.96619394
68.806471,11.96617045
68.816551,11.96614695
68.826631,11.96612345
68.83671,11.96609995
68.846788,11.96607646
68.856868,11.96605296
68.866948,11.96602946
68.877048,11.96600596
68.887126,11.96598247
68.897235,11.96595897
68.907316,11.96593547
68.9174,11.96591197
68.927488,11.96588848
68.937565,11.96586498
68.947642,11.96584148
68.957724,11.96581798
68.967804,11.96579449
68.977883,11.96577099
68.987963,11.96574749
68.998053,11.96572399
69.008133,11.9657005
69.018213,11.965677
69.028293,11.9656535
69.038372,11.96563001
69.048452,11.96560651
69.058532,11.96558301
69.068612,11.96555951
69.078691,11.96553602
69.088771,11.96551252
69.098873,11.96548902
69.108952,11.96546588
69.119032,11.96544274
69.12911,11.9654196
69.139188,11.96539681
69.149266,11.96537403
69.159344,11.96535124
69.169422,11.96532845
69.1795,11.96530567
69.18958,11.96528288
69.199691,11.9652601
69.209771,11.96523731
69.219855,11.96521453
69.229933,11.96519174
69.240015,11.96516896
69.250103,11.96514617
69.260184,11.96512339
69.270265,11.9651006
69.280345,11.96507782
69.290427,11.96505503
69.300546,11.96503224
69.310626,11.96500946
69.320706,11.96498667
69.330785,11.96496389
69.340866,11.9649411
69.350945,11.96491832
69.361025,11.96489553
69.371106,11.96487275
69.381186,11.96484996
69.391266,11.96482718
69.401356,11.96480439
69.41144,11.96478161
69.421521,11.96475882
69.431601,11.96473603
69.441681,11.96471325
69.451761,11.96469046
69.461843,11.96466768
69.471924,11.96464489
69.482003,11.96462211
69.492083,11.96459932
69.502186,11.96457654
69.512266,11.96455375
69.522346,11.96453097
69.532425,11.96450854
69.542505,11.96448611
69.552585,11.96446403
69.562665,11.96444196
69.572744,11.96441989
69.582824,11.96439781
69.592903,11.96437574
69.602991,11.96435367
69.61307,11.96433159
69.62315,11.96430952
69.633229,11.96428745
69.64331,11.96426537
69.653389,11.9642433
69.663469,11.96422123
69.673548,11.96419915
69.683628,11.96417708
69.693707,11.96415501
69.703809,11.96413293
69.713889,11.96411086
69.723971,11.96408879
69.734053,11.96406671
69.744132,11.96404464
69.754214,11.96402257
69.764295,11.96400049
69.774375,11.96397842
69.784455,11.96395635
69.794535,11.96393427
69.80464,11.9639122
69.814722,11.96389013
69.824801,11.96386805
69.83488,11.96384598
69.844959,11.96382391
69.855039,11.96380183
69.865118,11.96377976
69.875208,11.96375769
69.885292,11.96373561
69.895365,11.96371354
69.905457,11.96369147
69.915539,11.96366939
69.92562,11.96364732
69.935704,11.96362525
69.945784,11.96360317
69.955864,11.96358146
69.965945,11.96355974
69.976025,11.96353838
69.986105,11.96351702
69.996186,11.96349566
70.006273,11.96347429
70.016353,11.96345293
70.026432,11.96343157
70.036512,11.96341021
70.046591,11.96338885
70.05667,11.96336749
70.06675,11.96334613
70.076829,11.96332477
70.086908,11.9633034
70.096987,11.96328204
70.107087,11.96326068
70.117167,11.96323932
70.127247,11.96321796
70.137327,11.9631966
70.147407,11.96317524
70.157487,11.96315388
70.167571,11.96313251
70.177651,11.96311115
70.187731,11.96308979
70.197811,11.96306843
70.207913,11.96304707
70.217994,11.96302571
70.228074,11.96300435
70.238153,11.96298298
70.248233,11.96296198
70.258309,11.96294133
70.268388,11.96292068
70.278468,11.96290003
70.288548,11.96287938
70.298627,11.96285873
70.308731,11.96283808
70.31881,11.96281743
70.32889,11.96279679
70.33897,11.96277614
70.349049,11.96275549
70.359128,11.96273484
70.369208,11.96271419
70.379288,11.96269354
70.389367,11.96267289
70.399446,11.96265224
70.409557,11.96263159
70.419638,11.96261094
70.429718,11.96259029
70.439798,11.96256964
70.449878,11.96254899
70.459958,11.96252835
70.470038,11.9625077
70.480117,11.96248705
70.490197,11.9624664
70.500277,11.96244575
70.510381,11.9624251
70.520462,11.96240445
70.530543,11.9623838
70.540622,11.96236315
70.550702,11.9623425
70.560783,11.96232185
70.570862,11.9623012
70.58094,11.96228055
70.591022,11.9622599
70.601102,11.96223926
70.611191,11.96221861
70.62127,11.96219796
70.63135,11.96217731
70.64143,11.96215666
70.651509,11.96213601
70.661589,11.96211536
70.671668,11.96209471
70.681748,11.96207442
70.691827,11.96205377
70.701908,11.96203348
70.71201,11.96201318
70.722091,11.96199324
70.73217,11.96197331
70.742251,11.96195337
70.752331,11.96193343
70.762412,11.9619135
70.772491,11.96189356
70.78257,11.96187362
70.792651,11.96185368
70.802731,11.96183375
70.812834,11.96181381
70.822915,11.96179387
70.832994,11.96177394
70.843075,11.961754
70.853155,11.96173406
70.863235,11.96171412
70.873373,11.96169419
70.883451,11.96167425
70.893526,11.96165431
70.903607,11.96163438
70.9137,11.96161444
70.923781,11.9615945
70.93386,11.96157456
70.943939,11.96155463
70.95402,11.96153469
70.9641,11.96151475
70.974179,11.96149481
70.984259,11.96147488
70.99434,11.96145494
71.00442,11.961435
71.014511,11.96141542
71.024591,11.96139584
71.034671,11.96137662
71.044751,11.96135739
71.054831,11.96133781
71.064911,11.96131858
71.074991,11.961299
71.085071,11.96127978
71.095149,11.9612602
71.105229,11.96124097
71.115318,11.96122139
71.125398,11.96120216
71.135478,11.96118258
71.145557,11.96116336
71.155637,11.96114378
71.165717,11.96112455
71.175796,11.96110533
71.185875,11.96108575
71.195955,11.96106652
71.206035,11.96104694
71.216146,11.96102771
71.226227,11.96100813
71.236307,11.96098891
71.246388,11.96096933
71.256469,11.9609501
71.266548,11.96093052
71.276628,11.9609113
71.286708,11.96089171
71.296788,11.96087213
71.306867,11.96085255
71.31697,11.96083261
71.32705,11.96081339
71.337129,11.96079416
71.347208,11.9607753
71.357288,11.96075607
71.367367,11.9607372
71.377446,11.96071798
71.387526,11.96069911
71.397605,11.96067988
71.407683,11.96066066
71.417789,11.96064143
71.427869,11.96062221
71.437949,11.96060298
71.448028,11.96058376
71.458108,11.96056453
71.468187,11.96054531
71.478267,11.96052608
71.488348,11.96050685
71.498427,11.96048763
71.508507,11.9604684
71.518609,11.96044918
71.528689,11.96042995
71.538769,11.96041073
71.548849,11.9603915
71.558929,11.96037228
71.569009,11.96035305
71.579089,11.96033383
71.589169,11.9603146
71.599249,11.96029538
71.60933,11.96027615
71.619418,11.96025693
71.629497,11.9602377
71.639577,11.96021848
71.649656,11.96019925
71.659736,11.96018003
71.669816,11.9601608
71.679895,11.96014158
71.689975,11.96012235
71.700054,11.96010313
71.710133,11.96008426
71.720247,11.96006574
71.730331,11.96004723
71.740412,11.96002872
71.750492,11.9600102
71.760574,11.95999169
71.770668,11.95997318
71.780748,11.95995467
71.790828,11.95993615
71.800914,11.95991764
71.810996,11.95989913
71.821107,11.95988061
71.831188,11.9598621
71.841268,11.95984359
71.851348,11.95982507
71.861425,11.95980656
71.871527,11.95978805
71.881607,11.95976953
71.891683,11.95975102
71.901758,11.95973251
71.911839,11.95971399
71.921931,11.95969548
71.932012,11.95967697
71.942092,11.95965846
71.952172,11.95963994
71.962252,11.95962143
71.972332,11.95960292
71.982411,11.9595844
71.992491,11.95956589
72.00257,11.95954738
72.01265,11.95952886
72.022738,11.95951035
72.032818,11.95949184
72.042897,11.95947332
72.052975,11.95945481
72.063056,11.9594363
72.073136,11.95941778
72.083216,11.95939927
72.093296,11.95938076
72.103377,11.95936225
72.113457,11.95934373
72.123564,11.95932522
72.133644,11.95930706
72.143724,11.95928926
72.153805,11.95927146
72.163885,11.95925366
72.173988,11.95923586
72.184067,11.95921806
72.194146,11.95920026
72.204226,11.95918245
72.214303,11.95916465
72.224382,11.95914685
72.234461,11.95912905
72.244539,11.95911125
72.254619,11.95909345
72.264699,11.95907565
72.274778,11.95905785
72.284858,11.95904005
72.294937,11.95902224
72.305017,11.95900444
72.315097,11.95898664
72.325204,11.95896884
72.335284,11.95895104
72.345363,11.95893324
72.355443,11.95891544
72.365523,11.95889764
72.375603,11.95887984
72.385683,11.95886204
72.395762,11.95884423
72.405842,11.95882643
72.415924,11.95880863
72.426028,11.95879083
72.436109,11.95877303
72.446189,11.95875523
72.456269,11.95873743
72.466349,11.95871963
72.476429,11.95870183
72.486509,11.95868402
72.496589,11.95866622
72.506669,11.95864842
72.516749,11.95863062
72.526836,11.95861318
72.536916,11.95859609
72.546997,11.958579
72.557077,11.95856191
72.567156,11.95854482
72.577236,11.95852773
72.587316,11.95851064
72.597397,11.95849355
72.607476,11.95847646
72.617556,11.95845937
72.627643,11.95844229
72.637723,11.9584252
72.647803,11.95840811
72.657883,11.95839102
72.667962,11.95837393
72.678041,11.95835684
72.688121,11.95833975
72.698202,11.95832266
72.70828,11.95830557
72.71836,11.95828848
72.728464,11.9582714
72.738546,11.95825431
72.748625,11.95823722
72.758705,11.95822013
72.768784,11.95820304
72.778863,11.95818595
72.788943,11.95816886
72.799023,11.95815177
72.809104,11.95813468
72.819182,11.95811759
72.829283,11.95810051
72.839363,11.95808342
72.849444,11.95806633
72.859523,11.95804924
72.869626,11.95803215
72.879712,11.95801506
72.889792,11.95799797
72.899866,11.95798088
72.909947,11.95796379
72.920027,11.9579467
72.930121,11.95792961
72.940197,11.95791253
72.950271,11.95789544
72.960353,11.95787835
72.970432,11.95786161
72.980506,11.95784524
72.990586,11.95782886
73.000667,11.95781248
73.010746,11.95779611
73.020826,11.95777973
73.030915,11.95776335
73.041005,11.95774698
73.051085,11.9577306
73.061165,11.95771422
73.071246,11.95769784
73.08133,11.95768147
73.091411,11.95766509
73.10149,11.95764871
73.111571,11.95763234
73.12165,11.95761596
73.131741,11.95759958
73.141821,11.95758321
73.151901,11.95756683
73.161982,11.95755045
73.172062,11.95753407
73.182141,11.9575177
73.192221,11.95750132
73.202301,11.95748494
73.21238,11.95746857
73.222461,11.95745219
73.232567,11.95743581
73.242646,11.95741944
73.252726,11.95740306
73.262805,11.95738668
73.272885,11.9573703
73.282965,11.95735393
73.293045,11.95733755
73.303125,11.95732117
73.313205,11.9573048
73.323285,11.95728842
73.333385,11.95727204
73.343465,11.95725602
73.353544,11.95724036
73.363623,11.95722469
73.373703,11.95720903
73.383782,11.95719336
73.393862,11.9571777
73.403941,11.95716203
73.414031,11.95714637
73.424112,11.9571307
73.434216,11.95711504
73.444296,11.95709937
73.454376,11.95708371
73.464455,11.95706804
73.474536,11.95705238
73.484615,11.95703671
73.494695,11.95702105
73.504774,11.95700538
73.514854,11.95698972
73.524933,11.95697405
73.535035,11.95695839
73.545115,11.95694272
73.555195,11.95692706
73.565274,11.95691139
73.575354,11.95689573
73.585435,11.95688006
73.595515,11.9568644
73.605594,11.95684873
73.615675,11.95683307
73.625755,11.9568174
73.635844,11.95680174
73.645925,11.95678607
73.656006,11.95677041
73.666086,11.95675474
73.676165,11.95673908
73.686245,11.95672341
73.696325,11.95670775
73.706405,11.95669208
73.716486,11.95667642
73.726567,11.95666075
73.736645,11.95664509
73.746724,11.95662942
73.756804,11.95661376
73.766883,11.95659809
73.776963,11.95658243
73.787043,11.95656676
73.797123,11.9565511
73.807204,11.95653543
73.817284,11.95651977
73.827364,11.9565041
73.837454,11.95648844
73.847535,11.95647277
73.857614,11.95645711
73.867708,11.95644144
73.877799,11.95642578
73.887878,11.95641011
73.897953,11.95639481
73.90803,11.95637985
73.918109,11.9563649
73.928191,11.95634995
73.938282,11.95633499
73.948363,11.95632004
73.958443,11.95630509
73.968523,11.95629014
73.9786,11.95627518
73.988679,11.95626023
73.998759,11.95624528
74.008839,11.95623032
74.01892,11.95621537
74.028999,11.95620042
74.039086,11.95618547
74.049167,11.95617051
74.059247,11.95615556
74.069327,11.95614061
74.079406,11.95612565
74.089486,11.9561107
74.099563,11.95609575
74.109643,11.95608079
74.119723,11.95606584
74.129803,11.95605089
74.139891,11.95603594
74.149973,11.95602098
74.160053,11.95600603
74.170132,11.95599108
74.180212,11.95597612
74.190292,11.95596117
74.200372,11.95594622
74.210451,11.95593127
74.220529,11.95591631
74.230609,11.95590136
74.240726,11.95588641
74.250806,11.95587145
74.260886,11.95585686
74.270966,11.95584262
74.281046,11.95582838
74.291138,11.95581413
74.301218,11.95579989
74.3113,11.95578565
74.321382,11.95577141
74.331462,11.95575717
74.341582,11.95574293
74.351662,11.95572869
74.361744,11.95571445
74.371823,11.95570021
74.381903,11.95568597
74.391983,11.95567173
74.402063,11.95565749
74.412157,11.95564324
74.422239,11.955629
74.432318,11.95561476
74.442425,11.95560052
74.452506,11.95558628
74.462587,11.95557204
74.472667,11.9555578
74.482746,11.95554356
74.492825,11.95552932
74.502905,11.95551508
74.512985,11.95550084
74.523065,11.95548659
74.533146,11.95547235
74.543237,11.95545811
74.553317,11.95544387
74.563397,11.95542963
74.573477,11.95541539
74.583556,11.95540115
74.593636,11.95538691
74.603716,11.95537267
74.613796,11.95535843
74.623876,11.95534419
74.633956,11.95532995
74.644058,11.9553157
74.654139,11.95530146
74.664219,11.95528722
74.674298,11.95527298
74.684378,11.95525874
74.694458,11.9552445
74.704538,11.95523026
74.714618,11.95521602
74.724701,11.95520178
74.734783,11.95518754
74.744891,11.9551733
74.754972,11.95515905
74.765053,11.95514481
74.775133,11.95513057
74.785212,11.95511633
74.795293,11.95510209
74.805373,11.95508785
74.815453,11.95507361
74.825534,11.95505972
74.835615,11.9550462
74.845717,11.95503267
74.855797,11.95501914
74.865877,11.95500561
74.875967,11.95499208
74.886047,11.95497855
74.896127,11.95496502
74.906208,11.95495149
74.916288,11.95493797
74.926367,11.95492444
74.936451,11.95491091
74.946544,11.95489738
74.956624,11.95488385
74.966704,11.95487032
74.976783,11.95485679
74.986864,11.95484326
74.996945,11.95482973
75.007026,11.95481621
75.017105,11.95480268
75.027184,11.95478915
75.037264,11.95477562
75.047353,11.95476209
75.057433,11.95474856
75.067513,11.95473468
75.077592,11.95472115
75.087672,11.95470726
75.097751,11.95469373
75.107831,11.95467985
75.117911,11.95466632
75.127991,11.95465244
75.138071,11.95463891
75.148158,11.95462502
75.158238,11.95461114
75.168317,11.9545969
75.178397,11.95458266
75.188477,11.95456842
75.198557,11.95455417
75.208636,11.95453993
75.218715,11.95452569
75.228795,11.95451145
75.238875,11.95449721
75.248953,11.95448297
75.259032,11.95446873
75.26911,11.95445449
75.279188,11.95444025
75.289267,11.95442601
75.299346,11.95441177
75.309427,11.95439752
75.319507,11.95438328
75.329587,11.95436904
75.339667,11.9543548
75.349775,11.95434056
75.359855,11.95432632
75.369935,11.95431208
75.380013,11.95429784
75.390093,11.9542836
75.400173,11.95426971
75.410252,11.95425583
75.420333,11.95424194
75.430415,11.95422841
75.440495,11.95421489
75.450606,11.95420136
75.460686,11.95418783
75.470766,11.9541743
75.480846,11.95416077
75.490925,11.95414724
75.501005,11.95413371
75.511086,11.95412018
75.521165,11.95410666
75.531245,11.95409313
75.541324,11.9540796
75.551426,11.95406607
75.561512,11.95405254
75.571593,11.95403901
75.581673,11.95402548
75.591755,11.95401195
75.601835,11.95399842
75.611916,11.9539849
75.621995,11.95397137
75.632075,11.95395784
75.642156,11.95394431
75.652252,11.95393078
75.662333,11.95391725
75.672414,11.95390372
75.682494,11.95389019
75.692574,11.95387667
75.702655,11.95386314
75.712736,11.95384961
75.722816,11.95383608
75.732895,11.95382255
75.742975,11.95380902
75.753084,11.95379549
75.763165,11.95378196
75.773245,11.95376843
75.783327,11.95375491
75.793407,11.95374138
75.803487,11.95372785
75.813564,11.95371432
75.823643,11.95370079
75.833723,11.95368726
75.843803,11.95367373
75.853905,11.9536602
75.863984,11.95364668
75.87407,11.95363315
75.88415,11.95361997
75.894224,11.95360716
75.904304,11.95359434
75.914384,11.95358152
75.924465,11.95356871
75.934545,11.95355589
75.944625,11.95354307
75.954702,11.95353026
75.964782,11.95351744
75.974861,11.95350462
75.984939,11.95349181
75.99502,11.95347899
76.005099,11.95346617
76.01518,11.95345336
76.025259,11.95344054
76.035338,11.95342772
76.045417,11.95341491
76.055505,11.95340209
76.065585,11.95338927
76.075666,11.95337645
76.085747,11.95336364
76.095827,11.95335082
76.105906,11.953338
76.115985,11.95332519
76.126066,11.95331237
76.136145,11.95329955
76.146226,11.95328674
76.156314,11.95327392
76.166394,11.9532611
76.176474,11.95324829
76.186554,11.95323547
76.196634,11.95322265
76.206714,11.95320984
76.216793,11.95319702
76.226873,11.9531842
76.236953,11.95317139
76.247034,11.95315857
76.257138,11.95314575
76.267219,11.95313294
76.277298,11.95312012
76.287378,11.9531073
76.297457,11.95309449
76.307537,11.95308167
76.317617,11.95306885
76.327698,11.95305604
76.337773,11.95304322
76.347846,11.9530304
76.357929,11.95301759
76.368005,11.95300477
76.378085,11.95299195
76.388162,11.95297913
76.398239,11.95296632
76.408317,11.9529535
76.418406,11.95294068
76.428487,11.95292787
76.438567,11.95291505
76.448647,11.95290223
76.458754,11.95288942
76.468834,11.9528766
76.478914,11.95286378
76.488995,11.95285097
76.499074,11.95283815
76.509154,11.95282533
76.519232,11.95281252
76.529312,11.9527997
76.539391,11.95278688
76.549471,11.95277407
76.559575,11.95276125
76.569654,11.95274843
76.579735,11.95273562
76.589815,11.9527228
76.599895,11.95270998
76.609975,11.95269717
76.620054,11.95268435
76.630134,11.95267153
76.640214,11.95265872
76.650294,11.9526459
76.660393,11.95263344
76.670473,11.95262098
76.680552,11.95260852
76.690632,11.95259606
76.700713,11.95258395
76.710793,11.95257185
76.720873,11.95255974
76.730952,11.95254764
76.741032,11.95253553
76.751112,11.95252343
76.76122,11.95251132
76.771301,11.95249922
76.781381,11.95248711
76.79146,11.95247501
76.801539,11.9524629
76.811619,11.9524508
76.821704,11.95243869
76.831785,11.95242659
76.841865,11.95241448
76.851945,11.95240238
76.862064,11.95239028
76.872174,11.95237817
76.882255,11.95236607
76.89233,11.95235396
76.902405,11.95234186
76.912479,11.95232975
76.922563,11.95231765
76.93265,11.95230554
76.942729,11.95229344
76.952807,11.95228133
76.962917,11.95226923
76.972994,11.95225712
76.983072,11.95224502
76.993156,11.95223291
77.003237,11.95222081
77.013318,11.9522087
77.023397,11.9521966
77.033477,11.95218449
77.043558,11.95217239
77.053638,11.95216029
77.063727,11.95214818
77.073807,11.95213608
77.083888,11.95212397
77.093992,11.95211187
77.104071,11.95209976
77.114151,11.95208766
77.124231,11.95207555
77.134312,11.95206345
77.144392,11.9520517
77.154472,11.95203995
77.164573,11.95202856
77.174654,11.95201716
77.184734,11.95200577
77.194815,11.95199438
77.204895,11.95198299
77.214976,11.95197159
77.225053,11.9519602
77.235134,11.95194881
77.245214,11.95193742
77.255295,11.95192602
77.265385,11.95191463
77.275465,11.95190324
77.285546,11.95189184
77.295625,11.95188045
77.305705,11.95186906
77.315785,11.95185767
77.325865,11.95184627
77.335945,11.95183488
77.346025,11.95182349
77.356105,11.9518121
77.366205,11.9518007
77.376285,11.95178931
77.386364,11.95177792
77.396444,11.95176653
77.406524,11.95175513
77.416609,11.95174374
77.426687,11.95173235
77.436767,11.95172095
77.446847,11.95170956
77.456926,11.95169817
77.467029,11.95168678
77.477106,11.95167538
77.487187,11.95166399
77.497267,11.9516526
77.507347,11.95164121
77.517427,11.95162981
77.527508,11.95161842
77.537588,11.95160703
77.547667,11.95159564
77.557747,11.95158424
77.567849,11.95157285
77.577929,11.95156146
77.588009,11.95155006
77.598089,11.95153867
77.608169,11.95152728
77.618249,11.95151589
77.628329,11.95150414
77.638408,11.95149274
77.648488,11.951481
77.658569,11.9514696
77.668668,11.95145785
77.678748,11.95144682
77.688828,11.95143543
77.698907,11.95142439
77.708987,11.951413
77.719067,11.95140125
77.729145,11.9513895
77.739225,11.95137811
77.749307,11.95136671
77.759388,11.95135532
77.769491,11.95134393
77.779571,11.95133254
77.789652,11.95132114
77.799732,11.95130975
77.809812,11.95129836
77.819892,11.95128696
77.829973,11.95127557
77.840053,11.95126418
77.850133,11.95125279
77.860213,11.95124139
77.870319,11.95123
77.8804,11.95121861
77.890476,11.95120722
77.900555,11.95119582
77.910635,11.95118443
77.920714,11.95117304
77.930794,11.95116164
77.940871,11.95115025
77.950951,11.95113886
77.961031,11.95112747
77.971141,11.95111607
77.981218,11.95110468
77.991299,11.95109329
78.001379,11.9510819
78.011459,11.9510705
78.021539,11.95105911
78.031619,11.95104772
78.041699,11.95103633
78.051779,11.95102493
78.061858,11.95101354
78.071947,11.95100215
78.082035,11.95099075
78.092116,11.95097936
78.102196,11.95096797
78.112277,11.95095658
78.122357,11.95094518
78.132436,11.95093379
78.142516,11.9509224
78.152596,11.95091101
78.162675,11.95089961
78.172785,11.95088822
78.182865,11.95087683
78.192945,11.95086543
78.203026,11.95085404
78.213106,11.95084265
78.223187,11.95083126
78.233267,11.95081986
78.243347,11.95080847
78.253427,11.95079708
78.263507,11.95078569
78.273611,11.95077429
78.283692,11.9507629
78.293771,11.95075151
78.30385,11.95074012
78.31393,11.95072872
78.324008,11.95071733
78.334087,11.95070594
78.344166,11.95069454
78.354248,11.95068315
78.364327,11.95067176
78.374437,11.95066037
78.384518,11.95064897
78.394597,11.95063758
78.404677,11.95062619
78.414757,11.9506148
78.424839,11.9506034
78.43492,11.95059201
78.445,11.95058062
78.455081,11.95056922
78.465161,11.95055783
78.475267,11.95054644
78.485347,11.95053505
78.495428,11.95052365
78.505508,11.95051226
78.515588,11.95050087
78.525668,11.95048948
78.535749,11.95047808
78.545826,11.95046669
78.555906,11.9504553
78.565986,11.95044391
78.576076,11.95043251
78.586156,11.95042112
78.596237,11.95040973
78.606316,11.95039833
78.616397,11.95038694
78.626477,11.95037555
78.636557,11.95036416
78.646637,11.95035276
78.656716,11.95034137
78.666796,11.95033033
78.676898,11.9503193
78.686979,11.95030862
78.697059,11.95029794
78.707139,11.95028726
78.71722,11.95027658
78.727298,11.95026589
78.73738,11.95025521
78.74746,11.95024453
78.757541,11.95023385
78.76762,11.95022317
78.777718,11.95021249
78.787799,11.95020181
78.797879,11.95019113
78.807959,11.95018045
78.81804,11.95016977
78.828119,11.95015909
78.838199,11.95014841
78.848278,11.95013773
78.858359,11.95012705
78.868469,11.95011637
78.878584,11.95010568
78.888668,11.950095
78.898745,11.95008432
78.908819,11.95007364
78.918905,11.95006296
78.928987,11.95005228
78.939068,11.9500416
78.949149,11.95003092
78.959229,11.95002024
78.969311,11.95000956
78.979403,11.94999888
78.989484,11.9499882
78.999564,11.94997752
79.009644,11.94996684
79.019723,11.94995616
79.0298,11.94994548
79.03988,11.94993479
79.049982,11.94992411
79.060062,11.94991343
79.070142,11.94990275
79.08023,11.94989207
79.090311,11.94988139
79.100391,11.94987071
79.110471,11.94986003
79.120552,11.94984935
79.130633,11.94983867
79.140713,11.94982799
79.150793,11.94981731
79.160872,11.94980663
79.170953,11.94979595
79.181054,11.94978527
79.191133,11.94977458
79.201214,11.9497639
79.211295,11.94975322
79.221372,11.94974254
79.231452,11.94973186
79.241531,11.94972118
79.25161,11.9497105
79.261689,11.94969982
79.271768,11.94968914
79.281858,11.94967846
79.291938,11.94966778
79.302018,11.9496571
79.312098,11.94964642
79.322176,11.94963574
79.332256,11.94962506
79.342334,11.94961438
79.352423,11.94960369
79.362504,11.94959301
79.372584,11.94958233
79.382699,11.94957165
79.39278,11.94956097
79.402858,11.94955029
79.412937,11.94953961
79.423021,11.94952893
79.433101,11.94951825
79.443181,11.94950757
79.45326,11.94949689
79.463339,11.94948621
79.473419,11.94947553
79.483522,11.94946485
79.493602,11.94945417
79.503682,11.94944348
79.513762,11.9494328
79.523842,11.94942212
79.533921,11.94941144
79.544001,11.94940076
79.554082,11.94939008
79.564161,11.9493794
79.574241,11.94936908
79.584342,11.94935875
79.594422,11.94934878
79.604503,11.94933881
79.614583,11.94932885
79.624664,11.94931888
79.634743,11.94930891
79.644823,11.94929894
79.654903,11.94928897
79.664982,11.949279
79.675062,11.94926903
79.685151,11.94925907
79.695231,11.9492491
79.705311,11.94923913
79.715391,11.94922916
79.725468,11.94921919
79.735557,11.94920922
79.745638,11.94919925
79.755718,11.94918929
79.765798,11.94917932
79.775878,11.94916935
79.786025,11.94915938
79.796105,11.94914941
79.806186,11.94913944
79.816267,11.94912947
79.826348,11.94911951
79.836429,11.94910954
79.846511,11.94909957
79.856591,11.9490896
79.866671,11.94907963
79.876774,11.94906966
79.886857,11.94905969
79.896936,11.94904972
79.907014,11.94903976
79.917093,11.94902979
79.927174,11.94901982
79.937256,11.94900985
79.947339,11.94899988
79.957421,11.94898991
79.967502,11.94897994
79.977583,11.94896998
79.987663,11.94896001
79.997746,11.94895004
80.007827,11.94894007
80.017909,11.9489301
80.027991,11.94892013
80.038073,11.94891016
80.048154,11.9489002
80.058235,11.94889023
80.068316,11.94888026
80.078397,11.94887029
80.08849,11.94886032
80.09857,11.94885035
80.108651,11.94884038
80.118731,11.94883042
80.128812,11.94882045
80.138892,11.94881048
80.148973,11.94880051
80.159053,11.94879054
80.169134,11.94878057
80.179214,11.9487706
80.189316,11.94876064
80.199397,11.94875067
80.209478,11.9487407
80.219558,11.94873073
80.229644,11.94872076
80.239726,11.94871079
80.249806,11.94870082
80.259888,11.94869086
80.269991,11.94868089
80.280072,11.94867092
80.290177,11.94866095
80.300257,11.94865098
80.310338,11.94864101
80.320419,11.94863104
80.3305,11.94862107
80.340581,11.94861111
80.350661,11.94860114
80.360742,11.94859117
80.370823,11.9485812
80.380903,11.94857123
80.391005,11.94856126
80.401087,11.94855129
80.411174,11.94854133
80.421253,11.94853136
80.431336,11.94852139
80.441417,11.94851142
80.4515,11.94850145
80.461581,11.94849148
80.471663,11.94848151
80.481743,11.94847155
80.49186,11.94846158
80.501937,11.94845196
80.512018,11.94844235
80.522098,11.9484331
80.532178,11.94842384
80.542258,11.94841458
80.552339,11.94840533
80.562419,11.94839607
80.572499,11.94838681
80.582579,11.94837756
80.592669,11.9483683
80.602751,11.94835904
80.612831,11.94834979
80.622911,11.94834053
80.633,11.94833127
80.643085,11.94832202
80.653165,11.94831276
80.663246,11.9483035
80.673325,11.94829425
80.683406,11.94828499
80.693525,11.94827573
80.703606,11.94826648
80.713686,11.94825722
80.723766,11.94824796
80.733848,11.94823871
80.743931,11.94822945
80.754013,11.94822019
80.764093,11.94821094
80.774174,11.94820168
80.784255,11.94819242
80.79435,11.94818317
80.804433,11.94817391
80.814513,11.94816466
80.824596,11.9481554
80.834677,11.94814614
80.844759,11.94813689
80.854839,11.94812763
80.86492,11.94811837
80.875032,11.94810912
80.885114,11.94809986
80.895222,11.9480906
80.905301,11.94808135
80.915384,11.94807209
80.925467,11.94806283
80.935548,11.94805358
80.945626,11.94804432
80.955707,11.94803506
80.965789,11.94802581
80.97587,11.94801655
80.985948,11.94800729
80.996058,11.94799804
81.006139,11.94798878
81.016221,11.94797952
81.026302,11.94797027
81.036383,11.94796101
81.046464,11.94795175
81.056545,11.9479425
81.066627,11.94793324
81.076705,11.94792398
81.086786,11.94791473
81.096876,11.94790547
81.106958,11.94789621
81.11704,11.94788696
81.127121,11.9478777
81.137202,11.94786845
81.147282,11.94785919
81.157362,11.94784993
81.167443,11.94784068
81.177524,11.94783142
81.187605,11.94782216
81.197707,11.94781291
81.207787,11.94780365
81.217868,11.94779439
81.227946,11.94778514
81.238028,11.94777588
81.248109,11.94776662
81.258192,11.94775737
81.268269,11.94774811
81.278351,11.94773885
81.288431,11.9477296
81.298537,11.94772034
81.308618,11.94771108
81.318699,11.94770183
81.328779,11.94769257
81.338859,11.94768331
81.34894,11.94767406
81.359022,11.9476648
81.369103,11.94765554
81.379182,11.94764629
81.389261,11.94763703
81.399342,11.94762777
81.40942,11.94761852
81.419528,11.94760926
81.429609,11.94760001
81.439691,11.94759075
81.449771,11.94758149
81.459852,11.94757224
81.469933,11.94756298
81.480014,11.94755372
81.490094,11.94754447
81.500202,11.94753521
81.510283,11.94752595
81.520364,11.9475167
81.530445,11.94750744
81.540525,11.94749818
81.550605,11.94748893
81.560685,11.94747967
81.570765,11.94747041
81.580846,11.94746116
81.590926,11.9474519
81.601029,11.94744264
81.611109,11.94743339
81.62119,11.94742413
81.631269,11.94741487
81.641349,11.94740562
81.651429,11.94739636
81.661509,11.9473871
81.671599,11.94737785
81.681681,11.94736859
81.691759,11.94735969
81.701852,11.94735079
81.711933,11.94734189
81.722014,11.94733299
81.732097,11.94732409
81.74218,11.94731519
81.752261,11.94730629
81.762343,11.94729774
81.772424,11.9472892
81.782503,11.94728065
81.792584,11.94727211
81.8027,11.94726356
81.812783,11.94725502
81.822864,11.94724648
81.832944,11.94723793
81.843023,11.94722939
81.853101,11.94722084
81.863182,11.9472123
81.873273,11.94720375
81.883365,11.94719521
81.893453,11.94718666
81.903564,11.94717812
81.913643,11.94716957
81.923725,11.94716103
81.933804,11.94715249
81.943885,11.94714394
81.953993,11.9471354
81.964074,11.94712685
81.974154,11.94711831
81.984233,11.94710976
81.994315,11.94710122
82.004405,11.94709267
82.014487,11.94708413
82.024567,11.94707559
82.034645,11.94706704
82.044726,11.9470585
82.054807,11.94704995
82.064887,11.94704141
82.074968,11.94703286
82.085049,11.94702432
82.09513,11.94701577
82.105232,11.94700723
82.115312,11.94699868
82.125394,11.94699014
82.135474,11.9469816
82.145555,11.94697305
82.155635,11.94696451
82.165715,11.94695596
82.175795,11.94694742
82.185874,11.94693887
82.195955,11.94693033
82.206056,11.94692178
82.216136,11.94691324
82.226216,11.94690469
82.2363,11.94689615
82.246382,11.94688761
82.256463,11.94687906
82.266543,11.94687052
82.276624,11.94686197
82.286706,11.94685343
82.296788,11.94684488
82.306892,11.94683634
82.316972,11.94682779
82.327054,11.94681925
82.337134,11.94681071
82.347214,11.94680216
82.357295,11.94679362
82.367377,11.94678507
82.377457,11.94677653
82.387539,11.94676798
82.397619,11.94675944
82.407722,11.94675089
82.417803,11.94674235
82.427884,11.9467338
82.437991,11.94672526
82.448072,11.94671672
82.458153,11.94670817
82.468234,11.94669963
82.478315,11.94669108
82.488395,11.94668254
82.498476,11.94667399
82.508567,11.94666545
82.518648,11.9466569
82.528729,11.946648
82.538811,11.94663946
82.548888,11.94663056
82.558968,11.94662201
82.569049,11.94661311
82.579129,11.94660457
82.589209,11.94659567
82.599289,11.94658712
82.609392,11.94657822
82.619472,11.94656932
82.629552,11.94656042
82.639631,11.94655117
82.649711,11.94654226
82.659792,11.94653301
82.669872,11.94652411
82.679949,11.94651485
82.690029,11.94650595
82.700109,11.94649669
82.71021,11.94648779
82.720291,11.94647854
82.730383,11.94646928
82.740472,11.94646002
82.750555,11.94645077
82.760635,11.94644151
82.770716,11.94643225
82.780796,11.946423
82.790876,11.94641374
82.800957,11.94640448
82.811047,11.94639523
82.821128,11.94638597
82.831208,11.94637671
82.841289,11.94636746
82.85137,11.9463582
82.86145,11.94634895
82.871558,11.94633969
82.881643,11.94633043
82.891723,11.94632118
82.901801,11.94631192
82.911913,11.94630266
82.921993,11.94629341
82.932075,11.94628415
82.942156,11.94627489
82.952237,11.94626564
82.962317,11.94625638
82.972397,11.94624712
82.98248,11.94623787
82.992562,11.94622861
83.002643,11.94621935
83.012746,11.9462101
83.022826,11.94620084
83.032907,11.94619158
83.042988,11.94618233
83.053069,11.94617307
83.06315,11.94616381
83.073231,11.94615456
83.083312,11.94614566
83.093392,11.94613711
83.103472,11.94612857
83.113575,11.94612002
83.123652,11.94611148
83.133733,11.94610293
83.143813,11.94609439
83.153895,11.94608585
83.163989,11.9460773
83.174071,11.94606876
83.184153,11.94606021
83.194235,11.94605167
83.204316,11.94604312
83.214433,11.94603458
83.224514,11.94602603
83.234597,11.94601749
83.244677,11.94600894
83.254759,11.9460004
83.26484,11.94599186
83.27492,11.94598331
83.285001,11.94597477
83.295082,11.94596622
83.305162,11.94595768
83.315249,11.94594913
83.32533,11.94594059
83.335411,11.94593204
83.345491,11.9459235
83.355571,11.94591495
83.365651,11.94590641
83.375731,11.94589787
83.38581,11.94588932
83.395891,11.94588078
83.405972,11.94587223
83.416073,11.94586369
83.426163,11.94585514
83.436246,11.9458466
83.446329,11.94583805
83.45641,11.94582951
83.46649,11.94582097
83.476571,11.94581242
83.486651,11.94580388
83.496732,11.94579533
83.506812,11.94578679
83.516918,11.94577824
83.526998,11.9457697
83.537079,11.94576115
83.54716,11.94575261
83.557241,11.94574406
83.567321,11.94573552
83.577403,11.94572698
83.587483,11.94571843
83.597564,11.94570989
83.607644,11.94570134
83.617748,11.9456928
83.627829,11.94568425
83.637909,11.94567571
83.64799,11.94566716
83.65807,11.94565862
83.668152,11.94565007
83.678233,11.94564153
83.688311,11.94563299
83.698392,11.94562444
83.708472,11.9456159
83.718573,11.94560735
83.728659,11.94559881
83.73875,11.94559026
83.748834,11.94558172
83.758915,11.94557317
83.768996,11.94556463
83.779078,11.94555609
83.78916,11.94554754
83.799241,11.945539
83.809323,11.94553045
83.81943,11.94552191
83.829512,11.94551336
83.839593,11.94550482
83.849674,11.94549627
83.859755,11.94548773
83.86986,11.94547918
83.879949,11.94547064
83.890029,11.9454621
83.900108,11.94545355
83.910188,11.94544501
83.920297,11.94543646
83.930378,11.94542792
83.940459,11.94541937
83.950539,11.94541083
83.96062,11.94540228
83.9707,11.94539374
83.980778,11.94538519
83.990859,11.94537665
84.00094,11.94536811
84.011021,11.94535956
84.021125,11.94535102
84.031206,11.94534247
84.041286,11.94533393
84.051366,11.94532538
84.061447,11.94531684
84.071529,11.94530829
84.081609,11.94529975
84.09169,11.94529121
84.10177,11.94528266
84.11185,11.94527412
84.121953,11.94526557
84.132035,11.94525703
84.142116,11.94524848
84.152197,11.94523994
84.162277,11.94523139
84.172357,11.94522285
84.182438,11.9452143
84.192518,11.94520576
84.202598,11.94519722
84.212679,11.94518867
84.22278,11.94518013
84.232862,11.94517158
84.242942,11.94516304
84.253023,11.94515449
84.263104,11.94514595
84.273184,11.9451374
84.283264,11.94512886
84.293343,11.94512031
84.303423,11.94511177
84.313503,11.94510323
84.323607,11.94509468
84.333687,11.94508614
84.343768,11.94507759
84.353848,11.94506905
84.363928,11.9450605
84.374007,11.94505196
84.384088,11.94504341
84.394168,11.94503487
84.404248,11.94502668
84.414328,11.94501849
84.424414,11.9450103
84.434493,11.94500247
84.444572,11.94499464
84.454652,11.94498681
84.46473,11.94497897
84.474808,11.94497114
84.484887,11.94496331
84.494968,11.94495548
84.505047,11.94494764
84.515125,11.94493981
84.525236,11.94493198
84.535317,11.94492415
84.545397,11.94491631
84.555478,11.94490848
84.565559,11.94490065
84.57564,11.94489282
84.58572,11.94488498
84.595797,11.94487715
84.605878,11.94486932
84.615958,11.94486149
84.626064,11.94485365
84.636143,11.94484582
84.646223,11.94483799
84.656304,11.94483016
84.666385,11.94482232
84.676465,11.94481449
84.686546,11.94480666
84.696626,11.94479883
84.706706,11.94479099
84.716786,11.94478316
84.726871,11.94477533
84.736956,11.9447675
84.747038,11.94475966
84.757117,11.94475183
84.767199,11.944744
84.77728,11.94473617
84.787361,11.94472834
84.797443,11.9447205
84.807523,11.94471267
84.817604,11.94470484
84.827695,11.94469701
84.837776,11.94468917
84.847857,11.94468134
84.857937,11.94467351
84.868042,11.94466568
84.878158,11.94465784
84.888241,11.94465001
84.898319,11.94464218
84.908401,11.94463435
84.918484,11.94462651
84.928594,11.94461868
84.938674,11.94461085
84.948754,11.94460302
84.958836,11.94459518
84.968918,11.94458735
84.978999,11.94457952
84.989081,11.94457169
84.999162,11.94456385
85.009243,11.94455602
85.019325,11.94454819
85.029432,11.94454036
85.039514,11.94453252
85.049594,11.94452469
85.059674,11.94451686
85.069754,11.94450903
85.079835,11.94450119
85.089916,11.94449336
85.099999,11.94448553
85.11008,11.9444777
85.120161,11.94446986
85.130265,11.94446203
85.140346,11.9444542
85.150427,11.94444637
85.160508,11.94443853
85.170585,11.9444307
85.180667,11.94442287
85.190749,11.94441504
85.200829,11.9444072
85.210909,11.94439937
85.22099,11.94439154
85.231078,11.94438371
85.241161,11.94437587
85.251241,11.94436804
85.261322,11.94436021
85.271404,11.94435238
85.281485,11.94434454
85.291566,11.94433671
85.301647,11.94432888
85.311728,11.94432105
85.321808,11.94431321
85.331899,11.94430538
85.341978,11.94429755
85.352059,11.94428972
85.362137,11.94428224
85.372219,11.94427476
85.3823,11.94426764
85.39238,11.94426052
85.402462,11.9442534
85.412542,11.94424628
85.422623,11.94423916
85.432725,11.94423204
85.442806,11.94422492
85.452886,11.9442178
85.462968,11.94421068
85.473048,11.94420356
85.483129,11.94419644
85.49321,11.94418932
85.50329,11.9441822
85.513371,11.94417508
85.523451,11.94416796
85.533552,11.94416084
85.543634,11.94415372
85.553715,11.9441466
85.563795,11.94413948
85.573877,11.94413235
85.583958,11.94412523
85.594038,11.94411811
85.604119,11.94411099
85.6142,11.94410387
85.62428,11.94409675
85.634381,11.94408963
85.644461,11.94408251
85.654541,11.94407539
85.664621,11.94406827
85.6747,11.94406115
85.684781,11.94405403
85.694875,11.94404691
85.704955,11.94403979
85.715036,11.94403267
85.725116,11.94402555
85.735207,11.94401843
85.74529,11.94401131
85.755371,11.94400419
85.765453,11.94399707
85.775534,11.94398995
85.785614,11.94398283
85.795695,11.94397571
85.805776,11.94396859
85.815856,11.94396146
85.825937,11.94395434
85.836026,11.94394722
85.846106,11.9439401
85.856187,11.94393298
85.866268,11.94392586
85.876371,11.94391874
85.886458,11.94391162
85.896536,11.9439045
85.906618,11.94389738
85.916696,11.94389026
85.926779,11.94388314
85.93689,11.94387602
85.946973,11.9438689
85.957054,11.94386178
85.967135,11.94385466
85.977217,11.94384754
85.987298,11.94384042
85.997381,11.9438333
86.007462,11.94382618
86.017544,11.94381906
86.027625,11.94381194
86.037723,11.94380482
86.047805,11.94379769
86.057885,11.94379057
86.067967,11.94378345
86.078049,11.94377633
86.08813,11.94376921
86.09821,11.94376209
86.108291,11.94375497
86.118373,11.94374785
86.128453,11.94374073
86.138558,11.94373361
86.14864,11.94372649
86.15872,11.94371937
86.168801,11.94371225
86.178882,11.94370513
86.188963,11.94369801
86.199043,11.94369089
86.209123,11.94368377
86.219203,11.94367665
86.229283,11.94366953
86.239395,11.94366241
86.249477,11.94365529
86.259559,11.94364817
86.269641,11.94364105
86.279723,11.94363392
86.289803,11.9436268
86.299884,11.94361968
86.309988,11.94361292
86.320069,11.9436058
86.330149,11.94359903
86.340239,11.94359227
86.35032,11.94358586
86.360401,11.94357945
86.370482,11.94357305
86.380562,11.94356664
86.390644,11.94356023
86.400725,11.94355382
86.410806,11.94354741
86.420886,11.943541
86.430966,11.94353459
86.441067,11.94352819
86.451147,11.94352178
86.461228,11.94351537
86.471308,11.94350896
86.481388,11.94350255
86.491469,11.94349614
86.50155,11.94348974
86.51163,11.94348333
86.521711,11.94347692
86.531791,11.94347051
86.541892,11.9434641
86.551973,11.94345769
86.562054,11.94345129
86.572134,11.94344488
86.582215,11.94343847
86.592295,11.94343206
86.602376,11.94342565
86.612457,11.94341924
86.622537,11.94341284
86.632618,11.94340643
86.642695,11.94340002
86.652776,11.94339361
86.662856,11.9433872
86.672937,11.94338079
86.683016,11.94337439
86.693096,11.94336798
86.703176,11.94336157
86.713257,11.94335516
86.723337,11.94334875
86.733425,11.94334234
86.743537,11.94333593
86.753618,11.94332953
86.763698,11.94332312
86.773778,11.94331671
86.783859,11.9433103
86.793938,11.94330389
86.804025,11.94329748
86.814107,11.94329108
86.824188,11.94328467
86.834268,11.94327826
86.844359,11.94327185
86.854439,11.94326544
86.864519,11.94325903
86.874644,11.94325263
86.884725,11.94324622
86.894804,11.94323981
86.904886,11.9432334
86.914967,11.94322699
86.925049,11.94322058
86.93513,11.94321418
86.945243,11.94320777
86.955323,11.94320136
86.965402,11.94319495
86.975487,11.94318854
86.985571,11.94318213
86.995656,11.94317573
87.005738,11.94316932
87.015819,11.94316291
87.0259,11.9431565
87.035981,11.94315009
87.046095,11.94314368
87.056176,11.94313727
87.066257,11.94313087
87.076338,11.94312446
87.086418,11.94311805
87.096499,11.94311164
87.10658,11.94310523
87.116661,11.94309882
87.126741,11.94309242
87.136822,11.94308601
87.146925,11.9430796
87.157003,11.94307319
87.167083,11.94306678
87.177164,11.94306037
87.187245,11.94305397
87.197326,11.94304756
87.207406,11.94304115
87.217487,11.94303474
87.227567,11.94302833
87.237654,11.94302192
87.247748,11.94301552
87.257829,11.94300911
87.26791,11.94300234
87.27799,11.94299593
87.28807,11.94298917
87.298151,11.94298241
87.308232,11.94297564
87.318312,11.94296888
87.328392,11.94296211
87.338473,11.94295535
87.348577,11.94294858
87.358658,11.94294182
87.368738,11.94293505
87.378818,11.94292793
87.388898,11.94292117
87.398979,11.94291405
87.409059,11.94290693
87.41914,11.94289981
87.429218,11.94289269
87.439299,11.94288557
87.449402,11.94287845
87.459483,11.94287133
87.469564,11.94286421
87.479644,11.94285709
87.48974,11.94284997
87.499819,11.94284284
87.509897,11.94283572
87.519976,11.9428286
87.530059,11.94282148
87.540135,11.94281436
87.550246,11.94280724
87.560326,11.94280012
87.570408,11.942793
87.580488,11.94278588
87.590569,11.94277876
87.600651,11.94277164
87.610732,11.94276452
87.620813,11.9427574
87.630893,11.94275028
87.640973,11.94274316
87.651077,11.94273604
87.661158,11.94272892
87.671239,11.9427218
87.681319,11.94271468
87.691399,11.94270791
87.701484,11.94270115
87.711571,11.94269474
87.721651,11.94268798
87.731732,11.94268157
87.74182,11.94267516
87.751927,11.94266875
87.762008,11.94266234
87.77209,11.94265593
87.782171,11.94264953
87.792252,11.94264312
87.802332,11.94263671
87.812412,11.9426303
87.822492,11.94262389
87.832572,11.94261748
87.842652,11.94261107
87.852752,11.94260467
87.862832,11.94259826
87.872923,11.94259185
87.883015,11.94258544
87.893093,11.94257903
87.903171,11.94257262
87.913249,11.94256622
87.92333,11.94255981
87.933408,11.9425534
87.943488,11.94254699
87.953599,11.94254058
87.96368,11.94253417
87.97376,11.94252777
87.983838,11.94252136
87.993919,11.94251495
88.004,11.94250854
88.014081,11.94250213
88.024162,11.94249572
88.034243,11.94248932
88.044321,11.94248291
88.054426,11.9424765
88.064505,11.94247009
88.074585,11.94246368
88.084666,11.94245727
88.094746,11.94245087
88.104826,11.94244446
88.114906,11.94243805
88.124987,11.94243164
88.135068,11.94242523
88.145147,11.94241882
88.155248,11.94241241
88.165329,11.94240601
88.175409,11.9423996
88.185489,11.94239319
88.195568,11.94238678
88.205649,11.94238037
88.215729,11.94237396
88.225809,11.94236756
88.2359,11.94236115
88.245992,11.94235474
88.256104,11.94234833
88.266186,11.94234192
88.276266,11.94233551
88.286348,11.94232911
88.296428,11.9423227
88.306509,11.94231629
88.31659,11.94230988
88.32667,11.94230347
88.336752,11.94229706
88.346831,11.94229066
88.356934,11.94228425
88.367016,11.94227784
88.377096,11.94227143
88.387177,11.94226502
88.397256,11.94225861
88.407336,11.94225221
88.417416,11.9422458
88.427494,11.94223939
88.437572,11.94223298
88.447651,11.94222657
88.457741,11.94222016
88.467822,11.94221375
88.477903,11.94220735
88.487984,11.94220094
88.498062,11.94219453
88.508142,11.94218812
88.518222,11.94218171
88.528302,11.9421753
88.538382,11.9421689
88.548461,11.94216249
88.558565,11.94215608
88.568645,11.94214967
88.578727,11.94214326
88.588807,11.94213685
88.598886,11.94213045
88.608966,11.94212404
88.619046,11.94211763
88.629126,11.94211122
88.639206,11.94210481
88.649285,11.9420984
88.659387,11.942092
88.669468,11.94208559
88.679549,11.94207918
88.689629,11.94207277
88.699708,11.94206636
88.709788,11.94205995
88.719868,11.94205355
88.729954,11.94204714
88.740043,11.94204073
88.750126,11.94203432
88.76024,11.94202791
88.770321,11.9420215
88.780403,11.94201509
88.790484,11.94200869
88.800565,11.94200228
88.810645,11.94199587
88.820725,11.94198946
88.830805,11.94198305
88.840885,11.941977
88.850965,11.94197059
88.861054,11.94196454
88.871159,11.94195813
88.881244,11.94195208
88.891323,11.94194567
88.901401,11.94193962
88.911482,11.94193321
88.921564,11.94192716
88.931643,11.94192111
88.941723,11.94191505
88.951801,11.94190936
88.961918,11.94190366
88.971999,11.94189796
88.982082,11.94189227
88.992162,11.94188657
89.002242,11.94188087
89.012321,11.94187518
89.022401,11.94186948
89.032481,11.94186379
89.042561,11.94185809
89.052641,11.94185239
89.062745,11.9418467
89.072827,11.941841
89.082907,11.9418353
89.092987,11.94182961
89.103068,11.94182391
89.113149,11.94181821
89.123229,11.94181252
89.13331,11.94180682
89.14339,11.94180113
89.153471,11.94179543
89.163572,11.94178973
89.173653,11.94178404
89.183733,11.94177834
89.193814,11.94177264
89.203893,11.94176695
89.213974,11.94176125
89.224054,11.94175556
89.234135,11.94174986
89.244216,11.94174416
89.254297,11.94173847
89.264402,11.94173277
89.274482,11.94172707
89.284563,11.94172138
89.294643,11.94171568
89.304723,11.94170998
89.314804,11.94170429
89.324884,11.94169859
89.334964,11.9416929
89.345044,11.9416872
89.355125,11.9416815
89.365215,11.94167581
89.375296,11.94167011
89.385376,11.94166441
89.395456,11.94165872
89.405537,11.94165302
89.415617,11.94164732
89.425697,11.94164163
89.435778,11.94163593
89.445859,11.94163024
89.455938,11.94162454
89.466027,11.94161884
89.476108,11.94161315
89.486188,11.94160745
89.496268,11.94160175
89.506361,11.94159606
89.516442,11.94159036
89.526524,11.94158466
89.536604,11.94157897
89.546684,11.94157327
89.556764,11.94156758
89.566879,11.94156188
89.576961,11.94155618
89.587041,11.94155049
89.597121,11.94154479
89.607202,11.94153909
89.617282,11.9415334
89.627362,11.9415277
89.637443,11.941522
89.647523,11.94151631
89.657603,11.94151061
89.667706,11.94150492
89.677786,11.94149922
89.687866,11.94149352
89.697947,11.94148783
89.708028,11.94148213
89.718109,11.94147643
89.728192,11.94147074
89.738283,11.94146504
89.748367,11.94145935
89.758449,11.94145365
89.768558,11.94144795
89.77864,11.94144226
89.788721,11.94143656
89.798802,11.94143086
89.808883,11.94142517
89.818965,11.94141947
89.829046,11.94141377
89.839127,11.94140808
89.849207,11.94140238
89.859289,11.94139669
89.869399,11.94139099
89.879489,11.94138529
89.889565,11.9413796
89.899644,11.9413739
89.909726,11.9413682
89.919807,11.94136251
89.929888,11.94135681
89.939971,11.94135111
89.950051,11.94134542
89.960132,11.94133972
89.970242,11.94133403
89.98032,11.94132833
89.990402,11.94132299
90.000483,11.94131729
90.010563,11.94131195
90.020645,11.94130626
90.030725,11.94130092
90.040807,11.94129522
90.050888,11.94128988
90.060969,11.94128454
90.071057,11.94127955
90.081139,11.94127457
90.091219,11.94126959
90.101299,11.9412646
90.11138,11.94125962
90.121461,11.94125463
90.131541,11.94124965
90.141622,11.94124466
90.151703,11.94123968
90.161781,11.9412347
90.171882,11.94122971
90.181982,11.94122473
90.192063,11.94121974
90.202143,11.94121476
90.212224,11.94120977
90.222304,11.94120479
90.232386,11.94119981
90.242467,11.94119482
90.252547,11.94118984
90.262628,11.94118485
90.272734,11.94117987
90.282815,11.94117488
90.292894,11.9411699
90.302975,11.94116492
90.313055,11.94115993
90.323136,11.94115495
90.333216,11.94114996
90.343296,11.94114498
90.353377,11.94113999
90.363458,11.94113501
90.37356,11.94113003
90.38364,11.94112504
90.39372,11.94112006
90.403801,11.94111507
90.413881,11.94111009
90.423962,11.9411051
90.434042,11.94110012
90.444123,11.94109514
90.454203,11.94109015
90.464283,11.94108517
90.474385,11.94108018
90.484462,11.9410752
90.494543,11.94107021
90.504623,11.94106523
90.514703,11.94106024
90.524784,11.94105526
90.534864,11.94105028
90.544942,11.94104529
90.555023,11.94104031
90.565102,11.94103532
90.575181,11.94103034
90.585259,11.94102535
90.595337,11.94102037
90.605416,11.94101539
90.615497,11.9410104
90.625577,11.94100542
90.635658,11.94100043
90.645736,11.94099581
90.655817,11.94099082
90.665897,11.94098619
90.676001,11.94098156
90.68608,11.94097694
90.69616,11.94097266
90.70624,11.94096804
90.716321,11.94096376
90.726408,11.94095913
90.736512,11.94095486
90.746606,11.94095059
90.756687,11.94094632
90.766776,11.94094205
90.776901,11.94093777
90.786983,11.9409335
90.797064,11.94092923
90.807149,11.94092496
90.817232,11.94092068
90.827312,11.94091641
90.837394,11.94091214
90.847474,11.94090787
90.857555,11.9409036
90.867653,11.94089932
90.877746,11.94089505
90.887823,11.94089078
90.897895,11.94088651
90.907979,11.94088223
90.918062,11.94087796
90.928144,11.94087369
90.938225,11.94086942
90.948305,11.94086515
90.958386,11.94086087
90.968467,11.9408566
90.978558,11.94085233
90.98864,11.94084806
90.998721,11.94084378
91.008802,11.94083951
91.018882,11.94083524
91.028963,11.94083097
91.039044,11.94082669
91.049124,11.94082242
91.059203,11.94081815
91.069283,11.94081388
91.079374,11.94080961
91.089455,11.94080533
91.099536,11.94080106
91.109617,11.94079679
91.119701,11.94079252
91.129783,11.94078824
91.139866,11.94078397
91.149946,11.9407797
91.160027,11.94077543
91.170108,11.94077116
91.180215,11.94076688
91.190296,11.94076261
91.200378,11.94075834
91.210458,11.94075407
91.220538,11.94074979
91.230619,11.94074552
91.240702,11.94074125
91.250779,11.94073698
91.260862,11.94073271
91.270943,11.94072843
91.281048,11.94072416
91.29113,11.94071989
91.30121,11.94071562
91.311291,11.94071134
91.321372,11.94070707
91.331453,11.9407028
91.341534,11.94069853
91.351615,11.94069425
91.361696,11.94068998
91.371777,11.94068571
91.381879,11.94068144
91.39196,11.94067717
91.402042,11.94067289
91.412123,11.94066862
91.422205,11.94066435
91.432285,11.94066008
91.442366,11.9406558
91.452447,11.94065153
91.462528,11.94064726
91.472609,11.94064299
91.482711,11.94063872
91.492793,11.94063444
91.502874,11.94063017
91.512954,11.9406259
91.523034,11.94062163
91.533115,11.94061735
91.543196,11.94061308
91.553276,11.94060881
91.563356,11.94060454
91.573436,11.94060027
91.583525,11.94059599
91.593604,11.94059172
91.603684,11.94058745
91.613764,11.94058318
91.623844,11.9405789
91.633924,11.94057463
91.644004,11.94057036
91.654083,11.94056609
91.664164,11.94056181
91.674244,11.94055754
91.684345,11.94055327
91.694425,11.940549
91.704505,11.94054473
91.714585,11.94054045
91.724665,11.94053618
91.734749,11.94053191
91.744832,11.94052764
91.754914,11.94052336
91.764995,11.94051909
91.775075,11.94051482
91.78518,11.94051055
91.79526,11.94050628
91.805346,11.940502
91.815429,11.94049773
91.825511,11.94049346
91.835592,11.94048919
91.845673,11.94048527
91.855754,11.940481
91.865835,11.94047708
91.875924,11.94047281
91.886,11.94046889
91.896081,11.94046462
91.906162,11.9404607
91.916241,11.94045679
91.926323,11.94045323
91.936404,11.94044967
91.946485,11.94044611
91.956566,11.94044255
91.966647,11.94043899
91.976729,11.94043543
91.98683,11.94043187
91.996913,11.94042831
92.006994,11.94042475
92.017074,11.94042119
92.027155,11.94041763
92.037247,11.94041407
92.047329,11.94041051
92.057412,11.94040695
92.067494,11.94040339
92.077575,11.94039982
92.087687,11.94039626
92.097769,11.9403927
92.10785,11.94038914
92.11793,11.94038558
92.128011,11.94038202
92.138092,11.94037846
92.148172,11.9403749
92.158253,11.94037134
92.168332,11.94036778
92.17841,11.94036422
92.188512,11.94036066
92.198593,11.9403571
92.208673,11.94035354
92.218753,11.94034998
92.228834,11.94034642
92.238918,11.94034286
92.248998,11.9403393
92.259078,11.94033574
92.269158,11.94033218
92.279239,11.94032862
92.289346,11.94032506
92.299426,11.9403215
92.309507,11.94031794
92.319587,11.94031438
92.329667,11.94031082
92.339745,11.94030726
92.349825,11.9403037
92.359906,11.94030014
92.369986,11.94029658
92.380066,11.94029302
92.390167,11.94028946
92.400248,11.9402859
92.410328,11.94028234
92.420408,11.94027878
92.430489,11.94027522
92.440569,11.94027166
92.45065,11.9402681
92.46073,11.94026454
92.470811,11.94026098
92.480891,11.94025742
92.490997,11.94025386
92.501079,11.9402503
92.511159,11.94024674
92.52124,11.94024318
92.531318,11.94023962
92.541399,11.94023606
92.55148,11.94023249
92.56156,11.94022893
92.571639,11.94022537
92.58172,11.94022181
92.59181,11.94021825
92.60189,11.94021469
92.61197,11.94021113
92.62205,11.94020757
92.63213,11.94020401
92.64221,11.94020045
92.65229,11.94019689
92.66237,11.94019333
92.67245,11.94018977
92.682529,11.94018621
92.69263,11.9401823
92.70271,11.94017874
92.71279,11.94017482
92.722869,11.94017126
92.732952,11.94016734
92.743035,11.94016378
92.753118,11.94016022
92.763199,11.94015666
92.773279,11.9401531
92.78336,11.94014954
92.793457,11.94014598
92.803532,11.94014207
92.813606,11.94013851
92.823687,11.94013459
92.833768,11.94013103
92.843849,11.94012711
92.85393,11.94012355
92.864011,11.94011964
92.874142,11.94011572
92.884218,11.9401118
92.894299,11.94010789
92.904382,11.94010397
92.914463,11.9400997
92.924544,11.94009578
92.934622,11.94009151
92.944699,11.94008759
92.95478,11.94008332
92.964863,11.94007941
92.974943,11.94007513
92.985023,11.94007086
92.995116,11.94006659
93.005197,11.94006232
93.015278,11.94005804
93.025359,11.94005377
93.03544,11.9400495
93.045521,11.94004523
93.055603,11.94004096
93.065684,11.94003668
93.075765,11.94003241
93.085846,11.94002814
93.095948,11.94002387
93.105991,11.94001959
93.116074,11.94001532
93.126154,11.94001105
93.136235,11.94000678
93.146316,11.9400025
93.156397,11.93999823
93.166478,11.93999396
93.176558,11.93998969
93.186639,11.93998542
93.196741,11.93998114
93.206822,11.93997687
93.216903,11.9399726
93.226983,11.93996833
93.237064,11.93996405
93.247146,11.93995978
93.257227,11.93995551
93.267308,11.93995124
93.277388,11.93994697
93.287469,11.93994269
93.297603,11.93993842
93.307685,11.93993415
93.317766,11.93992988
93.327846,11.9399256
93.337927,11.93992133
93.348008,11.93991706
93.358089,11.93991279
93.368169,11.93990852
93.378249,11.93990424
93.388329,11.93989997
93.398432,11.9398957
93.408511,11.93989143
93.418591,11.93988715
93.428684,11.93988288
93.438767,11.93987861
93.448849,11.93987434
93.458927,11.93987006
93.469009,11.93986579
93.47909,11.93986152
93.489171,11.93985725
93.499261,11.93985298
93.509341,11.9398487
93.519421,11.93984443
93.529502,11.93984016
93.539582,11.93983589
93.549663,11.93983161
93.559745,11.93982734
93.569826,11.93982307
93.579907,11.9398188
93.589987,11.93981453
93.600075,11.93981025
93.610156,11.93980598
93.620234,11.93980171
93.630313,11.93979744
93.640392,11.93979316
93.650469,11.93978889
93.660547,11.93978462
93.67063,11.93978035
93.68071,11.93977608
93.690791,11.9397718
93.700902,11.93976753
93.710983,11.93976326
93.721064,11.93975899
93.731149,11.93975471
93.741231,11.93975044
93.751317,11.93974617
93.761399,11.9397419
93.77148,11.93973762
93.781561,11.93973335
93.791643,11.93972908
93.801746,11.93972481
93.811824,11.93972054
93.821904,11.93971626
93.831986,11.93971199
93.842068,11.93970772
93.852149,11.93970345
93.86223,11.93969917
93.87234,11.9396949
93.882432,11.93969063
93.892512,11.93968636
93.902605,11.93968209
93.912687,11.93967781
93.922768,11.93967354
93.932846,11.93966927
93.942928,11.939665
93.953009,11.93966072
93.963092,11.93965645
93.973173,11.93965218
93.983251,11.93964791
93.993333,11.93964364
94.003438,11.93963936
94.013519,11.93963509
94.0236,11.93963082
94.033682,11.93962655
94.043763,11.93962227
94.053842,11.939618
94.063922,11.93961373
94.074004,11.93960946
94.084085,11.93960518
94.094166,11.93960091
94.104267,11.93959664
94.114347,11.93959237
94.124427,11.9395881
94.134505,11.93958382
94.144586,11.93957955
94.154666,11.93957528
94.164748,11.93957101
94.174828,11.93956673
94.184909,11.93956246
94.194986,11.93955819
94.205088,11.93955392
94.215169,11.93954965
94.225249,11.93954537
94.23533,11.9395411
94.245413,11.93953683
94.255494,11.93953256
94.265574,11.93952828
94.275655,11.93952401
94.285735,11.93951974
94.295815,11.93951547
94.305919,11.9395112
94.315999,11.93950692
94.326081,11.93950265
94.336162,11.93949838
94.346243,11.93949411
94.356323,11.93948983
94.366403,11.93948556
94.376484,11.93948129
94.386568,11.93947702
94.396653,11.93947274
94.406759,11.93946847
94.41684,11.9394642
94.426922,11.93945993
94.437003,11.93945566
94.447084,11.93945138
94.457165,11.93944711
94.467245,11.93944284
94.477326,11.93943857
94.487407,11.93943429
94.497488,11.93943002
94.507578,11.93942575
94.517658,11.93942148
94.527738,11.93941721
94.537819,11.93941293
94.5479,11.93940866
94.557982,11.93940439
94.568071,11.93940012
94.578149,11.93939584
94.588233,11.93939157
94.598314,11.9393873
94.608407,11.93938303
94.618488,11.93937876
94.628568,11.93937448
94.638648,11.93937021
94.648729,11.93936594
94.65881,11.93936167
94.66889,11.93935739
94.678971,11.93935312
94.689051,11.93934885
94.699132,11.93934458
94.709234,11.9393403
94.719314,11.93933603
94.729398,11.93933176
94.739479,11.93932749
94.749563,11.93932322
94.759646,11.93931894
94.769727,11.93931467
94.779808,11.9393104
94.789888,11.93930613
94.799969,11.93930185
94.810073,11.93929758
94.820154,11.93929331
94.830234,11.93928904
94.840316,11.93928477
94.850396,11.93928049
94.860477,11.93927622
94.870589,11.93927195
94.880671,11.93926768
94.890746,11.9392634
94.900826,11.93925913
94.910938,11.93925486
94.921019,11.93925059
94.931097,11.93924632
94.94118,11.93924204
94.95126,11.93923777
94.961341,11.9392335
94.971422,11.93922923
94.981463,11.93922495
94.991545,11.93922068
95.001627,11.93921641
95.011731,11.93921214
95.021813,11.93920786
95.031895,11.93920359
95.041977,11.93919932
95.052058,11.93919505
95.062139,11.93919078
95.07222,11.9391865
95.082301,11.93918223
95.092382,11.93917796
95.102465,11.93917369
95.112568,11.93916941
95.12265,11.93916514
95.132731,11.93916087
95.142809,11.9391566
95.15289,11.93915233
95.162971,11.93914805
95.173053,11.93914378
95.183134,11.93913951
95.193214,11.93913524
95.203294,11.93913096
95.213396,11.93912669
95.223476,11.93912242
95.233557,11.93911815
95.243639,11.93911388
95.253719,11.9391096
95.2638,11.93910533
95.273881,11.93910106
95.283962,11.93909679
95.294043,11.93909251
95.304124,11.93908824
95.31423,11.93908397
95.324311,11.9390797
95.334392,11.93907542
95.344472,11.93907115
95.354553,11.93906688
95.364633,11.93906261
95.374714,11.93905834
95.384795,11.93905406
95.394875,11.93904979
95.404956,11.93904552
95.415045,11.93904125
95.425126,11.93903697
95.435204,11.9390327
95.445286,11.93902843
95.455367,11.93902416
95.465447,11.93901989
95.475529,11.93901561
95.485609,11.93901134
95.495691,11.93900707
95.505771,11.9390028
95.515873,11.93899852
95.525953,11.93899425
95.536035,11.93898998
95.546115,11.93898571
95.556196,11.93898144
95.566276,11.93897716
95.576357,11.93897289
95.586437,11.93896862
95.596518,11.93896435
95.606599,11.93896007
95.616688,11.9389558
95.626768,11.93895153
95.636849,11.93894726
95.64693,11.93894298
95.657011,11.93893871
95.667093,11.93893444
95.677173,11.93893017
95.687254,11.9389259
95.697335,11.93892162
95.707415,11.93891735
95.717517,11.93891308
95.727602,11.93890881
95.737686,11.93890453
95.747768,11.93890026
95.757851,11.93889599
95.767933,11.93889172
95.778013,11.93888745
95.788095,11.93888317
95.798177,11.9388789
95.808258,11.93887463
95.818364,11.93887036
95.828453,11.93886608
95.838538,11.93886181
95.848619,11.93885754
95.858698,11.93885327
95.868799,11.93884899
95.87886,11.93884472
95.88894,11.93884045
95.899018,11.93883618
95.9091,11.93883191
95.919212,11.93882763
95.929293,11.93882336
95.939374,11.93881909
95.949455,11.93881482
95.959536,11.93881054
95.969617,11.93880627
95.979695,11.938802
95.989776,11.93879773
95.999856,11.93879346
96.009937,11.93878918
96.020026,11.93878491
96.030107,11.93878064
96.040188,11.93877637
96.050268,11.93877209
96.060349,11.93876782
96.07043,11.93876355
96.080511,11.93875928
96.090592,11.93875501
96.100672,11.93875073
96.110768,11.93874646
96.120884,11.93874219
96.130965,11.93873792
96.141046,11.93873364
96.151125,11.93872937
96.161207,11.9387251
96.171288,11.93872083
96.181366,11.93871655
96.191447,11.93871228
96.201528,11.93870801
96.211607,11.93870374
96.221709,11.93869947
96.23179,11.93869519
96.241869,11.93869092
96.25195,11.93868665
96.262031,11.93868273
96.272112,11.93867846
96.282193,11.93867454
96.292274,11.93867027
96.302354,11.93866636
96.312435,11.93866208
96.322541,11.93865817
96.332624,11.9386539
96.342704,11.93864998
96.352784,11.93864571
96.362864,11.93864179
96.372941,11.93863752
96.383022,11.93863325
96.393102,11.93862933
96.403182,11.93862506
96.413262,11.93862114
96.423365,11.93861687
96.433445,11.93861295
96.443526,11.93860868
96.453606,11.93860476
96.463687,11.93860049
96.473768,11.93859658
96.483848,11.9385923
96.493929,11.93858839
96.50401,11.93858447
96.514091,11.93858055
96.52418,11.93857699
96.534261,11.93857308
96.544342,11.93856952
96.554422,11.9385656
96.564504,11.93856204
96.574584,11.93855813
96.584664,11.93855457
96.594745,11.93855065
96.604826,11.93854709
96.614907,11.93854353
96.62501,11.93853997
96.635091,11.93853641
96.645171,11.93853285
96.655252,11.93852929
96.665331,11.93852573
96.67541,11.93852217
96.685488,11.93851861
96.695566,11.93851505
96.705644,11.93851149
96.715722,11.93850793
96.725831,11.93850437
96.735915,11.93850081
96.745999,11.93849725
96.756081,11.93849369
96.766162,11.93849013
96.776244,11.93848657
96.786325,11.938483
96.796406,11.93847944
96.806493,11.93847588
96.816574,11.93847232
96.82669,11.93846876
96.836771,11.9384652
96.846852,11.93846164
96.856932,11.93845808
96.867017,11.93845452
96.877121,11.93845096
96.88721,11.9384474
96.897289,11.93844384
96.907371,11.93844028
96.91745,11.93843672
96.927561,11.93843316
96.937639,11.9384296
96.947718,11.93842604
96.9578,11.93842248
96.967882,11.93841892
96.977986,11.93841536
96.988068,11.9384118
96.99815,11.93840824
97.00823,11.93840468
97.018311,11.93840112
97.028401,11.93839756
97.038481,11.938394
97.048561,11.93839044
97.058642,11.93838688
97.068723,11.93838332
97.078804,11.93837976
97.088884,11.9383762
97.098978,11.93837264
97.109061,11.93836908
97.119142,11.93836552
97.12926,11.93836196
97.139341,11.9383584
97.149421,11.93835484
97.159502,11.93835128
97.169584,11.93834772
97.179665,11.93834416
97.189746,11.93834024
97.199826,11.93833632
97.209908,11.93833241
97.219989,11.93832849
97.230094,11.93832458
97.240176,11.9383203
97.250257,11.93831639
97.260337,11.93831211
97.270418,11.9383082
97.280499,11.93830393
97.290579,11.93830001
97.30066,11.93829574
97.31074,11.93829182
97.320821,11.93828755
97.330927,11.93828328
97.341008,11.938279
97.351089,11.93827473
97.36117,11.93827046
97.37125,11.93826619
97.381331,11.93826192
97.391411,11.93825764
97.401495,11.93825337
97.411575,11.9382491
97.421657,11.93824483
97.431745,11.93824055
97.441827,11.93823628
97.451908,11.93823201
97.46199,11.93822774
97.47207,11.93822347
97.482151,11.93821919
97.492231,11.93821492
97.502312,11.93821065
97.512393,11.93820638
97.522474,11.9382021
97.532587,11.93819783
97.542668,11.93819356
97.552748,11.93818929
97.562828,11.93818501
97.572909,11.93818074
97.58299,11.93817647
97.59307,11.9381722
97.60315,11.93816793
97.613231,11.93816365
97.623311,11.93815938
97.633412,11.93815511
97.643492,11.93815084
97.65357,11.93814656
97.663651,11.93814229
97.673731,11.93813802
97.683811,11.93813375
97.693891,11.93812948
97.703982,11.9381252
97.714065,11.93812093
97.724147,11.93811666
97.734259,11.93811239
97.744341,11.93810811
97.754422,11.93810384
97.764504,11.93809957
97.774585,11.9380953
97.784666,11.93809103
97.794746,11.93808675
97.804827,11.93808248
97.814909,11.93807821
97.82499,11.93807394
97.835095,11.93806966
97.845176,11.93806539
97.855256,11.93806112
97.865337,11.93805685
97.87546,11.93805257
97.885544,11.9380483
97.895626,11.93804403
97.905708,11.93803976
97.915788,11.93803549
97.92587,11.93803121
97.93598,11.93802694
97.946061,11.93802267
97.956142,11.9380184
97.966223,11.93801412
97.976304,11.93800985
97.986386,11.93800558
97.996468,11.93800131
98.006548,11.93799704
98.016628,11.93799276
98.026709,11.93798849
98.036797,11.93798422
98.046878,11.93797995
98.056959,11.93797567
98.06704,11.9379714
98.077121,11.93796713
98.087202,11.93796286
98.097282,11.93795859
98.107394,11.93795431
98.117481,11.93795004
98.127563,11.93794577
98.137674,11.9379415
98.147756,11.93793722
98.157837,11.93793295
98.167917,11.93792868
98.178027,11.93792441
98.188108,11.93792013
98.198189,11.93791586
98.20827,11.93791159
98.21835,11.93790732
98.228429,11.93790305
98.238533,11.93789877
98.248617,11.9378945
98.258697,11.93789023
98.268779,11.93788596
98.27886,11.93788168
98.288941,11.93787741
98.299022,11.93787314
98.309103,11.93786887
98.319184,11.9378646
98.329266,11.93786032
98.33937,11.93785605
98.349451,11.93785178
98.359531,11.93784751
98.369612,11.93784323
98.379709,11.93783896
98.389792,11.93783469
98.399873,11.93783042
98.409955,11.93782615
98.420034,11.93782187
98.430118,11.9378176
98.440232,11.93781333
98.450313,11.93780906
98.460395,11.93780478
98.470476,11.93780051
98.480557,11.93779624
98.490638,11.93779197
98.500719,11.93778769
98.5108,11.93778342
98.520881,11.93777915
98.530962,11.93777488
98.541051,11.93777061
98.551132,11.93776633
98.561213,11.93776206
98.571295,11.93775779
98.581376,11.93775352
98.591468,11.93774924
98.601551,11.93774497
98.611633,11.9377407
98.621714,11.93773643
98.631796,11.93773216
98.641908,11.93772788
98.65199,11.93772361
98.662071,11.93771934
98.672152,11.93771507
98.682233,11.93771079
98.692313,11.93770652
98.702393,11.93770225
98.712474,11.93769798
98.722554,11.93769371
98.732636,11.93768943
98.742731,11.93768516
98.752817,11.93768089
98.762898,11.93767662
98.77298,11.93767234
98.783061,11.93766807
98.793142,11.9376638
98.803223,11.93765953
98.813304,11.93765525
98.823384,11.93765098
98.833466,11.93764671
98.843569,11.93764244
98.85365,11.93763817
98.863731,11.93763389
98.874116,11.93762962
98.884195,11.93762535
98.894274,11.93762108
98.904352,11.9376168
98.914434,11.93761253
98.924516,11.93760826
98.934598,11.93760399
98.944693,11.93759972
98.954775,11.93759544
98.964856,11.93759117
98.974936,11.9375869
98.985019,11.93758263
98.9951,11.93757835
99.005181,11.93757408
99.015262,11.93756981
99.025343,11.93756554
99.035423,11.93756127
99.045529,11.93755699
99.05561,11.93755272
99.06569,11.93754845
99.075771,11.93754418
99.085852,11.9375399
99.095933,11.93753563
99.106012,11.93753136
99.116093,11.93752709
99.126173,11.93752281
99.136254,11.93751854
99.146357,11.93751427
99.156438,11.93751
99.166519,11.93750573
99.1766,11.93750145
99.186681,11.93749718
99.196762,11.93749291
99.206842,11.93748864
99.216922,11.93748436
99.227002,11.93748009
99.237083,11.93747582
99.247188,11.93747155
99.257269,11.93746728
99.26735,11.937463
99.277431,11.93745873
99.287512,11.93745446
99.297593,11.93745019
99.307674,11.93744591
99.317755,11.93744164
99.327835,11.93743737
99.337916,11.9374331
99.348018,11.93742882
99.358098,11.93742455
99.368179,11.93742028
99.378259,11.93741601
99.38834,11.93741174
99.39842,11.93740746
99.408501,11.93740319
99.418581,11.93739892
99.428662,11.93739465
99.438739,11.93739037
99.448843,11.9373861
99.458924,11.93738183
99.469005,11.93737756
99.479085,11.93737329
99.489165,11.93736901
99.499245,11.93736474
99.509323,11.93736047
99.519403,11.9373562
99.529484,11.93735192
99.539565,11.93734765
99.549654,11.93734338
99.559734,11.93733911
99.569815,11.93733484
99.579895,11.93733056
99.589976,11.93732629
99.600057,11.93732202
99.610136,11.93731775
99.620217,11.93731347
99.630297,11.9373092
99.640377,11.93730493
99.650505,11.93730066
99.660587,11.93729638
99.670668,11.93729211
99.68075,11.93728784
99.690831,11.93728357
99.700908,11.9372793
99.710989,11.93727502
99.72107,11.93727075
99.731158,11.93726648
99.741239,11.93726221
99.75132,11.93725793
99.761399,11.93725366
99.771478,11.93724939
99.781557,11.93724512
99.791639,11.93724085
99.80172,11.93723657
99.811801,11.9372323
99.821882,11.93722803
99.831963,11.93722376
99.842044,11.93721948
99.852151,11.93721521
99.862232,11.93721094
99.872335,11.93720667
99.882428,11.9372024
99.892507,11.93719812
99.902587,11.93719385
99.912665,11.93718958
99.922747,11.93718531
99.932826,11.93718103
99.942909,11.93717676
99.953021,11.93717249
99.963103,11.93716822
99.973184,11.93716394
99.983263,11.93715967
99.993345,11.9371554
100.003426,11.93715113
100.013507,11.93714686
100.023588,11.93714258
100.033668,11.93713831
100.043749,11.93713404
100.053837,11.93712977
100.063918,11.93712549
100.074022,11.93712122
100.084103,11.93711695
100.094184,11.93711268
100.104265,11.93710841
100.114342,11.93710413
100.124424,11.93709986
100.134505,11.93709559
100.144586,11.93709132
100.15469,11.93708704
100.164771,11.93708277
100.174852,11.9370785
100.184933,11.93707423
100.195015,11.93706996
100.205096,11.93706568
100.215176,11.93706141
100.225257,11.93705714
100.235338,11.93705287
100.245417,11.93704824
100.255521,11.93704361
100.265602,11.93703898
100.27568,11.93703471
100.285762,11.93702972
100.295844,11.93702545
100.305925,11.93702047
100.316006,11.9370162
100.326086,11.93701121
100.336166,11.93700694
100.346247,11.93700196
100.356351,11.93699733
100.366431,11.9369927
100.376513,11.93698843
100.386593,11.93698451
100.396675,11.93698024
100.406756,11.93697632
100.416836,11.93697205
100.426916,11.93696813
100.436997,11.93696386
100.447078,11.93695994
100.457181,11.93695567
100.467257,11.9369514
100.477338,11.93694713
100.487419,11.93694286
100.497499,11.93693858
100.50758,11.93693431
100.517661,11.93693004
100.527741,11.93692577
100.537822,11.93692149
100.547903,11.93691722
100.557994,11.93691295
100.568075,11.93690868
100.578156,11.93690441
100.588237,11.93690013
100.598317,11.93689586
100.608398,11.93689159
100.618479,11.93688732
100.628559,11.93688304
100.638639,11.93687877
100.64872,11.9368745
100.65882,11.93687023
100.668901,11.93686595
100.678981,11.93686168
100.689061,11.93685741
100.699142,11.93685314
100.709222,11.93684887
100.719302,11.93684459
100.729381,11.93684032
100.739462,11.93683605
100.749544,11.93683178
100.759655,11.9368275
100.769737,11.93682323
100.779818,11.93681896
100.789899,11.93681469
100.799981,11.93681042
100.810062,11.93680614
100.820143,11.93680187
100.830223,11.9367976
100.840305,11.93679333
100.850385,11.93678905
100.860475,11.93678478
100.870574,11.93678051
100.880658,11.93677624
100.890739,11.93677197
100.900817,11.93676769
100.910895,11.93676342
100.920983,11.93675915
100.931072,11.93675488
100.941152,11.9367506
100.95123,11.93674633
100.961326,11.93674206
100.971408,11.93673779
100.981487,11.93673351
100.99157,11.93672924
101.001651,11.93672497
101.011732,11.9367207
101.021813,11.93671643
101.031895,11.93671215
101.041976,11.93670788
101.052057,11.93670361
101.062161,11.93669934
101.072242,11.93669506
101.082322,11.93669079
101.092404,11.93668652
101.102484,11.93668225
101.112565,11.93667798
101.122646,11.9366737
101.132727,11.93666943
101.142809,11.93666516
101.152889,11.93666089
101.162995,11.93665661
101.173078,11.93665234
101.183159,11.93664807
101.19324,11.9366438
101.203322,11.93663953
101.213403,11.93663525
101.223483,11.93663098
101.233564,11.93662671
101.243646,11.93662244
101.253728,11.93661816
101.263834,11.93661389
101.273916,11.93660962
101.283996,11.93660535
101.294076,11.93660107
101.304158,11.9365968
101.314239,11.93659253
101.32432,11.93658826
101.334401,11.93658399
101.344482,11.93657971
101.354562,11.93657544
101.364665,11.93657117
101.374746,11.9365669
101.384828,11.93656262
101.394909,11.93655835
101.40499,11.93655408
101.415072,11.93654981
101.425153,11.93654554
101.435234,11.93654126
101.445316,11.93653699
101.455398,11.93653272
101.465489,11.93652845
101.47557,11.93652417
101.485652,11.9365199
101.495734,11.93651563
101.505815,11.93651136
101.515896,11.93650709
101.525978,11.93650281
101.536059,11.93649854
101.546139,11.93649427
101.556218,11.93649
101.566321,11.93648572
101.576402,11.93648145
101.586482,11.93647718
101.596564,11.93647291
101.606645,11.93646863
101.616725,11.93646436
101.626805,11.93646009
101.636885,11.93645582
101.646966,11.93645155
101.657046,11.93644727
101.667148,11.936443
101.677229,11.93643873
101.687311,11.93643446
101.697391,11.93643018
101.707471,11.93642591
101.717552,11.93642164
101.727638,11.93641737
101.73772,11.9364131
101.747801,11.93640882
101.757884,11.93640455
101.767991,11.93640028
101.778072,11.93639601
101.788154,11.93639173
101.798235,11.93638746
101.808318,11.93638319
101.818399,11.93637892
101.82848,11.93637465
101.838561,11.93637037
101.848643,11.9363661
101.858723,11.93636183
101.868815,11.93635756
101.878914,11.93635328
101.888993,11.93634901
101.899072,11.93634474
101.909156,11.93634047
101.919241,11.93633619
101.929322,11.93633192
101.939404,11.93632765
101.949485,11.93632338
101.959566,11.93631911
101.969659,11.93631483
101.979738,11.93631056
101.989818,11.93630629
101.9999,11.93630202
102.009979,11.93629774
102.02006,11.93629347
102.03014,11.9362892
102.040221,11.93628493
102.050302,11.93628066
102.060382,11.93627638
102.070487,11.93627211
102.080568,11.93626784
102.090647,11.93626357
102.100728,11.93625929
102.110809,11.93625502
102.12089,11.93625075
102.13097,11.93624648
102.141051,11.93624221
102.151131,11.93623793
102.161212,11.93623366
102.171313,11.93622939
102.181394,11.93622512
102.191488,11.93622084
102.20157,11.93621657
102.211651,11.9362123
102.221732,11.93620803
102.23181,11.93620375
102.241891,11.93619948
102.251974,11.93619521
102.262057,11.93619094
102.272167,11.93618667
102.282248,11.93618239
102.292329,11.93617812
102.302411,11.93617385
102.312492,11.93616958
102.32257,11.9361653
102.332651,11.93616103
102.342732,11.93615676
102.352813,11.93615249
102.362895,11.93614822
102.372998,11.93614394
102.383078,11.93613967
102.39316,11.9361354
102.403241,11.93613113
102.413322,11.93612685
102.423404,11.93612258
102.433485,11.93611831
102.443566,11.93611404
102.453647,11.93610977
102.463728,11.93610549
102.473818,11.93610122
102.483899,11.93609695
102.493981,11.93609268
102.504062,11.9360884
102.51414,11.93608413
102.524221,11.93607986
102.534302,11.93607559
102.544383,11.93607131
102.554464,11.93606704
102.564545,11.93606277
102.574649,11.9360585
102.58473,11.93605423
102.594811,11.93604995
102.604892,11.93604568
102.614973,11.93604141
102.625054,11.93603714
102.635134,11.93603286
102.645215,11.93602859
102.655295,11.93602432
102.665375,11.93602005
102.675477,11.93601578
102.685557,11.9360115
102.695638,11.93600723
102.705718,11.93600296
102.715799,11.93599869
102.725878,11.93599441
102.73596,11.93599014
102.746049,11.93598587
102.756132,11.9359816
102.766213,11.93597733
102.776316,11.93597305
102.786397,11.93596878
102.796475,11.93596451
102.806555,11.93596024
102.816634,11.93595596
102.826713,11.93595169
102.836791,11.93594778
102.846872,11.9359435
102.856953,11.93593959
102.867037,11.93593531
102.877146,11.9359314
102.887226,11.93592713
102.897302,11.93592321
102.907378,11.93591894
102.917454,11.93591502
102.927532,11.93591146
102.937609,11.9359079
102.947687,11.93590434
102.957764,11.93590078
102.967842,11.93589722
102.97799,11.93589366
102.988069,11.9358901
102.99815,11.93588654
103.008232,11.93588298
103.018314,11.93587942
103.028391,11.93587586
103.038472,11.9358723
103.048553,11.93586874
103.058634,11.93586518
103.068712,11.93586162
103.078804,11.93585806
103.088885,11.9358545
103.098965,11.93585094
103.109048,11.93584738
103.119129,11.93584382
103.12921,11.93584026
103.13929,11.9358367
103.149371,11.93583314
103.159451,11.93582958
103.169533,11.93582602
103.179635,11.93582246
103.189716,11.9358189
103.199797,11.93581534
103.209878,11.93581178
103.219958,11.93580821
103.23004,11.93580465
103.24012,11.93580109
103.250203,11.93579753
103.260284,11.93579397
103.270365,11.93579041
103.280468,11.93578685
103.290549,11.93578329
103.30063,11.93577973
103.310711,11.93577617
103.320793,11.93577261
103.330874,11.93576905
103.340955,11.93576549
103.351037,11.93576193
103.361118,11.93575837
103.3712,11.93575481
103.381303,11.93575125
103.391385,11.93574734
103.401465,11.93574306
103.411546,11.93573915
103.421627,11.93573487
103.431708,11.93573096
103.441786,11.93572669
103.451875,11.93572277
103.461956,11.9357185
103.472038,11.93571458
103.482155,11.93571031
103.492236,11.93570604
103.502317,11.93570176
103.512397,11.93569749
103.522478,11.93569322
103.532559,11.93568895
103.542639,11.93568468
103.55272,11.9356804
103.562801,11.93567613
103.572882,11.93567186
103.582973,11.93566759
103.593054,11.93566331
103.603133,11.93565904
103.613214,11.93565477
103.623295,11.9356505
103.633375,11.93564623
103.643456,11.93564195
103.653536,11.93563768
103.663616,11.93563341
103.673697,11.93562914
103.683801,11.93562486
103.693882,11.93562059
103.703962,11.93561632
103.714042,11.93561205
103.724123,11.93560777
103.734206,11.9356035
103.74429,11.93559923
103.754375,11.93559496
103.764457,11.93559069
103.774538,11.93558641
103.784644,11.93558214
103.794722,11.93557787
103.804803,11.9355736
103.814884,11.93556932
103.824966,11.93556505
103.835047,11.93556078
103.845128,11.93555651
103.85521,11.93555224
103.865291,11.93554796
103.875444,11.93554369
103.885555,11.93553942
103.895631,11.93553515
103.905705,11.93553087
103.915777,11.9355266
103.925858,11.93552233
103.935939,11.93551806
103.94602,11.93551378
103.956101,11.93550951
103.966183,11.93550524
103.976263,11.93550097
103.986352,11.9354967
103.996434,11.93549242
104.006514,11.93548815
104.016594,11.93548388
104.026675,11.93547961
104.036756,11.93547533
104.046835,11.93547106
104.056915,11.93546679
104.066995,11.93546252
104.077075,11.93545825
104.087178,11.93545397
104.097257,11.9354497
104.107337,11.93544543
104.117416,11.93544116
104.127495,11.93543688
104.137575,11.93543261
104.147657,11.93542834
104.157737,11.93542407
104.167816,11.9354198
104.177896,11.93541552
104.187999,11.93541125
104.19808,11.93540698
104.208159,11.93540271
104.218239,11.93539843
104.228318,11.93539416
104.238397,11.93538989
104.248475,11.93538562
104.258558,11.93538134
104.268637,11.93537707
104.278719,11.9353728
104.288809,11.93536853
104.29889,11.93536426
104.30897,11.93535998
104.319051,11.93535571
104.329131,11.93535144
104.339211,11.93534717
104.349291,11.93534289
104.359371,11.93533862
104.36945,11.93533435
104.379531,11.93533008
104.389619,11.93532581
104.399698,11.93532153
104.409778,11.93531726
104.419857,11.93531299
104.429937,11.93530872
104.440016,11.93530444
104.450097,11.93530017
104.460178,11.9352959
104.470258,11.93529163
104.480337,11.93528736
104.490441,11.93528308
104.500521,11.93527881
104.5106,11.93527454
104.52068,11.93527027
104.530759,11.93526599
104.540838,11.93526172
104.550918,11.93525745
104.560998,11.93525318
104.571078,11.9352489
104.581158,11.93524463
104.59126,11.93524036
104.60134,11.93523609
104.611419,11.93523182
104.621499,11.93522754
104.631579,11.93522327
104.641659,11.935219
104.651739,11.93521473
104.661818,11.93521045
104.671898,11.93520618
104.68198,11.93520191
104.692068,11.93519764
104.702148,11.93519337
104.712229,11.93518909
104.722317,11.93518482
104.7324,11.93518055
104.74248,11.93517628
104.752571,11.935172
104.762653,11.93516773
104.772733,11.93516346
104.782814,11.93515919
104.792931,11.93515492
104.803011,11.93515064
104.813091,11.93514637
104.823171,11.9351421
104.833251,11.93513783
104.843331,11.93513355
104.85341,11.93512928
104.86349,11.93512501
104.873594,11.93512074
104.883675,11.93511646
104.893761,11.93511219
104.903837,11.93510792
104.913911,11.93510365
104.923993,11.93509938
104.934076,11.9350951
104.944154,11.93509083
104.954237,11.93508656
104.964319,11.93508229
104.974401,11.93507801
104.98448,11.93507374
104.994587,11.93506947
105.004669,11.9350652
105.01475,11.93506093
105.024831,11.93505665
105.034911,11.93505238
105.044992,11.93504811
105.055074,11.93504384
105.065155,11.93503956
105.075233,11.93503529
105.085312,11.93503102
105.095403,11.93502675
105.105484,11.93502248
105.115566,11.9350182
105.125647,11.93501393
105.135727,11.93500966
105.145808,11.93500539
105.155888,11.93500111
105.165985,11.93499684
105.176065,11.93499257
105.186145,11.9349883
105.196248,11.93498402
105.206329,11.93497975
105.21641,11.93497548
105.226491,11.93497121
105.23657,11.93496694
105.246651,11.93496266
105.256735,11.93495839
105.266816,11.93495412
105.276896,11.93494985
105.286977,11.93494557
105.297079,11.9349413
105.307161,11.93493703
105.317242,11.93493276
105.327324,11.93492849
105.337404,11.93492421
105.347486,11.93491994
105.357567,11.93491567
105.367647,11.9349114
105.377728,11.93490712
105.387809,11.93490285
105.397908,11.93489858
105.407989,11.93489431
105.418071,11.93489004
105.428151,11.93488576
105.438234,11.93488149
105.448316,11.93487722
105.458397,11.93487295
105.468478,11.93486867
105.478559,11.9348644
105.48864,11.93486013
105.498751,11.93485586
105.508831,11.93485158
105.518912,11.93484731
105.528992,11.93484304
105.539073,11.93483877
105.549154,11.9348345
105.559234,11.93483022
105.569314,11.93482595
105.579394,11.93482168
105.589472,11.93481741
105.599562,11.93481313
105.609643,11.93480886
105.619723,11.93480459
105.629804,11.93480032
105.639886,11.93479605
105.650056,11.93479177
105.660139,11.9347875
105.670219,11.93478323
105.6803,11.93477896
105.69038,11.93477468
105.70047,11.93477041
105.710551,11.93476614
105.720631,11.93476187
105.730718,11.9347576
105.740799,11.93475332
105.750883,11.93474905
105.760966,11.93474478
105.771047,11.93474051
105.781129,11.93473623
105.79121,11.93473196
105.801317,11.93472769
105.811398,11.93472342
105.82148,11.93471914
105.83156,11.93471487
105.841641,11.9347106
105.851722,11.93470633
105.861802,11.93470206
105.871917,11.93469778
105.882012,11.93469351
105.892092,11.93468924
105.902174,11.93468497
105.91225,11.93468069
105.922328,11.93467642
105.932403,11.93467215
105.942482,11.93466788
105.95256,11.93466325
105.962637,11.93465827
105.972714,11.93465364
105.982789,11.93464865
105.992877,11.93464402
106.003031,11.93463904
106.013113,11.93463441
106.023195,11.93462943
106.033276,11.9346248
106.043357,11.93461981
106.053439,11.93461483
106.06352,11.93460985
106.073601,11.93460486
106.083682,11.93459988
106.093764,11.93459489
106.103854,11.93458991
106.113935,11.93458492
106.124016,11.93457994
106.134097,11.93457496
106.144179,11.93456997
106.154259,11.93456499
106.164341,11.93456
106.174421,11.93455502
106.184503,11.93455003
106.194584,11.93454505
106.204687,11.93454007
106.214767,11.93453508
106.224847,11.9345301
106.234928,11.93452511
106.245009,11.93452013
106.255092,11.93451514
106.265177,11.93451016
106.275259,11.93450518
106.28534,11.93450019
106.295422,11.93449521
106.305529,11.93449022
106.31561,11.93448524
106.325691,11.93448025
106.335771,11.93447527
106.345852,11.93447029
106.355932,11.9344653
106.366012,11.93446032
106.376093,11.93445533
106.386174,11.93445035
106.396255,11.93444536
106.406356,11.93444038
106.416437,11.9344354
106.426518,11.93443041
106.436599,11.93442543
106.446677,11.93442044
106.456757,11.93441546
106.466839,11.93441047
106.476919,11.93440549
106.487001,11.93440051
106.497079,11.93439552
106.507185,11.93439054
106.517265,11.93438555
106.527346,11.93438057
106.537426,11.93437558
106.547506,11.9343706
106.557587,11.93436562
106.567667,11.93436063
106.577746,11.93435565
106.587826,11.93435066
106.597907,11.93434568
106.607997,11.93434069
106.618078,11.93433571
106.628158,11.93433073
106.63824,11.93432574
106.648321,11.93432076
106.658402,11.93431577
106.668482,11.93431079
106.678563,11.9343058
106.688644,11.93430082
106.698724,11.93429584
106.708814,11.93429085
106.718896,11.93428587
106.728982,11.93428088
106.739065,11.9342759
106.749149,11.93427091
106.759231,11.93426593
106.769315,11.93426095
106.779396,11.93425596
106.789478,11.93425098
106.799558,11.93424599
106.809669,11.93424101
106.819751,11.93423602
106.829833,11.93423104
106.839914,11.93422605
106.849997,11.93422107
106.860078,11.93421609
106.870186,11.9342111
106.880272,11.93420612
106.89035,11.93420113
106.900429,11.93419615
106.910539,11.93419116
106.920621,11.93418618
106.930702,11.9341812
106.940785,11.93417621
106.950867,11.93417123
106.960948,11.93416624
106.971029,11.93416126
106.981108,11.93415627
106.991189,11.93415129
107.00127,11.93414631
107.011359,11.93414132
107.021439,11.93413634
107.031521,11.93413135
107.041602,11.93412637
107.051682,11.93412138
107.061765,11.9341164
107.071844,11.93411142
107.081925,11.93410643
107.092007,11.93410145
107.102088,11.93409646
107.112191,11.93409148
107.122267,11.93408649
107.132349,11.93408151
107.142429,11.93407653
107.15251,11.93407154
107.162591,11.93406656
107.172672,11.93406157
107.182753,11.93405659
107.192834,11.9340516
107.202915,11.93404662
107.213016,11.93404164
107.223098,11.93403665
107.233178,11.93403167
107.243259,11.93402668
107.253345,11.9340217
107.263434,11.93401671
107.273516,11.93401173
107.283596,11.93400675
107.293677,11.93400176
107.303758,11.93399678
107.313874,11.93399179
107.323955,11.93398681
107.334036,11.93398182
107.344117,11.93397684
107.354197,11.93397186
107.364278,11.93396687
107.374359,11.93396189
107.384441,11.9339569
107.394522,11.93395192
107.404603,11.93394693
107.414707,11.93394195
107.424788,11.93393697
107.434868,11.93393198
107.444947,11.933927
107.45503,11.93392201
107.465111,11.93391703
107.475191,11.93391204
107.485272,11.93390706
107.495353,11.93390208
107.505434,11.93389709
107.515525,11.93389211
107.525605,11.93388712
107.535686,11.93388214
107.545764,11.93387715
107.555844,11.93387217
107.565925,11.93386719
107.576007,11.9338622
107.586087,11.93385722
107.596167,11.93385223
107.606247,11.93384725
107.616349,11.93384226
107.626429,11.93383728
107.636505,11.9338323
107.646587,11.93382731
107.656667,11.93382233
107.666748,11.93381734
107.676828,11.93381236
107.686908,11.93380737
107.696988,11.93380239
107.70707,11.93379741
107.717171,11.93379242
107.727259,11.93378744
107.737338,11.93378281
107.747428,11.93377782
107.757508,11.9337732
107.76759,11.93376821
107.777671,11.93376358
107.787752,11.9337586
107.797834,11.93375397
107.807915,11.93374899
107.818046,11.93374436
107.828128,11.93373973
107.838209,11.9337351
107.84829,11.93373083
107.858371,11.9337262
107.868484,11.93372193
107.878583,11.9337173
107.888663,11.93371303
107.898742,11.9337084
107.908824,11.93370413
107.918935,11.9336995
107.929017,11.93369523
107.939099,11.93369095
107.94918,11.93368668
107.959261,11.93368241
107.969342,11.93367814
107.979421,11.93367387
107.989502,11.93366959
107.999583,11.93366532
108.009665,11.93366105
108.019756,11.93365678
108.029837,11.9336525
108.039917,11.93364823
108.05001,11.93364396
108.060091,11.93363969
108.070173,11.93363542
108.080254,11.93363114
108.090335,11.93362687
108.100416,11.9336226
108.110497,11.93361833
108.120575,11.93361405
108.130656,11.93360978
108.140737,11.93360551
108.15082,11.93360124
108.160901,11.93359696
108.170983,11.93359269
108.181064,11.93358842
108.191145,11.93358415
108.201225,11.93357988
108.211306,11.9335756
108.22141,11.93357133
108.231491,11.93356706
108.241572,11.93356279
108.251652,11.93355851
108.261734,11.93355424
108.271814,11.93354997
108.281896,11.9335457
108.291976,11.93354143
108.302057,11.93353715
108.312137,11.93353288
108.322239,11.93352861
108.33232,11.93352434
108.342401,11.93352006
108.352482,11.93351579
108.362562,11.93351152
108.372642,11.93350725
108.382723,11.93350298
108.392804,11.9334987
108.402884,11.93349443
108.412964,11.93349016
108.423064,11.93348589
108.433147,11.93348161
108.443228,11.93347734
108.453309,11.93347307
108.46339,11.9334688
108.47347,11.93346452
108.483551,11.93346025
108.493632,11.93345598
108.503713,11.93345171
108.513794,11.93344744
108.52393,11.93344316
108.534013,11.93343889
108.544094,11.93343462
108.554175,11.93343035
108.564256,11.93342607
108.574336,11.9334218
108.584417,11.93341753
108.594498,11.93341326
108.604579,11.93340899
108.614661,11.93340471
108.624754,11.93340044
108.634834,11.93339617
108.644915,11.9333919
108.654997,11.93338762
108.665077,11.93338335
108.675158,11.93337908
108.685241,11.93337481
108.695322,11.93337054
108.705402,11.93336626
108.715483,11.93336199
108.725565,11.93335772
108.735651,11.93335345
108.745739,11.93334917
108.755819,11.9333449
108.765901,11.93334063
108.775984,11.93333636
108.786065,11.93333208
108.796146,11.93332781
108.806227,11.93332354
108.816309,11.93331927
108.826416,11.933315
108.836497,11.93331072
108.846578,11.93330645
108.856659,11.93330218
108.866739,11.93329791
108.876846,11.93329363
108.886927,11.93328936
108.897006,11.93328509
108.907086,11.93328082
108.917164,11.93327655
108.927251,11.93327227
108.937331,11.933268
108.947409,11.93326373
108.957491,11.93325946
108.967573,11.93325518
108.977655,11.93325091
108.987737,11.93324664
108.997819,11.93324237
109.0079,11.9332381
109.017982,11.93323382
109.028091,11.93322955
109.038173,11.93322528
109.048254,11.93322101
109.058336,11.93321673
109.068417,11.93321246
109.078499,11.93320819
109.08858,11.93320392
109.09866,11.93319964
109.10874,11.93319537
109.118822,11.9331911
109.128925,11.93318683
109.139006,11.93318256
109.149087,11.93317828
109.159168,11.93317401
109.169248,11.93316974
109.17933,11.93316547
109.189411,11.93316119
109.199493,11.93315692
109.209574,11.93315265
109.219654,11.93314838
109.229745,11.93314411
109.239825,11.93313983
109.249907,11.93313556
109.259988,11.93313129
109.27007,11.93312702
109.280151,11.93312274
109.290231,11.93311847
109.300312,11.9331142
109.310392,11.93310993
109.320473,11.93310566
109.33058,11.93310138
109.340662,11.93309711
109.350742,11.93309284
109.360823,11.93308857
109.370903,11.93308429
109.380984,11.93308002
109.391066,11.93307575
109.401147,11.93307148
109.411228,11.9330672
109.421308,11.93306293
109.431409,11.93305866
109.44149,11.93305439
109.451573,11.93305012
109.461654,11.93304584
109.471736,11.93304157
109.481818,11.9330373
109.491896,11.93303303
109.501976,11.93302875
109.512057,11.93302448
109.522138,11.93302021
109.532241,11.93301594
109.542322,11.93301167
109.552403,11.93300739
109.562483,11.93300312
109.572563,11.93299885
109.582644,11.93299458
109.592724,11.9329903
109.602804,11.93298603
109.612885,11.93298176
109.622966,11.93297749
109.633066,11.93297322
109.643146,11.93296894
109.653227,11.93296467
109.663307,11.9329604
109.673387,11.93295613
109.683464,11.93295185
109.693545,11.93294758
109.703627,11.93294331
109.713708,11.93293904
109.723788,11.93293476
109.733882,11.93293049
109.743963,11.93292622
109.754047,11.93292195
109.764128,11.93291768
109.77421,11.9329134
109.784292,11.93290913
109.794386,11.93290486
109.804468,11.93290059
109.81455,11.93289631
109.824632,11.93289204
109.834731,11.93288777
109.844812,11.9328835
109.854893,11.93287923
109.864974,11.93287495
109.875081,11.93287068
109.885163,11.93286641
109.895241,11.93286214
109.90532,11.93285786
109.915399,11.93285359
109.925481,11.93284932
109.935632,11.93284505
109.945752,11.93284078
109.956094,11.9328365
109.966202,11.93283223
109.976282,11.93282796
109.98636,11.93282369
109.996435,11.93281941
110.006509,11.93281514
110.01658,11.93281087
110.026656,11.9328066
110.036797,11.93280232
110.046873,11.93279805
110.056948,11.93279378
110.067023,11.93278951
110.077098,11.93278524
110.087172,11.93278096
110.097248,11.93277669
110.107322,11.93277242
110.117397,11.93276815
110.127472,11.93276387
110.137588,11.9327596
110.14767,11.93275533
110.157751,11.93275106
110.167833,11.93274679
110.177914,11.93274251
110.187996,11.93273824
110.198078,11.93273397
110.208166,11.9327297
110.218248,11.93272542
110.228329,11.93272115
110.238421,11.93271688
110.248502,11.93271261
110.258583,11.93270834
110.268665,11.93270406
110.278746,11.93269979
110.288827,11.93269516
110.298908,11.93269089
110.308988,11.93268626
110.319069,11.93268199
110.329151,11.93267772
110.339254,11.93267344
110.349335,11.93266917
110.359416,11.9326649
110.369497,11.93266063
110.379577,11.93265636
110.389658,11.93265208
110.399739,11.93264781
110.409819,11.93264354
110.4199,11.93263891
110.429981,11.93263464
110.440084,11.93263037
110.450165,11.93262609
110.460247,11.93262182
110.470328,11.93261755
110.480409,11.93261328
110.49049,11.93260901
110.50057,11.93260473
110.510651,11.93260046
110.520733,11.93259619
110.530813,11.93259192
110.540915,11.93258764
110.550995,11.93258337
110.561076,11.9325791
110.571157,11.93257483
110.581238,11.93257055
110.59132,11.93256628
110.6014,11.93256201
110.611481,11.93255774
110.621561,11.93255347
110.631641,11.93254919
110.641744,11.93254457
110.651826,11.93254029
110.661906,11.93253602
110.671988,11.93253175
110.682068,11.93252748
110.692148,11.9325232
110.702228,11.93251893
110.71231,11.93251466
110.722391,11.93251039
110.732474,11.93250611
110.742566,11.93250184
110.75265,11.93249757
110.762732,11.9324933
110.772811,11.93248903
110.782894,11.93248475
110.792975,11.93248048
110.803057,11.93247621
110.813138,11.93247194
110.823219,11.93246766
110.833301,11.93246339
110.843391,11.93245912
110.853472,11.93245485
110.863553,11.93245058
110.87366,11.9324463
110.88374,11.93244203
110.893818,11.93243776
110.903901,11.93243349
110.913981,11.93242921
110.924063,11.93242494
110.934144,11.93242067
110.944256,11.9324164
110.954337,11.93241213
110.964415,11.93240785
110.974497,11.93240358
110.984578,11.93239931
110.99466,11.93239504
111.004743,11.93239076
111.014825,11.93238649
111.024907,11.93238222
111.03499,11.93237795
111.045093,11.93237367
111.055175,11.9323694
111.065256,11.93236513
111.075345,11.93236086
111.085426,11.93235659
111.095508,11.93235231
111.10559,11.93234804
111.115672,11.93234377
111.125752,11.9323395
111.135833,11.93233522
111.145948,11.93233095
111.15603,11.93232668
111.166111,11.93232241
111.176191,11.93231814
111.186271,11.93231386
111.196352,11.93230959
111.206432,11.93230532
111.216513,11.93230105
111.226594,11.93229677
111.236675,11.9322925
111.246764,11.93228823
111.256845,11.93228396
111.266925,11.93227969
111.277007,11.93227541
111.287088,11.93227114
111.297169,11.93226687
111.30725,11.9322626
111.317331,11.93225832
111.327411,11.93225405
111.337491,11.93224978
111.347597,11.93224551
111.357678,11.93224123
111.367758,11.93223696
111.377839,11.93223269
111.387919,11.93222842
111.398027,11.93222415
111.408107,11.93221987
111.418187,11.9322156
111.428268,11.93221133
111.438349,11.93220706
111.448449,11.93220278
111.458531,11.93219851
111.468611,11.93219424
111.478692,11.93218997
111.488772,11.9321857
111.498853,11.93218142
111.508934,11.93217715
111.519015,11.93217288
111.529095,11.93216861
111.539173,11.93216433
111.549277,11.93216006
111.559358,11.93215579
111.569438,11.93215152
111.579519,11.93214725
111.5896,11.93214297
111.59968,11.9321387
111.60976,11.93213443
111.619841,11.93213016
111.629922,11.93212588
111.640003,11.93212161
111.650106,11.93211734
111.660187,11.93211307
111.670269,11.93210879
111.680349,11.93210452
111.690429,11.93210025
111.70051,11.93209598
111.710591,11.93209171
111.720671,11.93208743
111.730753,11.93208316
111.740836,11.93207889
111.750945,11.93207462
111.761027,11.93207034
111.771109,11.93206607
111.78119,11.9320618
111.791272,11.93205753
111.801356,11.93205326
111.811439,11.93204898
111.821522,11.93204471
111.831603,11.93204044
111.841685,11.93203617
111.851792,11.93203189
111.861874,11.93202762
111.871969,11.93202335
111.882058,11.93201908
111.892142,11.93201481
111.902225,11.93201053
111.912307,11.93200626
111.922389,11.93200199
111.932467,11.93199772
111.942548,11.93199344
111.952629,11.93198917
111.96271,11.9319849
111.972788,11.93198063
111.982867,11.93197635
111.992947,11.93197208
112.003026,11.93196781
112.013109,11.93196354
112.023191,11.93195927
112.033273,11.93195499
112.043355,11.93195072
112.053465,11.93194645
112.063547,11.93194218
112.073629,11.9319379
112.083711,11.93193363
112.093792,11.93192936
112.103873,11.93192509
112.113954,11.93192082
112.124034,11.93191654
112.134115,11.93191227
112.144197,11.931908
112.1543,11.93190373
112.164381,11.93189945
112.174462,11.93189518
112.184544,11.93189091
112.194625,11.93188664
112.204707,11.93188237
112.214787,11.93187809
112.224869,11.93187382
112.23495,11.93186955
112.245027,11.93186528
112.255118,11.93186136
112.2652,11.93185744
112.275282,11.93185388
112.285363,11.93185032
112.295441,11.93184676
112.305522,11.9318432
112.315602,11.93183964
112.325683,11.93183608
112.335763,11.93183252
112.345854,11.93182896
112.355974,11.9318254
112.366057,11.93182184
112.376138,11.93181828
112.38622,11.93181472
112.396301,11.93181116
112.406382,11.9318076
112.416463,11.93180404
112.426544,11.93180048
112.436625,11.93179692
112.446706,11.93179336
112.456812,11.9317898
112.466894,11.93178624
112.476974,11.93178304
112.487055,11.93177947
112.497136,11.93177627
112.507218,11.93177307
112.517298,11.93176986
112.527379,11.93176666
112.537459,11.93176345
112.547542,11.93176025
112.557645,11.93175705
112.567727,11.93175384
112.577808,11.93175064
112.587889,11.93174779
112.597971,11.93174458
112.608053,11.93174174
112.618135,11.93173889
112.628216,11.93173604
112.638297,11.93173319
112.648379,11.93173034
112.658483,11.9317275
112.668563,11.93172465
112.678644,11.9317218
112.688725,11.93171895
112.698806,11.9317161
112.708887,11.93171325
112.718969,11.93171041
112.729057,11.93170756
112.739139,11.93170471
112.749226,11.93170186
112.759316,11.93169901
112.7694,11.93169617
112.779481,11.93169332
112.789563,11.93169047
112.799645,11.93168762
112.809723,11.93168477
112.819801,11.93168192
112.829882,11.93167908
112.839963,11.93167623
112.850042,11.93167338
112.860131,11.93167089
112.870264,11.9316684
112.880351,11.93166626
112.890428,11.93166412
112.900507,11.93166199
112.91059,11.93165985
112.920672,11.93165772
112.930761,11.93165558
112.940841,11.93165344
112.950923,11.93165131
112.961017,11.93164917
112.971099,11.93164703
112.981178,11.9316449
112.991261,11.93164276
113.001342,11.93164063
113.01142,11.93163849
113.021501,11.93163635
113.031582,11.93163422
113.041662,11.93163208
113.051743,11.93162995
113.061846,11.93162781
113.071927,11.93162567
113.082007,11.93162354
113.092089,11.9316214
113.10217,11.93161927
113.11225,11.93161713
113.122331,11.93161499
113.132413,11.93161286
113.142493,11.93161072
113.152574,11.93160858
113.162676,11.93160645
113.172757,11.93160431
113.182838,11.93160218
113.192919,11.93160004
113.203,11.9315979
113.213081,11.93159577
113.223161,11.93159363
113.233242,11.9315915
113.243322,11.93158936
113.253402,11.93158722
113.263506,11.93158509
113.273583,11.93158295
113.283662,11.93158081
113.293741,11.93157868
113.303819,11.93157654
113.3139,11.93157441
113.323981,11.93157227
113.334062,11.93157013
113.344143,11.931568
113.354223,11.93156586
113.364328,11.93156373
113.374409,11.93156159
113.38449,11.93155945
113.394571,11.93155732
113.404651,11.93155518
113.414732,11.93155305
113.424812,11.93155091
113.434893,11.93154877
113.444973,11.93154664
113.455054,11.9315445
113.465146,11.93154236
113.475226,11.93154023
113.485307,11.93153809
113.495387,11.93153596
113.505468,11.93153382
113.515549,11.93153168
113.525629,11.93152955
113.53571,11.93152741
113.545791,11.93152528
113.555871,11.93152314
113.566025,11.931521
113.57611,11.93151887
113.586189,11.93151673
113.596271,11.93151459
113.606352,11.93151246
113.616443,11.93151032
113.626528,11.93150819
113.636611,11.93150605
113.646692,11.93150391
113.656773,11.93150178
113.666869,11.93149964
113.676951,11.93149751
113.687033,11.93149537
113.697114,11.93149323
113.707195,11.9314911
113.717275,11.93148932
113.727361,11.93148754
113.737445,11.93148611
113.747529,11.93148469
113.757613,11.93148326
113.767727,11.93148184
113.777809,11.93148042
113.787891,11.93147899
113.797973,11.93147757
113.808053,11.93147614
113.818134,11.93147472
113.828215,11.9314733
113.838295,11.93147187
113.848376,11.93147045
113.858456,11.93146902
113.868587,11.9314676
113.878681,11.93146618
113.888761,11.93146475
113.898841,11.93146333
113.90892,11.9314619
113.919002,11.93146048
113.929083,11.93145906
113.939164,11.93145763
113.949246,11.93145621
113.959326,11.93145478
113.969438,11.93145336
113.979515,11.93145193
113.989597,11.93145051
113.999677,11.93144909
114.009758,11.93144766
114.019839,11.93144624
114.029921,11.93144481
114.040003,11.93144339
114.050084,11.93144197
114.060165,11.93144054
114.07027,11.93143912
114.08035,11.93143769
114.090431,11.93143627
114.100512,11.93143485
114.110593,11.93143342
114.120673,11.931432
114.130754,11.93143057
114.140835,11.93142915
114.150915,11.93142773
114.160997,11.9314263
114.171101,11.93142488
114.181182,11.93142345
114.191263,11.93142203
114.201344,11.93142061
114.211426,11.93141918
114.221506,11.93141776
114.231587,11.93141633
114.241668,11.93141491
114.251749,11.93141348
114.261828,11.93141206
114.271932,11.93141064
114.282012,11.93140921
114.29209,11.93140779
114.302171,11.93140636
114.312249,11.93140494
114.322329,11.93140352
114.332409,11.93140209
114.34249,11.93140067
114.35257,11.93139924
114.362652,11.93139782
114.372754,11.9313964
114.382835,11.93139497
114.392915,11.93139355
114.402997,11.93139212
114.413078,11.9313907
114.423159,11.93138928
114.433239,11.93138785
114.44332,11.93138643
114.4534,11.931385
114.46348,11.93138358
114.473583,11.93138215
114.483665,11.93138073
114.493745,11.93137931
114.503826,11.93137788
114.513904,11.93137646
114.523985,11.93137503
114.534066,11.93137361
114.544147,11.93137219
114.554227,11.93137076
114.564307,11.93136934
114.574411,11.93136791
114.584492,11.93136649
114.594573,11.93136507
114.604654,11.93136364
114.614735,11.93136222
114.624816,11.93136115
114.634897,11.93136008
114.644977,11.93135901
114.655058,11.93135795
114.665138,11.93135652
114.675243,11.93135545
114.685324,11.93135439
114.695405,11.93135367
114.705487,11.93135296
114.715568,11.93135225
114.725648,11.93135154
114.735731,11.93135082
114.74581,11.93135011
114.755892,11.9313494
114.765976,11.93134869
114.776069,11.93134798
114.78615,11.93134726
114.796231,11.93134655
114.806313,11.93134584
114.816394,11.93134513
114.826476,11.93134442
114.836558,11.9313437
114.846639,11.93134299
114.85672,11.93134228
114.8668,11.93134157
114.876902,11.93134086
114.886986,11.93134014
114.897073,11.93133943
114.907153,11.93133872
114.917234,11.93133801
114.927315,11.9313373
114.937397,11.93133658
114.947478,11.93133587
114.957559,11.93133516
114.96764,11.93133445
114.977734,11.93133374
114.987815,11.93133302
114.997898,11.93133231
115.007979,11.9313316
115.018061,11.93133089
115.02814,11.93133018
115.038218,11.93132946
115.048296,11.93132875
115.058375,11.93132804
115.068454,11.93132733
115.078566,11.93132662
115.088647,11.9313259
115.098728,11.93132519
115.108808,11.93132448
115.118888,11.93132377
115.128969,11.93132306
115.139049,11.93132234
115.149129,11.93132163
115.159211,11.93132092
115.169291,11.93132021
115.179395,11.93131949
115.189477,11.93131878
115.199557,11.93131807
115.209638,11.93131736
115.219718,11.93131665
115.229798,11.93131593
115.239878,11.93131522
115.249982,11.93131451
115.260062,11.9313138
115.270145,11.93131309
115.280257,11.93131237
115.290338,11.93131166
115.300419,11.93131095
115.310501,11.93131024
115.320582,11.93130953
115.330664,11.93130881
115.340744,11.9313081
115.350825,11.93130739
115.360906,11.93130668
115.370987,11.93130597
115.381092,11.93130561
115.391172,11.9313049
115.401252,11.93130454
115.411333,11.93130383
115.421413,11.93130347
115.431494,11.93130312
115.441574,11.93130312
115.451655,11.93130312
115.461736,11.93130312
115.471817,11.93130312
115.481907,11.93130312
115.491988,11.93130312
115.502069,11.93130312
115.512149,11.93130312
115.522231,11.93130312
115.532311,11.93130312
115.542392,11.93130312
115.552473,11.93130312
115.562553,11.93130312
115.572635,11.93130312
115.582738,11.93130312
115.592819,11.93130312
115.6029,11.93130312
115.612981,11.93130312
115.623061,11.93130312
115.633142,11.93130312
115.643223,11.93130312
115.653303,11.93130312
115.663384,11.93130312
115.673463,11.93130312
115.683566,11.93130312
115.693647,11.93130312
115.703727,11.93130312
115.713807,11.93130312
115.723886,11.93130312
115.733972,11.93130312
115.744053,11.93130312
115.754135,11.93130312
115.764228,11.93130312
115.774312,11.93130312
115.784426,11.93130312
115.794507,11.93130312
115.804588,11.93130312
115.814669,11.93130312
115.82475,11.93130312
115.834831,11.93130312
115.844912,11.93130312
115.854993,11.93130312
115.865075,11.93130312
115.875184,11.93130312
115.885278,11.93130312
115.895357,11.93130312
115.905436,11.93130312
115.915516,11.93130312
115.925597,11.93130312
115.935679,11.93130312
115.945761,11.93130312
115.955842,11.93130312
115.965923,11.93130312
115.976004,11.93130312
115.986083,11.93130312
115.996165,11.93130312
116.006246,11.93130312
116.016327,11.93130312
116.026407,11.93130312
116.036489,11.93130347
116.04657,11.93130419
116.056652,11.9313049
116.066734,11.93130561
116.076815,11.93130632
116.086906,11.93130703
116.096988,11.93130775
116.10707,11.93130846
116.117152,11.93130917
116.127233,11.93130988
116.137314,11.93131059
116.147395,11.93131131
116.157476,11.93131202
116.167557,11.93131273
116.177646,11.93131344
116.187768,11.93131415
116.19785,11.93131487
116.20793,11.93131558
116.218012,11.93131629
116.228093,11.931317
116.238175,11.93131771
116.248256,11.93131843
116.258336,11.93131914
116.268418,11.93131985
116.278499,11.93132056
116.288606,11.93132128
116.298687,11.93132199
116.308768,11.9313227
116.318849,11.93132341
116.328931,11.93132412
116.339009,11.93132484
116.349092,11.93132555
116.359172,11.93132626
116.369253,11.93132697
116.379334,11.93132768
116.389436,11.9313284
116.399518,11.93132911
116.409598,11.93132982
116.419679,11.93133053
116.429759,11.93133124
116.43984,11.93133196
116.449921,11.93133267
116.460004,11.93133338
116.470085,11.93133409
116.480166,11.9313348
116.490271,11.93133552
116.500352,11.93133623
116.510433,11.9313373
116.520514,11.93133801
116.530595,11.93133908
116.540675,11.93134014
116.550755,11.93134157
116.560836,11.93134299
116.570916,11.93134442
116.580997,11.93134584
116.591087,11.93134726
116.601168,11.93134869
116.611249,11.93135011
116.62133,11.93135154
116.631411,11.93135296
116.641492,11.93135439
116.651572,11.93135581
116.661651,11.93135723
116.671731,11.93135866
116.681811,11.93136008
116.691915,11.93136151
116.701994,11.93136293
116.712074,11.93136435
116.722154,11.93136578
116.73224,11.9313672
116.742323,11.93136863
116.752406,11.93137005
116.762489,11.93137147
116.77257,11.9313729
116.782652,11.93137432
116.792758,11.93137575
116.802848,11.93137717
116.812933,11.93137859
116.823014,11.93138002
116.833095,11.93138144
116.843175,11.93138287
116.853253,11.93138429
116.863335,11.93138571
116.873438,11.93138714
116.883522,11.93138856
116.893633,11.93138999
116.903712,11.93139141
116.913791,11.93139284
116.923874,11.93139426
116.933953,11.93139568
116.944033,11.93139711
116.954111,11.93139853
116.964193,11.93139996
116.974273,11.93140138
116.984355,11.9314028
116.994446,11.93140423
117.004527,11.93140565
117.014608,11.93140708
117.024689,11.9314085
117.03477,11.93140992
117.04485,11.93141135
117.054931,11.93141277
117.065011,11.9314142
117.075093,11.93141562
117.085174,11.93141704
117.095278,11.93141847
117.105358,11.93141989
117.115439,11.93142132
117.12552,11.93142274
117.1356,11.93142417
117.145682,11.93142559
117.155762,11.93142701
117.165843,11.93142844
117.175923,11.93142986
117.186004,11.93143129
117.196108,11.93143271
117.206189,11.93143413
117.216269,11.93143556
117.22635,11.93143698
117.23643,11.93143841
117.246511,11.93143983
117.256612,11.93144125
117.266693,11.93144268
117.276774,11.9314441
117.286855,11.93144553
117.296961,11.93144695
117.307042,11.93144873
117.317125,11.93145051
117.327205,11.93145265
117.337286,11.93145443
117.347368,11.93145656
117.357449,11.9314587
117.367531,11.93146084
117.377613,11.93146297
117.387693,11.93146511
117.397797,11.93146724
117.407879,11.93146938
117.417979,11.93147152
117.42806,11.93147365
117.438141,11.93147579
117.448234,11.93147792
117.458316,11.93148006
117.468398,11.9314822
117.478479,11.93148433
117.48856,11.93148647
117.498654,11.93148861
117.508736,11.93149074
117.518816,11.93149288
117.528897,11.93149501
117.538978,11.93149715
117.549059,11.93149929
117.559139,11.93150142
117.56922,11.93150356
117.5793,11.93150569
117.589382,11.93150783
117.599488,11.93150997
117.609569,11.9315121
117.61965,11.93151424
117.629732,11.93151637
117.639813,11.93151851
117.649894,11.93152065
117.659974,11.93152278
117.670056,11.93152492
117.680138,11.93152706
117.690219,11.93152919
117.700336,11.93153133
117.710422,11.93153346
117.720502,11.93153596
117.730585,11.93153845
117.740673,11.9315413
117.75076,11.93154414
117.760845,11.93154699
117.770924,11.93154984
117.781006,11.93155269
117.791087,11.93155554
117.801178,11.93155839
117.811259,11.93156123
117.82134,11.93156408
117.831421,11.93156693
117.841502,11.93156978
117.851583,11.93157263
117.861663,11.93157547
117.871775,11.93157832
117.88187,11.93158117
117.89195,11.93158402
117.902041,11.93158722
117.912123,11.93159007
117.922204,11.93159328
117.932283,11.93159612
117.942364,11.93159933
117.952445,11.93160218
117.962527,11.93160502
117.972608,11.93160787
117.982687,11.93161072
117.992769,11.93161357
118.002861,11.93161642
118.012942,11.93161962
118.023021,11.93162247
118.033101,11.93162567
118.043182,11.93162852
118.05326,11.93163173
118.063341,11.93163457
118.073423,11.93163778
118.083502,11.93164098
118.093582,11.93164419
118.103661,11.93164739
118.113739,11.9316506
118.123818,11.93165416
118.133897,11.93165736
118.143979,11.93166092
118.154071,11.93166412
118.164152,11.93166768
118.174234,11.93167089
118.184315,11.93167445
118.194396,11.93167801
118.204509,11.93168157
118.21459,11.93168513
118.22467,11.93168869
118.23475,11.93169225
118.24483,11.93169581
118.254912,11.93169937
118.264989,11.93170293
118.27507,11.93170649
118.28515,11.93171005
118.295231,11.93171361
118.305338,11.93171717
118.315419,11.93172073
118.325499,11.93172429
118.335579,11.93172785
118.34566,11.93173141
118.35574,11.93173497
118.36582,11.93173853
118.375901,11.93174209
118.386006,11.93174565
118.396087,11.93174921
118.406192,11.93175277
118.416273,11.93175633
118.426354,11.93175989
118.436435,11.93176345
118.446517,11.93176737
118.456598,11.93177129
118.466678,11.93177556
118.476759,11.93177983
118.48684,11.9317841
118.496921,11.93178838
118.507025,11.93179265
118.517106,11.93179692
118.527188,11.93180119
118.537268,11.93180546
118.54735,11.93180974
118.55743,11.93181401
118.567511,11.93181828
118.577591,11.93182255
118.587671,11.93182683
118.597752,11.9318311
118.607842,11.93183537
118.617923,11.93183964
118.628004,11.93184391
118.638084,11.93184819
118.648165,11.93185246
118.658246,11.93185673
118.668327,11.931861
118.678407,11.93186528
118.688487,11.93186955
118.698568,11.93187382
118.708668,11.93187809
118.718761,11.93188237
118.728849,11.93188664
118.738934,11.93189091
118.749019,11.93189518
118.759102,11.93189945
118.769186,11.93190373
118.779269,11.931908
118.78935,11.93191227
118.799431,11.93191654
118.809542,11.93192082
118.819624,11.93192509
118.829705,11.93192936
118.839786,11.93193363
118.849867,11.9319379
118.859948,11.93194218
118.870059,11.93194645
118.880144,11.93195072
118.890223,11.93195499
118.900302,11.93195927
118.910381,11.93196354
118.920463,11.93196781
118.930544,11.93197244
118.940624,11.93197707
118.950705,11.9319817
118.960786,11.93198668
118.970869,11.93199166
118.980948,11.93199665
118.991029,11.93200163
119.00111,11.93200662
119.0112,11.9320116
119.021282,11.93201659
119.031363,11.93202157
119.041444,11.93202655
119.051525,11.93203154
119.061603,11.93203652
119.071684,11.93204151
119.081765,11.93204649
119.091847,11.93205148
119.101928,11.93205646
119.112031,11.93206144
119.122112,11.93206643
119.132193,11.93207141
119.142273,11.9320764
119.152354,11.93208138
119.162435,11.93208637
119.172516,11.93209135
119.182596,11.93209633
119.192677,11.93210132
119.202758,11.9321063
119.212861,11.93211129
119.222942,11.93211627
119.233021,11.93212126
119.243103,11.93212624
119.253184,11.93213122
119.263265,11.93213621
119.273347,11.93214119
119.283428,11.93214618
119.293509,11.93215116
119.303591,11.93215615
119.313696,11.93216113
119.323777,11.93216611
119.333858,11.9321711
119.343939,11.93217608
119.354019,11.93218107
119.364099,11.93218605
119.37418,11.93219104
119.38426,11.93219602
119.39434,11.932201
119.404421,11.93220634
119.414528,11.93221168
119.424608,11.93221738
119.4347,11.93222308
119.44478,11.93222877
119.454863,11.93223447
119.464943,11.93224017
119.475023,11.93224586
119.485104,11.93225156
119.495184,11.93225726
119.505264,11.93226295
119.515355,11.93226865
119.525434,11.93227434
119.535514,11.93228004
119.545594,11.93228574
119.555675,11.93229143
119.565755,11.93229713
119.575835,11.93230283
119.585914,11.93230852
119.595994,11.93231422
119.606074,11.93231992
119.616177,11.93232561
119.626258,11.93233131
119.636338,11.932337
119.646417,11.9323427
119.656497,11.9323484
119.666577,11.93235409
119.676657,11.93235979
119.686737,11.93236549
119.696818,11.93237118
119.706899,11.93237688
119.717002,11.93238258
119.727086,11.93238827
119.737171,11.93239397
119.747253,11.93239966
119.757337,11.93240536
119.767417,11.93241106
119.7775,11.93241675
119.78758,11.93242245
119.797661,11.93242815
119.807741,11.93243384
119.817834,11.93243954
119.827914,11.93244524
119.838027,11.93245093
119.848107,11.93245663
119.858188,11.93246232
119.868297,11.93246802
119.878398,11.93247372
119.888479,11.93247941
119.898558,11.93248511
119.908639,11.93249081
119.918751,11.9324965
119.928833,11.9325022
119.938915,11.93250789
119.948996,11.93251359
119.959078,11.93251929
119.969158,11.93252498
119.979236,11.93253068
119.989323,11.93253638
119.999405,11.93254207
120.009486,11.93254777
120.019579,11.93255347
120.02966,11.93255916
120.039741,11.93256486
120.049819,11.93257055
120.059901,11.93257661
120.06998,11.93258266
120.080063,11.93258907
120.090143,11.93259548
120.100224,11.93260188
120.110303,11.93260829
120.120409,11.9326147
120.13049,11.93262111
120.14057,11.93262752
120.15065,11.93263393
120.160731,11.93264033
120.170812,11.93264674
120.18089,11.93265315
120.190971,11.93265956
120.201051,11.93266597
120.211131,11.93267238
120.221235,11.93267879
120.231315,11.93268519
120.241396,11.9326916
120.251478,11.93269801
120.261559,11.93270442
120.271641,11.93271083
120.281723,11.93271724
120.291803,11.93272364
120.301884,11.93273005
120.311964,11.93273646
120.322071,11.93274287
120.332153,11.93274928
120.342233,11.93275569
120.352315,11.93276209
120.362396,11.9327685
120.372477,11.93277491
120.382558,11.93278132
120.392639,11.93278773
120.402717,11.93279414
120.412797,11.93280054
120.422902,11.93280695
120.432983,11.93281336
120.443063,11.93281977
120.453144,11.93282618
120.463225,11.93283259
120.473305,11.93283899
120.483385,11.9328454
120.493465,11.93285181
120.503545,11.93285822
120.513625,11.93286463
120.523714,11.93287139
120.533794,11.93287816
120.543874,11.93288528
120.553954,11.9328924
120.564034,11.93289952
120.574114,11.93290664
120.584195,11.93291376
120.594277,11.93292088
120.604357,11.932928
120.614437,11.93293512
120.62454,11.93294224
120.634621,11.93294936
120.644701,11.93295648
120.654781,11.9329636
120.664861,11.93297072
120.674941,11.93297784
120.685021,11.93298496
120.695101,11.93299208
120.705181,11.9329992
120.715261,11.93300633
120.725362,11.93301345
120.735446,11.93302057
120.74553,11.93302769
120.755612,11.93303481
120.765696,11.93304193
120.775778,11.93304905
120.78586,11.93305617
120.79594,11.93306329
120.806021,11.93307041
120.816101,11.93307753
120.826192,11.93308465
120.836273,11.93309177
120.846354,11.93309889
120.856435,11.93310601
120.866516,11.93311313
120.876612,11.93312025
120.886695,11.93312737
120.896773,11.93313449
120.906854,11.93314161
120.916931,11.93314873
120.927042,11.93315585
120.937123,11.93316297
120.947201,11.93317045
120.957281,11.93317828
120.967362,11.93318612
120.977443,11.93319395
120.987525,11.93320178
120.997608,11.93320961
121.007689,11.93321745
121.017771,11.93322528
121.02786,11.93323311
121.037941,11.93324094
121.048022,11.93324878
121.058103,11.93325661
121.068184,11.93326444
121.078266,11.93327227
121.088347,11.93328011
121.098427,11.93328794
121.108503,11.93329577
121.118586,11.9333036
121.128687,11.93331144
121.138765,11.93331927
121.148845,11.9333271
121.158925,11.93333493
121.169004,11.93334277
121.179083,11.9333506
121.189162,11.93335843
121.199244,11.93336626
121.209325,11.9333741
121.219407,11.93338193
121.229517,11.93338976
121.239598,11.93339759
121.24969,11.93340543
121.259776,11.93341326
121.269856,11.93342109
121.279938,11.93342892
121.290019,11.93343676
121.3001,11.93344459
121.310181,11.93345278
121.320262,11.93346132
121.330384,11.93346951
121.340466,11.93347805
121.350548,11.9334866
121.360629,11.93349514
121.370711,11.93350369
121.380792,11.93351223
121.390872,11.93352078
121.400953,11.93352932
121.411034,11.93353787
121.421115,11.93354641
121.431219,11.93355495
121.4413,11.9335635
121.45138,11.93357204
121.461459,11.93358059
121.47154,11.93358913
121.481621,11.93359768
121.491701,11.93360622
121.50178,11.93361477
121.511861,11.93362331
121.52194,11.93363186
121.53203,11.9336404
121.542111,11.93364894
121.552191,11.93365749
121.562272,11.93366603
121.572352,11.93367458
121.582433,11.93368312
121.592513,11.93369167
121.602594,11.93370021
121.612674,11.93370876
121.622754,11.9337173
121.632858,11.93372584
121.642939,11.93373439
121.65302,11.93374293
121.6631,11.93375148
121.67318,11.93376002
121.683261,11.93376857
121.693341,11.93377711
121.703422,11.93378566
121.713503,11.9337942
121.723582,11.93380275
121.733692,11.93381165
121.743772,11.9338209
121.753855,11.93383016
121.763937,11.93383942
121.774021,11.93384867
121.784103,11.93385793
121.794184,11.93386719
121.804277,11.93387644
121.814361,11.9338857
121.824443,11.93389495
121.83456,11.93390421
121.844641,11.93391347
121.854722,11.93392272
121.864803,11.93393198
121.874914,11.93394124
121.884997,11.93395049
121.895076,11.93395975
121.905155,11.93396901
121.915233,11.93397826
121.925316,11.93398752
121.935409,11.93399678
121.945491,11.93400603
121.955573,11.93401529
121.965654,11.93402455
121.975736,11.9340338
121.985819,11.93404306
121.995901,11.93405232
122.005982,11.93406157
122.016063,11.93407083
122.026144,11.93408009
122.036229,11.93408934
122.046311,11.93409896
122.056393,11.93410857
122.066474,11.93411854
122.076555,11.93412851
122.086636,11.93413847
122.096719,11.93414844
122.106799,11.93415841
122.116881,11.93416838
122.126962,11.93417835
122.137068,11.93418832
122.147149,11.93419829
122.157231,11.93420825
122.167311,11.93421822
122.177393,11.93422819
122.187474,11.93423816
122.197555,11.93424813
122.207635,11.9342581
122.217715,11.93426807
122.227794,11.93427803
122.237896,11.934288
122.247977,11.93429797
122.258057,11.93430794
122.268137,11.93431791
122.278218,11.93432788
122.288299,11.93433785
122.29838,11.93434781
122.308461,11.93435778
122.318541,11.93436775
122.328623,11.93437772
122.338728,11.93438769
122.348809,11.93439766
122.35889,11.93440763
122.368971,11.93441759
122.379051,11.93442756
122.389132,11.93443753
122.399212,11.93444786
122.409293,11.93445818
122.41937,11.93446851
122.429451,11.93447883
122.439557,11.93448915
122.449638,11.93449984
122.459718,11.93451016
122.469799,11.93452084
122.47988,11.93453117
122.48998,11.93454185
122.500061,11.93455217
122.510143,11.93456285
122.520239,11.93457318
122.530321,11.93458421
122.540417,11.93459525
122.550499,11.93460664
122.560579,11.93461803
122.570661,11.93462943
122.580742,11.93464082
122.590823,11.93465221
122.600903,11.93466361
122.610984,11.934675
122.621065,11.93468639
122.631145,11.93469778
122.64125,11.93470918
122.651331,11.93472057
122.66141,11.93473196
122.671491,11.93474335
122.681571,11.93475475
122.691651,11.93476614
122.701732,11.93477753
122.711812,11.93478893
122.721891,11.93480032
122.731975,11.93481207
122.742083,11.93482382
122.752173,11.93483592
122.762261,11.93484802
122.772343,11.93486013
122.782424,11.93487223
122.792506,11.93488434
122.802585,11.93489644
122.812666,11.93490855
122.822747,11.93492065
122.832827,11.93493276
122.842934,11.93494486
122.853016,11.93495697
122.863097,11.93496907
122.873196,11.93498118
122.883279,11.93499328
122.893357,11.93500539
122.903434,11.93501749
122.913512,11.9350296
122.923595,11.9350417
122.933673,11.93505381
122.943767,11.93506591
122.953847,11.93507801
122.963928,11.93509012
122.974009,11.93510222
122.98409,11.93511433
122.994167,11.93512679
123.004248,11.93513925
123.014329,11.93515207
123.024409,11.93516488
123.03449,11.9351777
123.044595,11.93519052
123.054676,11.93520333
123.064757,11.93521615
123.074838,11.93522897
123.084918,11.93524178
123.094999,11.9352546
123.105079,11.93526742
123.11516,11.93528023
123.125241,11.93529305
123.135322,11.93530587
123.145425,11.93531869
123.155505,11.9353315
123.165585,11.93534432
123.175666,11.93535714
123.185746,11.93536995
123.195827,11.93538277
123.205908,11.93539559
123.215989,11.9354084
123.226069,11.93542122
123.236149,11.93543404
123.246253,11.93544685
123.256334,11.93545967
123.266415,11.93547249
123.276495,11.9354853
123.286576,11.93549812
123.296657,11.93551094
123.306738,11.93552411
123.316818,11.93553728
123.326899,11.93555081
123.336979,11.93556434
123.347085,11.93557787
123.357166,11.9355914
123.367246,11.93560493
123.377326,11.93561846
123.387407,11.93563198
123.397487,11.93564551
123.407568,11.93565904
123.417651,11.93567257
123.427731,11.9356861
123.437812,11.93569963
123.447916,11.93571316
123.458011,11.93572669
123.468094,11.93574021
123.478175,11.93575374
123.488255,11.93576727
123.498336,11.9357808
123.508413,11.93579433
123.518493,11.93580786
123.528574,11.93582139
123.538654,11.93583492
123.548762,11.9358488
123.558842,11.93586269
123.568922,11.93587693
123.579002,11.93589081
123.589082,11.93590505
123.599162,11.93591929
123.609243,11.93593353
123.619324,11.93594778
123.629404,11.93596202
123.639484,11.93597626
123.649587,11.9359905
123.659668,11.93600474
123.669748,11.93601898
123.679827,11.93603358
123.689908,11.93604782
123.699989,11.93606241
123.710071,11.93607701
123.72015,11.93609196
123.730234,11.93610692
123.740321,11.93612187
123.750407,11.93613682
123.76049,11.93615178
123.770568,11.93616673
123.78065,11.93618168
123.790745,11.93619663
123.800827,11.93621159
123.810909,11.93622654
123.820989,11.93624149
123.831072,11.93625645
123.841152,11.9362714
123.851265,11.93628635
123.861346,11.9363013
123.871465,11.93631626
123.88156,11.93633121
123.891639,11.93634616
123.901718,11.93636147
123.911796,11.93637714
123.921878,11.9363928
123.931957,11.93640847
123.942039,11.93642413
123.952151,11.9364398
123.962232,11.93645546
123.972314,11.93647113
123.982392,11.93648679
123.992474,11.93650246
124.002555,11.93651812
124.012635,11.93653379
124.022718,11.93654945
124.032798,11.93656512
124.042879,11.93658078
124.052981,11.93659645
124.063062,11.93661211
124.073142,11.93662778
124.083219,11.93664344
124.0933,11.93665911
124.103382,11.93667477
124.113462,11.93669079
124.123543,11.93670717
124.133624,11.93672355
124.143705,11.93673992
124.153793,11.9367563
124.163873,11.93677268
124.173953,11.93678905
124.184034,11.93680543
124.194116,11.93682181
124.204195,11.93683819
124.214276,11.93685456
124.224391,11.93687094
124.23447,11.93688732
124.244549,11.93690369
124.254662,11.93692007
124.264743,11.93693645
124.274822,11.93695318
124.284905,11.93696956
124.294986,11.93698629
124.305066,11.93700338
124.315147,11.93702047
124.325228,11.93703756
124.335309,11.93705465
124.345389,11.93707174
124.355496,11.93708882
124.365576,11.93710591
124.375657,11.937123
124.385737,11.93714009
124.395817,11.93715718
124.405898,11.93717427
124.415979,11.93719136
124.42606,11.93720845
124.43614,11.93722554
124.446221,11.93724263
124.456324,11.93725971
124.466406,11.9372768
124.476487,11.93729389
124.486568,11.93731098
124.49665,11.93732807
124.506731,11.93734516
124.516811,11.93736225
124.526892,11.93737934
124.536972,11.93739643
124.547053,11.93741352
124.557158,11.93743061
124.567238,11.93744769
124.577319,11.93746478
124.587399,11.93748223
124.597479,11.93749967
124.607558,11.93751747
124.617639,11.93753492
124.627719,11.93755272
124.6378,11.93757052
124.64788,11.93758832
124.657994,11.93760612
124.668075,11.93762392
124.678155,11.93764208
124.688234,11.9376606
124.698315,11.93767911
124.708395,11.93769762
124.718475,11.93771613
124.72856,11.93773465
124.738646,11.93775316
124.748727,11.93777167
124.758836,11.93779019
124.768918,11.9378087
124.779001,11.93782721
124.78908,11.93784573
124.799162,11.93786424
124.809243,11.93788275
124.819324,11.93790127
124.829405,11.93791978
124.839486,11.93793829
124.849567,11.9379568
124.859673,11.93797532
124.869778,11.93799383
124.879869,11.93801234
124.889949,11.93803086
124.900028,11.93804937
124.910106,11.93806824
124.920186,11.93808746
124.930265,11.93810669
124.940342,11.93812592
124.95042,11.93814514
124.960532,11.93816437
124.970613,11.93818359
124.980692,11.93820282
124.990774,11.93822204
125.000855,11.93824127
125.010936,11.93826049
125.021017,11.93827972
125.031098,11.93829894
125.041178,11.93831817
125.051259,11.93833739
125.061386,11.93835662
125.07147,11.93837584
125.081549,11.93839507
125.09163,11.93841429
125.101711,11.93843352
125.111794,11.93845274
125.121874,11.93847232
125.131955,11.93849226
125.142035,11.9385122
125.152116,11.93853214
125.162205,11.93855207
125.172286,11.93857201
125.182366,11.93859195
125.192446,11.93861188
125.202527,11.93863182
125.212608,11.93865176
125.222688,11.9386717
125.232769,11.93869163
125.242851,11.93871157
125.252932,11.93873151
125.263036,11.93875145
125.273114,11.93877138
125.283195,11.93879132
125.293276,11.93881126
125.303358,11.93883119
125.313439,11.93885113
125.32352,11.93887107
125.333601,11.93889101
125.343681,11.93891094
125.353762,11.93893088
125.363869,11.93895082
125.37395,11.93897111
125.384031,11.93899176
125.394113,11.93901241
125.404194,11.93903306
125.414275,11.93905371
125.424355,11.93907436
125.434437,11.93909501
125.444517,11.93911566
125.454598,11.93913666
125.464701,11.93915767
125.474782,11.93917867
125.484862,11.93919968
125.494944,11.93922104
125.505025,11.93924204
125.515106,11.9392634
125.525187,11.93928441
125.535267,11.93930577
125.545348,11.93932678
125.555425,11.93934814
125.565531,11.9393695
125.575612,11.93939086
125.585692,11.93941222
125.595772,11.93943323
125.605852,11.93945459
125.615933,11.93947595
125.626013,11.93949802
125.636093,11.93951974
125.646173,11.93954181
125.656253,11.93956353
125.666342,11.9395856
125.676423,11.93960768
125.686504,11.93962975
125.696584,11.93965182
125.706665,11.9396739
125.716746,11.93969597
125.72683,11.93971804
125.736915,11.93974012
125.746996,11.93976219
125.757077,11.93978426
125.767168,11.93980634
125.777251,11.93982841
125.787334,11.93985048
125.797412,11.93987256
125.807493,11.93989463
125.817574,11.93991706
125.827656,11.93993985
125.837737,11.93996263
125.847817,11.93998542
125.857899,11.9400082
125.868048,11.94003099
125.87814,11.94005377
125.888221,11.94007656
125.8983,11.94009934
125.908383,11.94012213
125.918464,11.94014491
125.928544,11.94016805
125.938626,11.94019155
125.948707,11.94021505
125.958788,11.94023855
125.968901,11.94026204
125.97898,11.94028554
125.989061,11.94030904
125.999142,11.94033254
126.009222,11.94035603
126.019303,11.94037953
126.029384,11.94040303
126.039464,11.94042653
126.049542,11.94045002
126.059623,11.94047352
126.069724,11.94049702
126.079806,11.94052087
126.089887,11.94054508
126.099968,11.94056929
126.110048,11.9405935
126.120129,11.94061771
126.130205,11.94064192
126.140287,11.94066613
126.150367,11.94069034
126.160449,11.94071455
126.170538,11.94073876
126.180619,11.94076297
126.1907,11.94078718
126.200782,11.94081139
126.210864,11.9408356
126.220938,11.9408598
126.231021,11.94088401
126.241103,11.94090822
126.251185,11.94093243
126.261265,11.94095664
126.271382,11.94098085
126.281465,11.94100542
126.291547,11.94103034
126.301628,11.94105526
126.311717,11.94108018
126.321802,11.9411051
126.331894,11.94113003
126.341976,11.94115495
126.352058,11.94117987
126.362139,11.94120479
126.372259,11.94122971
126.38234,11.94125463
126.392421,11.94127955
126.402503,11.94130448
126.412584,11.9413294
126.422665,11.94135432
126.432747,11.94137924
126.442827,11.94140416
126.452907,11.94142908
126.462987,11.941454
126.473093,11.94147893
126.483174,11.9415042
126.493255,11.94152984
126.503336,11.94155547
126.513417,11.9415811
126.523499,11.94160674
126.53358,11.94163237
126.543662,11.94165801
126.553743,11.94168364
126.563824,11.94170927
126.573914,11.94173491
126.583995,11.94176054
126.594077,11.94178617
126.604158,11.94181181
126.614238,11.94183744
126.624318,11.94186307
126.634399,11.94188871
126.64448,11.94191434
126.654559,11.94193997
126.664639,11.94196561
126.674744,11.94199124
126.684824,11.94201687
126.694904,11.94204251
126.704985,11.94206814
126.715065,11.94209378
126.725145,11.94211977
126.735226,11.94214611
126.745307,11.94217246
126.755392,11.9421988
126.765479,11.94222515
126.775593,11.94225149
126.785674,11.94227784
126.795755,11.94230418
126.805847,11.94233053
126.815931,11.94235688
126.826011,11.94238322
126.836092,11.94240957
126.846172,11.94243591
126.856253,11.94246226
126.866333,11.9424886
126.876421,11.94251495
126.886505,11.94254129
126.896584,11.94256764
126.906664,11.94259399
126.916741,11.94262033
126.926823,11.94264668
126.936904,11.94267302
126.946987,11.94269937
126.957067,11.94272571
126.967148,11.94275206
126.977261,11.9427784
126.987343,11.94280475
126.99742,11.9428311
127.007502,11.9428578
127.017583,11.94288486
127.027665,11.94291191
127.037746,11.94293897
127.047826,11.94296603
127.057908,11.94299309
127.06799,11.94302014
127.078096,11.9430472
127.088178,11.94307426
127.098259,11.94310132
127.108341,11.94312837
127.118421,11.94315543
127.128501,11.94318249
127.138582,11.94320955
127.148662,11.9432366
127.158743,11.94326366
127.168824,11.94329072
127.178914,11.94331778
127.188994,11.94334484
127.199075,11.94337189
127.209155,11.94339931
127.219235,11.94342708
127.229316,11.94345485
127.239397,11.94348262
127.249476,11.94351039
127.259555,11.94353816
127.269634,11.94356592
127.279713,11.94359369
127.289792,11.94362146
127.29987,11.94364923
127.309949,11.943677
127.32003,11.94370477
127.330111,11.94373254
127.340191,11.94376031
127.350273,11.94378808
127.360354,11.94381585
127.370434,11.94384362
127.380541,11.94387139
127.390623,11.94389916
127.400703,11.94392693
127.410783,11.94395506
127.420864,11.94398354
127.430944,11.94401202
127.441025,11.9440405
127.451106,11.94406898
127.461186,11.94409746
127.471268,11.94412595
127.481373,11.94415443
127.491454,11.94418291
127.501535,11.94421139
127.511619,11.94423987
127.5217,11.94426836
127.53178,11.94429684
127.541861,11.94432532
127.551942,11.9443538
127.562022,11.94438228
127.572102,11.94441076
127.582229,11.94443925
127.592309,11.94446773
127.602392,11.94449621
127.612475,11.94452469
127.622555,11.94455317
127.632636,11.94458165
127.642716,11.94461049
127.652796,11.94463969
127.662878,11.94466888
127.672958,11.94469807
127.683074,11.94472727
127.693155,11.94475646
127.703235,11.94478565
127.713315,11.94481485
127.723395,11.94484404
127.733478,11.94487324
127.743559,11.94490243
127.753644,11.94493162
127.76373,11.94496082
127.77381,11.94499001
127.783918,11.9450192
127.793999,11.9450484
127.804081,11.94507759
127.814162,11.94510679
127.824243,11.94513598
127.834323,11.94516517
127.844403,11.94519437
127.854485,11.94522356
127.864565,11.94525275
127.874675,11.94528195
127.884788,11.94531114
127.894866,11.94534034
127.904945,11.94536953
127.915026,11.94539908
127.925104,11.94542863
127.935185,11.94545854
127.945267,11.94548844
127.955347,11.94551835
127.965429,11.94554825
127.97551,11.94557816
127.985615,11.94560806
127.995698,11.94563797
128.005779,11.94566788
128.015861,11.94569778
128.025941,11.94572769
128.036022,11.94575759
128.046103,11.9457875
128.056184,11.94581741
128.066265,11.94584731
128.076346,11.94587722
128.08645,11.94590712
128.096531,11.94593703
128.106612,11.94596693
128.11669,11.9459972
128.126771,11.94602746
128.136852,11.94605808
128.146933,11.94608869
128.157013,11.94611931
128.167094,11.94614993
128.177174,11.94618055
128.187276,11.94621116
128.197357,11.94624178
128.207438,11.9462724
128.217519,11.94630302
128.227599,11.94633364
128.23768,11.94636425
128.24776,11.94639487
128.257841,11.94642549
128.267922,11.94645611
128.278029,11.94648673
128.288134,11.94651734
128.298214,11.94654796
128.308294,11.94657858
128.318374,11.94660955
128.328454,11.94664053
128.338535,11.94667186
128.348616,11.94670319
128.358696,11.94673452
128.368777,11.94676585
128.378857,11.94679718
128.38896,11.94682851
128.39904,11.94685984
128.409121,11.94689117
128.419201,11.9469225
128.429282,11.94695383
128.439362,11.94698516
128.449443,11.94701649
128.459524,11.94704782
128.469602,11.94707915
128.479684,11.94711048
128.489787,11.94714181
128.499868,11.94717314
128.509949,11.94720447
128.52003,11.94723579
128.530112,11.94726748
128.540192,11.94729952
128.550273,11.94733156
128.560353,11.94736361
128.570434,11.94739565
128.580514,11.94742769
128.590617,11.94745973
128.600697,11.94749213
128.610778,11.94752488
128.620859,11.94755728
128.630941,11.94759004
128.64102,11.94762243
128.6511,11.94765519
128.661181,11.94768759
128.67126,11.9477207
128.68134,11.94775345
128.691444,11.94778692
128.701524,11.94782038
128.711603,11.94785385
128.721683,11.94788731
128.731765,11.94792078
128.741847,11.94795425
128.751931,11.94798771
128.762014,11.94802118
128.772097,11.94805464
128.782179,11.94808811
128.792289,11.94812193
128.802371,11.94815611
128.812453,11.94819029
128.822534,11.94822447
128.832615,11.94825864
128.842695,11.94829282
128.852777,11.948327
128.862859,11.94836118
128.87295,11.94839536
128.883035,11.94842954
128.893128,11.94846371
128.903206,11.94849789
128.913284,11.94853207
128.923367,11.94856625
128.933445,11.94860043
128.943524,11.9486346
128.953602,11.94866878
128.963683,11.94870296
128.973766,11.94873714
128.983845,11.94877132
128.993956,11.94880549
129.004037,11.94883967
129.014118,11.94887421
129.024199,11.9489091
129.034282,11.94894399
129.044363,11.94897888
129.054445,11.94901377
129.064525,11.94904866
129.074606,11.94908355
129.084687,11.94911844
129.094793,11.94915333
129.104874,11.94918822
129.114954,11.94922311
129.125034,11.949258
129.135115,11.94929289
129.145196,11.94932778
129.155277,11.94936267
129.165357,11.94939756
129.175437,11.94943245
129.185517,11.94946734
129.195622,11.94950223
129.2057,11.94953712
129.215781,11.94957236
129.225862,11.94960797
129.235943,11.94964357
129.246023,11.94967917
129.256103,11.94971477
129.266184,11.94975038
129.276262,11.94978598
129.286343,11.94982158
129.296434,11.94985718
129.306515,11.94989278
129.316595,11.94992839
129.326675,11.94996399
129.336756,11.94999959
129.346836,11.95003519
129.356917,11.95007079
129.366998,11.9501064
129.377079,11.950142
129.387159,11.9501776
129.397266,11.9502132
129.407347,11.95024881
129.417428,11.95028441
129.427509,11.95032001
129.437589,11.95035561
129.447669,11.95039157
129.457749,11.95042788
129.46783,11.9504642
129.477911,11.95050051
129.487992,11.95053683
129.498098,11.95057314
129.508179,11.95060946
129.51826,11.95064577
129.52834,11.95068208
129.538421,11.9507184
129.548502,11.95075507
129.558585,11.95079209
129.568666,11.95082912
129.578747,11.95086615
129.588829,11.95090317
129.598936,11.9509402
129.609017,11.95097723
129.619098,11.95101425
129.629179,11.95105128
129.639259,11.9510883
129.649339,11.95112533
129.65942,11.95116236
129.669501,11.95119938
129.679581,11.95123641
129.689662,11.95127344
129.699766,11.95131046
129.709847,11.95134749
129.719927,11.95138451
129.730041,11.95142154
129.740127,11.95145857
129.750207,11.95149559
129.760289,11.95153262
129.770371,11.95156965
129.780453,11.95160667
129.790534,11.95164405
129.800642,11.95168179
129.810723,11.95171953
129.820804,11.95175727
129.830884,11.95179501
129.840965,11.95183275
129.851045,11.95187048
129.861126,11.95190822
129.871237,11.95194596
129.881326,11.9519837
129.891408,11.95202144
129.9015,11.95205918
129.91158,11.95209691
129.921658,11.95213465
129.931736,11.95217239
129.941817,11.95221013
129.951898,11.95224787
129.96198,11.9522856
129.972058,11.95232334
129.982136,11.95236108
129.992216,11.95239882
130.002323,11.95243656
130.012405,11.9524743
130.022486,11.95251203
130.032567,11.95254977
130.042648,11.95258751
130.052726,11.95262525
130.062807,11.95266299
130.072888,11.95270073
130.082969,11.95273846
130.093049,11.9527762
130.103155,11.95281394
130.113235,11.95285168
130.123315,11.95288942
130.133396,11.95292716
130.143491,11.95296489
130.153574,11.95300263
130.163651,11.95304037
130.173731,11.95307811
130.183812,11.95311585
130.193893,11.95315394
130.20401,11.95319204
130.214091,11.95323049
130.224172,11.95326894
130.234253,11.95330739
130.244334,11.95334584
130.254415,11.95338429
130.264496,11.95342274
130.274576,11.95346119
130.284658,11.95349964
130.294738,11.95353809
130.304829,11.95357654
130.31491,11.95361499
130.324989,11.95365344
130.335068,11.95369189
130.345148,11.95373034
130.355226,11.95376879
130.365306,11.95380724
130.375387,11.95384569
130.385468,11.95388414
130.395548,11.95392259
130.40566,11.95396104
130.415741,11.95399949
130.425822,11.95403794
130.435903,11.95407639
130.445982,11.95411484
130.456063,11.95415329
130.466144,11.95419174
130.476224,11.95423019
130.486305,11.95426864
130.496386,11.9543071
130.506492,11.9543459
130.516574,11.95438506
130.526655,11.95442423
130.536736,11.95446339
130.546818,11.95450255
130.556899,11.95454171
130.566981,11.95458088
130.577061,11.95462004
130.587142,11.9546592
130.597222,11.95469836
130.607327,11.95473753
130.617408,11.95477669
130.627488,11.95481585
130.637569,11.95485501
130.647649,11.95489417
130.657729,11.95493334
130.667809,11.9549725
130.677887,11.95501166
130.687967,11.95505082
130.698048,11.95508999
130.708151,11.95512915
130.718233,11.95516831
130.728318,11.95520747
130.738403,11.95524664
130.748485,11.95528615
130.758566,11.95532567
130.768648,11.95536555
130.778729,11.95540542
130.788809,11.9554453
130.79889,11.95548517
130.809001,11.95552505
130.819082,11.95556492
130.829163,11.95560479
130.839243,11.95564467
130.849324,11.95568454
130.859404,11.95572442
130.86952,11.95576429
130.879611,11.95580417
130.889689,11.95584404
130.899767,11.95588427
130.909877,11.9559245
130.919959,11.95596509
130.930041,11.95600567
130.940121,11.95604626
130.950202,11.95608685
130.960282,11.95612743
130.970363,11.95616802
130.980441,11.95620861
130.990522,11.95624919
131.000603,11.95628978
131.010707,11.95633037
131.020788,11.95637095
131.030868,11.95641154
131.040948,11.95645213
131.051029,11.95649271
131.06111,11.9565333
131.071191,11.95657388
131.081272,11.95661447
131.09135,11.95665506
131.101431,11.956696
131.11152,11.9567373
131.121601,11.9567786
131.131681,11.9568199
131.141761,11.95686119
131.151842,11.95690249
131.161923,11.95694415
131.172004,11.95698616
131.182084,11.95702781
131.192165,11.95706982
131.202246,11.95711148
131.21235,11.95715349
131.222431,11.95719514
131.232511,11.95723715
131.242592,11.95727881
131.25267,11.95732082
131.262751,11.95736283
131.272853,11.95740484
131.282934,11.95744685
131.293015,11.95748886
131.303095,11.95753087
131.313184,11.95757288
131.323264,11.95761489
131.333345,11.9576569
131.343425,11.95769891
131.353506,11.95774092
131.363587,11.95778293
131.373668,11.95782494
131.383748,11.95786695
131.393829,11.95790897
131.403909,11.95795133
131.414034,11.95799405
131.424116,11.95803678
131.434198,11.9580795
131.444276,11.95812222
131.454357,11.95816494
131.464438,11.95820767
131.474519,11.95825039
131.4846,11.95829311
131.494681,11.95833584
131.504763,11.95837856
131.514872,11.95842128
131.524953,11.958464
131.535034,11.95850673
131.545114,11.95854945
131.555195,11.95859217
131.565277,11.95863489
131.575357,11.95867762
131.585437,11.95872034
131.595517,11.95876306
131.605596,11.95880578
131.6157,11.95884851
131.625778,11.95889123
131.63586,11.95893395
131.645941,11.95897667
131.656022,11.9590194
131.666102,11.95906212
131.676183,11.95910484
131.686264,11.95914756
131.696344,11.95919029
131.706424,11.95923301
131.716514,11.95927573
131.7266,11.95931845
131.736684,11.95936118
131.746765,11.95940426
131.756849,11.95944769
131.766931,11.95949113
131.777009,11.95953456
131.787091,11.95957799
131.797173,11.95962143
131.807267,11.95966486
131.817382,11.9597083
131.827464,11.95975173
131.837545,11.95979517
131.847626,11.9598386
131.857707,11.95988204
131.867808,11.95992547
131.877901,11.95996891
131.887981,11.96001234
131.89806,11.96005578
131.908142,11.96009921
131.918236,11.96014264
131.928318,11.96018608
131.938399,11.96022951
131.948479,11.96027295
131.958561,11.96031638
131.968642,11.96035982
131.978721,11.96040361
131.988801,11.9604474
131.998883,11.96049155
132.008964,11.96053569
132.019065,11.96057984
132.029146,11.96062399
132.039226,11.96066813
132.049307,11.96071228
132.059387,11.96075643
132.069467,11.96080057
132.079547,11.96084472
132.089628,11.96088887
132.099713,11.96093301
132.109798,11.96097716
132.119908,11.96102131
132.129989,11.96106545
132.14007,11.9611096
132.150152,11.96115375
132.160233,11.96119789
132.170314,11.96124204
132.180395,11.96128619
132.190476,11.96133033
132.200556,11.96137448
132.210634,11.96141863
132.220739,11.96146277
132.230819,11.96150692
132.240899,11.96155107
132.25098,11.96159521
132.261061,11.96163972
132.271141,11.96168457
132.281219,11.96172943
132.2913,11.96177429
132.301381,11.96181915
132.311462,11.96186401
132.32155,11.96190887
132.331631,11.96195373
132.341712,11.96199859
132.351792,11.96204344
132.361873,11.9620883
132.371953,11.96213316
132.382034,11.96217802
132.392115,11.96222288
132.402195,11.96226774
132.412276,11.9623126
132.422379,11.96235745
132.43246,11.96240231
132.442542,11.96244717
132.452622,11.96249203
132.462702,11.96253689
132.472783,11.96258175
132.482863,11.96262661
132.492944,11.96267147
132.503025,11.96271632
132.513105,11.96276118
132.52321,11.96280604
132.533291,11.9628509
132.543371,11.96289576
132.553452,11.96294062
132.563533,11.96298548
132.573613,11.96303034
132.583693,11.96307519
132.593774,11.96312041
132.603855,11.96316598
132.613935,11.96321155
132.624039,11.96325712
132.634121,11.96330269
132.644201,11.96334826
132.654282,11.96339383
132.664362,11.9634394
132.674442,11.96348498
132.684537,11.96353055
132.694619,11.96357612
132.704706,11.96362169
132.714788,11.96366726
132.724902,11.96371283
132.734986,11.9637584
132.745068,11.96380397
132.755156,11.96384954
132.765239,11.96389511
132.775318,11.96394068
132.785399,11.96398625
132.79548,11.96403182
132.805561,11.9640774
132.815641,11.96412297
132.825732,11.96416854
132.835812,11.96421446
132.845892,11.96426075
132.855973,11.96430703
132.866053,11.96435331
132.876148,11.96439959
132.886231,11.96444588
132.89631,11.96449216
132.906388,11.96453844
132.916467,11.96458473
132.926577,11.96463101
132.936656,11.96467729
132.946735,11.96472357
132.956812,11.96476986
132.966893,11.96481614
132.976974,11.96486242
132.987057,11.96490871
132.997139,11.96495499
133.007219,11.96500127
133.017299,11.96504755
133.027406,11.96509384
133.037487,11.96514012
133.047569,11.9651864
133.057649,11.96523268
133.06773,11.96527897
133.077809,11.96532525
133.08789,11.96537153
133.097972,11.96541782
133.108053,11.96546446
133.118133,11.96551109
133.128238,11.96555809
133.13832,11.96560508
133.1484,11.96565208
133.15848,11.96569907
133.168561,11.96574607
133.178641,11.96579306
133.188722,11.96584006
133.198803,11.96588705
133.208884,11.96593405
133.218965,11.96598104
133.229068,11.96602804
133.23915,11.96607503
133.24923,11.96612203
133.25931,11.96616902
133.269391,11.96621602
133.279471,11.96626301
133.289553,11.96631001
133.299631,11.966357
133.309711,11.966404
133.319791,11.96645099
133.329881,11.96649799
133.339962,11.96654498
133.350042,11.96659198
133.360123,11.96663897
133.370218,11.96668597
133.380296,11.96673296
133.390374,11.96677995
133.400451,11.96682695
133.410529,11.96687394
133.420607,11.96692094
133.430718,11.96696793
133.440798,11.96701528
133.450879,11.96706299
133.46104,11.9671107
133.471123,11.96715841
133.481206,11.96720611
133.491285,11.96725382
133.501366,11.96730153
133.511448,11.96734923
133.521528,11.96739694
133.531633,11.96744465
133.541714,11.96749235
133.551795,11.96754006
133.561877,11.96758777
133.571958,11.96763547
133.582038,11.96768318
133.592118,11.96773089
133.602199,11.9677786
133.61228,11.9678263
133.62236,11.96787401
133.632464,11.96792172
133.642544,11.96796942
133.652623,11.96801713
133.662704,11.96806484
133.672784,11.96811254
133.682865,11.96816025
133.692945,11.96820796
133.703026,11.96825566
133.713107,11.96830337
133.723187,11.96835108
133.733281,11.96839878
133.743363,11.96844685
133.753452,11.96849527
133.763534,11.96854369
133.773616,11.9685921
133.783698,11.96864052
133.793779,11.96868894
133.80386,11.96873736
133.813941,11.96878578
133.824023,11.9688342
133.834114,11.96888262
133.844195,11.96893104
133.854276,11.96897946
133.864357,11.96902787
133.87447,11.96907629
133.884551,11.96912471
133.89463,11.96917313
133.904708,11.96922155
133.914789,11.96926997
133.92487,11.96931839
133.934983,11.96936681
133.945065,11.96941523
133.955158,11.96946365
133.96524,11.96951206
133.975322,11.96956048
133.985404,11.9696089
133.995486,11.96965732
134.005568,11.96970574
134.015649,11.96975416
134.02573,11.96980258
134.035841,11.969851
134.045923,11.96989942
134.056003,11.96994783
134.066082,11.96999661
134.076162,11.97004574
134.086243,11.97009487
134.096325,11.970144
134.106405,11.97019313
134.116486,11.97024226
134.126567,11.9702914
134.136674,11.97034053
134.146755,11.97038966
134.156836,11.97043879
134.166917,11.97048792
134.176997,11.97053705
134.187077,11.97058618
134.197157,11.97063531
134.207238,11.97068444
134.217319,11.97073357
134.2274,11.97078271
134.23749,11.97083184
134.24757,11.97088097
134.257652,11.9709301
134.267734,11.97097923
134.277815,11.97102836
134.287896,11.97107749
134.297978,11.97112662
134.308058,11.97117575
134.318139,11.97122488
134.32822,11.97127401
134.338311,11.97132315
134.348392,11.97137228
134.358473,11.97142141
134.368554,11.97147054
134.378636,11.97151967
134.388717,11.9715688
134.398797,11.97161793
134.408878,11.97166706
134.418959,11.97171619
134.42904,11.97176532
134.439144,11.97181446
134.449224,11.97186359
134.459305,11.97191272
134.469386,11.97196185
134.479468,11.97201134
134.489549,11.97206118
134.499629,11.97211102
134.50971,11.97216086
134.519792,11.97221071
134.529873,11.97226055
134.539962,11.97231039
134.550043,11.97236024
134.560123,11.97241008
134.570205,11.97245992
134.580285,11.97250977
134.590366,11.97255961
134.600447,11.97260945
134.610527,11.97265929
134.620608,11.97270914
134.630688,11.97275898
134.640792,11.97280882
134.650872,11.97285867
134.660952,11.97290851
134.671033,11.97295835
134.681114,11.9730082
134.691194,11.97305804
134.701274,11.97310788
134.711354,11.97315772
134.721435,11.97320757
134.731518,11.97325741
134.741626,11.97330725
134.751708,11.9733571
134.761791,11.97340694
134.771869,11.97345678
134.781949,11.97350663
134.792032,11.97355647
134.802113,11.97360667
134.812195,11.97365722
134.822275,11.97370778
134.832356,11.97375833
134.842465,11.97380889
134.852546,11.97385944
134.862627,11.97391
134.872734,11.97396055
134.882816,11.97401111
134.892895,11.97406166
134.902973,11.97411222
134.913051,11.97416277
134.923132,11.97421333
134.933214,11.97426388
134.943308,11.97431444
134.953389,11.97436499
134.963471,11.97441555
134.973552,11.9744661
134.983634,11.97451666
134.993716,11.97456721
135.003796,11.97461777
135.013877,11.97466832
135.023958,11.97471888
135.034039,11.97476943
135.044142,11.97481999
135.054224,11.97487054
135.064304,11.9749211
135.074384,11.97497165
135.084465,11.97502221
135.094545,11.97507276
135.104623,11.97512332
135.114704,11.97517388
135.124786,11.97522443
135.134867,11.97527499
135.144971,11.97532554
135.155052,11.9753761
135.165132,11.97542665
135.175213,11.97547721
135.185294,11.97552776
135.195376,11.97557832
135.205457,11.97562887
135.215543,11.97567943
135.225626,11.97572998
135.235707,11.97578054
135.245825,11.97583109
135.255906,11.97588165
135.265986,11.9759322
135.276067,11.97598276
135.28615,11.97603331
135.296231,11.97608387
135.306313,11.97613442
135.316393,11.97618498
135.326474,11.97623553
135.336555,11.97628609
135.346634,11.976337
135.356716,11.97638826
135.366798,11.97643953
135.376879,11.9764908
135.386961,11.97654207
135.397041,11.97659333
135.407123,11.9766446
135.417203,11.97669587
135.427284,11.97674713
135.437364,11.9767984
135.447455,11.97684967
135.457535,11.97690094
135.467617,11.9769522
135.477696,11.97700347
135.487776,11.97705474
135.497857,11.97710636
135.507937,11.97715763
135.518018,11.97720925
135.528098,11.97726052
135.538176,11.97731178
135.548265,11.97736305
135.558346,11.97741432
135.568427,11.97746559
135.578507,11.97751685
135.588587,11.97756812
135.598668,11.97761939
135.608748,11.97767065
135.618828,11.97772192
135.628909,11.97777354
135.63899,11.97782481
135.649093,11.97787608
135.659173,11.97792735
135.669254,11.97797861
135.679334,11.97802988
135.689415,11.97808115
135.699495,11.97813241
135.709576,11.97818368
135.719657,11.97823495
135.729742,11.97828622
135.739829,11.97833748
135.749939,11.97838875
135.760023,11.97844002
135.770104,11.97849128
135.780187,11.97854255
135.790269,11.97859382
135.800351,11.97864509
135.810432,11.97869635
135.820513,11.97874762
135.830594,11.97879889
135.840675,11.97885015
135.850781,11.97890178
135.860862,11.97895304
135.870976,11.97900431
135.881066,11.97905558
135.891145,11.97910685
135.901225,11.97915847
135.911303,11.97921045
135.921385,11.97926243
135.931466,11.97931441
135.941548,11.97936639
135.951641,11.97941836
135.961721,11.97947034
135.971802,11.97952232
135.981883,11.9795743
135.991964,11.97962628
136.002045,11.97967826
136.012125,11.97973024
136.022207,11.97978222
136.032287,11.9798342
136.042367,11.97988618
136.052468,11.97993816
136.062548,11.97999013
136.072629,11.98004211
136.082711,11.98009409
136.092791,11.98014607
136.102873,11.98019805
136.112954,11.98025003
136.123035,11.98030201
136.133117,11.98035399
136.143198,11.98040597
136.153301,11.98045795
136.163382,11.98050993
136.173463,11.98056191
136.183544,11.98061388
136.193623,11.98066586
136.203704,11.98071784
136.213784,11.98076982
136.223865,11.9808218
136.234001,11.98087378
136.244081,11.98092576
136.254185,11.98097774
136.264265,11.98102972
136.274346,11.9810817
136.284425,11.98113368
136.294506,11.98118566
136.304587,11.98123763
136.314669,11.98128961
136.324751,11.98134159
136.334831,11.98139357
136.344911,11.98144555
136.355018,11.98149753
136.365099,11.98154951
136.527586,11.98160149
136.537648,11.98165347
136.547711,11.98170545
136.557774,11.98175743
136.567837,11.98180976
136.5779,11.9818621
136.587962,11.98191479
136.598024,11.98196748
136.608087,11.98202017
136.618149,11.98207286
136.628211,11.98212555
136.638273,11.98217824
136.648335,11.98223093
136.658397,11.98228363
136.668459,11.98233632
136.678521,11.98238901
136.688583,11.9824417
136.698646,11.98249439
136.708707,11.98254708
136.718769,11.98259977
136.728833,11.98265246
136.738897,11.98270516
136.74896,11.98275785
136.759024,11.98281054
136.769089,11.98286323
136.779151,11.98291592
136.789214,11.98296861
136.799276,11.9830213
136.809396,11.98307399
136.819463,11.98312668
136.829526,11.98317938
136.839589,11.98323207
136.849651,11.98328476
136.859713,11.98333745
136.869787,11.98339014
136.879853,11.98344283
136.889915,11.98349588
136.899978,11.98354893
136.910041,11.98360233
136.92011,11.98365573
136.930178,11.98370914
136.940242,11.98376254
136.950306,11.98381594
136.960371,11.98386935
136.970435,11.98392275
136.980499,11.98397615
136.990562,11.98402956
137.000628,11.98408296
137.01071,11.98413636
137.020778,11.98418977
137.030842,11.98424317
137.040906,11.98429657
137.050973,11.98434997
137.061035,11.98440338
137.071105,11.98445678
137.081172,11.98451018
137.09124,11.98456359
137.101307,11.98461699
137.111373,11.98467039
137.121438,11.9847238
137.131504,11.9847772
137.141566,11.9848306
137.151628,11.98488401
137.161697,11.98493741
137.17176,11.98499081
137.181825,11.98504422
137.191888,11.98509762
137.201952,11.98515102
137.212016,11.98520443
137.222081,11.98525819
137.232143,11.98531195
137.242207,11.98536606
137.252272,11.98542018
137.262337,11.98547429
137.272399,11.98552841
137.282461,11.98558252
137.292526,11.98563664
137.302589,11.98569075
137.312652,11.98574487
137.322716,11.98579898
137.332785,11.9858531
137.342868,11.98590721
137.353032,11.98596133
137.363102,11.98601544
137.373177,11.98606956
137.383245,11.98612367
137.393323,11.98617779
137.403391,11.9862319
137.413457,11.98628602
137.423521,11.98634014
137.433583,11.98639425
137.443652,11.98644837
137.453715,11.98650248
137.463778,11.9865566
137.47384,11.98661071
137.483903,11.98666483
137.493965,11.98671894
137.504031,11.98677306
137.514095,11.98682717
137.524173,11.98688129
137.534248,11.9869354
137.544326,11.98698952
137.554407,11.98704363
137.564473,11.98709775
137.574538,11.98715186
137.584602,11.98720598
137.594665,11.9872601
137.604727,11.98731421
137.614791,11.98736797
137.624854,11.98742173
137.634917,11.98747513
137.64498,11.98752854
137.655044,11.98758194
137.665106,11.98763534
137.675168,11.98768875
137.68523,11.98774215
137.695294,11.98779555
137.705357,11.98784895
137.71542,11.98790236
137.7255,11.98795576
137.735574,11.98800916
137.745659,11.98806257
137.755743,11.98811597
137.765816,11.98816937
137.775882,11.98822278
137.785943,11.98827618
137.796009,11.98832958
137.806074,11.98838334
137.816138,11.98843746
137.826202,11.98849157
137.836265,11.98854569
137.846327,11.9885998
137.856408,11.98865392
137.866477,11.98870803
137.876555,11.98876215
137.886636,11.98881627
137.896708,11.98887038
137.906773,11.9889245
137.916835,11.98897861
137.926901,11.98903273
137.936972,11.98908684
137.947035,11.98914096
137.957098,11.98919507
137.967161,11.98924919
137.977223,11.9893033
137.987285,11.98935742
137.997349,11.98941153
138.007411,11.98946565
138.017458,11.98951976
138.027534,11.98957388
138.03761,11.98962799
138.047681,11.98968211
138.057756,11.98973623
138.067822,11.98979034
138.077885,11.98984446
138.087947,11.98989857
138.098017,11.98995269
138.108082,11.9900068
138.118146,11.99006092
138.128208,11.99011503
138.13827,11.99016915
138.148333,11.99022326
138.158396,11.99027738
138.168472,11.99033149
138.178552,11.99038561
138.188618,11.99043972
138.198681,11.99049384
138.208743,11.99054795
138.218805,11.99060171
138.228867,11.99065547
138.238944,11.99070888
138.249011,11.99076228
138.25908,11.99081568
138.269143,11.99086909
138.279205,11.99092249
138.289268,11.99097589
138.299341,11.9910293
138.309376,11.9910827
138.319451,11.9911361
138.329518,11.99118951
138.33959,11.99124326
138.349652,11.99129738
138.359714,11.99135149
138.369784,11.99140561
138.379854,11.99145973
138.389934,11.99151384
138.400004,11.99156796
138.410075,11.99162207
138.420148,11.99167619
138.430214,11.9917303
138.440277,11.99178442
138.45035,11.99183853
138.460413,11.99189265
138.470476,11.99194676
138.480542,11.99200088
138.490621,11.99205499
138.500692,11.99210911
138.510755,11.99216322
138.520823,11.99221734
138.5309,11.99227145
138.540967,11.99232557
138.551032,11.99237969
138.561094,11.9924338
138.571166,11.99248792
138.58123,11.99254203
138.591292,11.99259615
138.601375,11.99265026
138.61144,11.99270438
138.621516,11.99275849
138.631582,11.99281261
138.641645,11.99286672
138.651712,11.99292084
138.661789,11.99297495
138.671863,11.99302907
138.681929,11.99308318
138.691995,11.9931373
138.702059,11.99319177
138.712124,11.99324624
138.722187,11.99330107
138.732266,11.9933559
138.742331,11.99341072
138.752392,11.99346555
138.762457,11.99352038
138.772546,11.99357521
138.782613,11.99363003
138.792689,11.99368486
138.802756,11.99373969
138.812833,11.99379451
138.8229,11.99384934
138.832963,11.99390417
138.843026,11.993959
138.853111,11.99401382
138.863189,11.99406865
138.873272,11.99412348
138.883338,11.99417831
138.89341,11.99423313
138.903476,11.99428796
138.913538,11.99434279
138.923637,11.99439762
138.933705,11.99445244
138.943768,11.99450727
138.953831,11.9945621
138.963895,11.99461692
138.973984,11.99467175
138.984048,11.99472658
138.994112,11.99478141
139.004174,11.99483623
139.014237,11.99489106
139.024299,11.99494589
139.034362,11.99500072
139.044423,11.99505554
139.054486,11.99511037
139.064548,11.9951652
139.074628,11.99521967
139.084713,11.9952745
139.09479,11.99532932
139.104858,11.99538415
139.114921,11.99543898
139.124987,11.99549381
139.135057,11.99554863
139.145122,11.99560346
139.155186,11.99565829
139.165249,11.99571312
139.17532,11.99576794
139.185385,11.99582277
139.195449,11.9958776
139.205512,11.99593242
139.215575,11.99598725
139.225637,11.99604208
139.235699,11.99609691
139.245762,11.99615173
139.255845,11.99620656
139.265917,11.99626139
139.275991,11.99631622
139.286063,11.99637104
139.296129,11.99642587
139.306191,11.9964807
139.316254,11.99653552
139.326316,11.99659035
139.336389,11.99664518
139.346455,11.99670001
139.356523,11.99675483
139.36659,11.99680966
139.376662,11.99686449
139.386728,11.99691932
139.396809,11.99697414
139.406988,11.99702897
139.417117,11.9970838
139.427286,11.99713863
139.437394,11.99719345
139.447481,11.99724828
139.457568,11.99730311
139.467633,11.99735793
139.477697,11.99741276
139.48776,11.99746759
139.497822,11.99752242
139.507884,11.99757724
139.517982,11.99763207
139.528049,11.9976869
139.538114,11.99774173
139.548188,11.99779655
139.558252,11.99785138
139.568315,11.99790621
139.578381,11.99796104
139.588445,11.99801586
139.598509,11.99807069
139.608588,11.99812552
139.618675,11.99818034
139.628761,11.99823517
139.638838,11.99829
139.648902,11.99834483
139.658965,11.99839965
139.669026,11.99845448
139.679088,11.99850931
139.689151,11.99856414
139.699219,11.99861896
139.709283,11.99867415
139.719357,11.99872933
139.729429,11.99878451
139.739494,11.99884005
139.749556,11.99889559
139.759622,11.99895113
139.769685,11.99900667
139.779748,11.99906221
139.78981,11.99911775
139.799875,11.99917329
139.80994,11.99922883
139.820005,11.99928437
139.830074,11.99933991
139.840137,11.99939545
139.850199,11.99945099
139.860262,11.99950652
139.87034,11.99956206
139.880406,11.9996176
139.890471,11.99967314
139.900535,11.99972868
139.910598,11.99978422
139.92066,11.99983976
139.930722,11.9998953
139.940789,11.99995084
139.950854,12.00000638
139.960916,12.00006192
139.970981,12.00011746
139.981047,12.00017264
139.991111,12.00022782
140.001184,12.00028301
140.011255,12.00033819
140.02132,12.00039373
140.03138,12.00044891
140.041446,12.0005041
140.05151,12.00055892
140.061577,12.00061375
140.071642,12.00066858
140.081705,12.00072341
140.091768,12.00077823
140.101832,12.00083306
140.111895,12.00088789
140.121974,12.00094272
140.132038,12.00099754
140.142102,12.00105237
140.152166,12.0011072
140.162231,12.00116203
140.172296,12.00121685
140.182359,12.00127168
140.192423,12.00132651
140.202487,12.00138133
140.212549,12.00143616
140.222615,12.00149099
140.232679,12.00154582
140.242743,12.00160064
140.252806,12.00165547
140.262872,12.0017103
140.272935,12.00176513
140.283001,12.00181995
140.293063,12.00187478
140.303129,12.00192961
140.313193,12.00198443
140.323258,12.00203926
140.333321,12.00209409
140.343386,12.00214892
140.353448,12.0022041
140.363512,12.00225964
140.373575,12.00231518
140.383639,12.00237072
140.393704,12.00242626
140.403767,12.0024818
140.413831,12.00253734
140.423896,12.00259288
140.43398,12.00264842
140.444046,12.00270395
140.454112,12.00275949
140.464177,12.00281503
140.474242,12.00287057
140.484307,12.00292611
140.494372,12.00298165
140.504435,12.00303719
140.5145,12.00309273
140.524565,12.00314827
140.53463,12.00320381
140.544693,12.00325935
140.554757,12.00331489
140.564821,12.00337043
140.574887,12.00342597
140.584951,12.00348151
140.595015,12.00353704
140.605081,12.00359258
140.615146,12.00364812
140.62521,12.00370366
140.635275,12.0037592
140.645347,12.00381474
140.65541,12.00387028
140.665478,12.00392582
140.675545,12.00398136
140.685609,12.0040369
140.695675,12.00409244
140.705738,12.00414798
140.715802,12.00420352
140.725866,12.00425906
140.735953,12.00431424
140.746024,12.00436978
140.756091,12.00442496
140.766158,12.0044805
140.776225,12.00453569
140.786291,12.00459087
140.796357,12.0046457
140.806423,12.00470052
140.816488,12.00475535
140.826555,12.00481018
140.83662,12.00486501
140.846691,12.00491983
140.856755,12.00497466
140.866823,12.00502949
140.876903,12.00508431
140.886969,12.00513914
140.897037,12.00519397
140.907103,12.0052488
140.917166,12.00530362
140.927233,12.00535881
140.937298,12.00541435
140.94736,12.00546989
140.957426,12.00552543
140.967488,12.00558096
140.97755,12.0056365
140.987612,12.00569204
140.997675,12.00574758
141.007738,12.00580312
141.0178,12.00585866
141.027863,12.0059142
141.037926,12.00596974
141.047987,12.00602528
141.058049,12.00608082
141.068112,12.00613636
141.078174,12.0061919
141.088262,12.00624744
141.098326,12.00630298
141.108388,12.00635852
141.118451,12.00641406
141.128514,12.00646959
141.138576,12.00652513
141.148644,12.00658067
141.158707,12.00663621
141.16877,12.00669175
141.178831,12.00674729
141.188894,12.00680283
141.198956,12.00685837
141.209018,12.00691391
141.219081,12.00696945
141.229144,12.00702499
141.239207,12.00708053
141.249269,12.00713607
141.259332,12.00719161
141.269394,12.00724715
141.279457,12.00730269
141.289517,12.00735822
141.29958,12.00741376
141.309643,12.0074693
141.319706,12.00752484
141.329768,12.00758038
141.33983,12.00763592
141.349893,12.00769146
141.359954,12.007747
141.370016,12.00780254
141.380079,12.00785808
141.390141,12.00791326
141.400203,12.00796809
141.410265,12.00802292
141.420328,12.00807774
141.43039,12.00813257
141.440452,12.0081874
141.450514,12.00824223
141.460626,12.00829705
141.470709,12.00835188
141.48079,12.00840671
141.49087,12.00846154
141.500952,12.00851636
141.511033,12.00857119
141.521115,12.00862602
141.531196,12.00868084
141.541277,12.00873567
141.551358,12.0087905
141.56145,12.00884568
141.571532,12.00890087
141.581613,12.00895641
141.591705,12.00901194
141.601787,12.00906748
141.611875,12.00912302
141.621993,12.00917856
141.632075,12.0092341
141.642158,12.00928964
141.652241,12.00934518
141.662354,12.00940072
141.672435,12.00945626
141.682513,12.0095118
141.692595,12.00956734
141.702676,12.00962288
141.712758,12.00967842
141.722839,12.00973396
141.732923,12.0097895
141.743004,12.00984504
141.753085,12.00990057
141.76319,12.00995611
141.773273,12.01001165
141.783354,12.01006719
141.793436,12.01012273
141.803526,12.01017827
141.813609,12.01023381
141.823695,12.01028935
141.833776,12.01034489
141.843875,12.01040043
141.854007,12.01045597
141.864114,12.01051115
141.874233,12.01056669
141.884316,12.01062187
141.894397,12.01067706
141.904479,12.01073188
141.914561,12.01078671
141.924642,12.01084154
141.934722,12.01089637
141.944804,12.01095119
141.954885,12.01100602
141.965004,12.01106085
141.975092,12.01111568
141.985169,12.0111705
141.995251,12.01122533
142.005332,12.01128016
142.015419,12.01133499
142.025502,12.01138981
142.035584,12.01144464
142.045667,12.01149947
142.05575,12.01155429
142.065871,12.01160912
142.075953,12.01166395
142.086035,12.01171878
142.096115,12.0117736
142.106196,12.01182843
142.116276,12.01188326
142.126359,12.01193809
142.136439,12.01199291
142.14652,12.01204774
142.156601,12.01210257
142.16669,12.0121574
142.176771,12.01221222
142.186851,12.01226705
142.196932,12.01232188
142.207015,12.0123767
142.217096,12.01243153
142.227176,12.01248636
142.237257,12.01254119
142.247337,12.01259601
142.257417,12.01265084
142.267521,12.01270567
142.277603,12.0127605
142.287683,12.01281532
142.297765,12.01287015
142.307846,12.01292498
142.317926,12.0129798
142.328007,12.01303463
142.338088,12.01308982
142.348169,12.01314464
142.358258,12.01319983
142.368375,12.01325501
142.378456,12.01331055
142.388535,12.01336609
142.398616,12.01342163
142.408697,12.01347717
142.418778,12.01353271
142.428859,12.01358825
142.43894,12.01364379
142.449021,12.01369932
142.459105,12.01375486
142.469213,12.0138104
142.479294,12.01386594
142.489376,12.01392148
142.499457,12.01397702
142.509538,12.01403256
142.51962,12.0140881
142.529701,12.01414364
142.539782,12.01419918
142.549863,12.01425472
142.559942,12.01431026
142.57005,12.0143658
142.580145,12.01442134
142.590224,12.01447688
142.600302,12.01453241
142.610381,12.01458795
142.62046,12.01464349
142.630538,12.01469903
142.640619,12.01475457
142.6507,12.01481011
142.660774,12.0148653
142.670903,12.01492048
142.680986,12.01497531
142.691069,12.01503049
142.701151,12.01508532
142.711234,12.01514014
142.721316,12.01519497
142.731401,12.0152498
142.741482,12.01530463
142.751563,12.01535945
142.761647,12.01541428
142.771755,12.01546911
142.781836,12.01552393
142.791917,12.01557876
142.801998,12.01563359
142.812091,12.01568842
142.822178,12.01574324
142.83226,12.01579807
142.842341,12.0158529
142.852422,12.01590773
142.862504,12.01596255
142.872652,12.01601738
142.882739,12.01607221
142.892818,12.01612739
142.902901,12.01618257
142.91298,12.01623811
142.923063,12.0162933
142.933147,12.01634884
142.943231,12.01640402
142.953314,12.01645956
142.963391,12.0165151
142.973508,12.01657064
142.98359,12.01662618
142.993674,12.01668172
143.003756,12.01673726
143.013841,12.0167928
143.023926,12.01684834
143.034008,12.01690387
143.044089,12.01695941
143.054171,12.01701495
143.064252,12.01707049
143.074365,12.01712568
143.084447,12.01718086
143.094527,12.01723569
143.104608,12.01729051
143.114701,12.01734534
143.124783,12.01740017
143.134864,12.017455
143.144947,12.01750982
143.155029,12.01756465
143.16511,12.01761948
143.175207,12.01767431
143.185289,12.01772913
143.195371,12.01778396
143.205451,12.01783879
143.215532,12.01789361
143.225613,12.01794844
143.235694,12.01800327
143.245774,12.0180581
143.255855,12.01811292
143.265936,12.01816775
143.27604,12.01822258
143.286124,12.01827741
143.296208,12.01833223
143.306291,12.01838706
143.316372,12.01844189
143.326453,12.01849672
143.336536,12.01855154
143.346618,12.01860637
143.3567,12.0186612
143.366782,12.01871602
143.37689,12.01877085
143.386972,12.01882568
143.397053,12.01888051
143.407134,12.01893533
143.417216,12.01899016
143.427297,12.01904499
143.437379,12.01909982
143.447459,12.01915464
143.45754,12.01920947
143.467621,12.0192643
143.477719,12.01931912
143.487801,12.01937395
143.497882,12.01942878
143.507963,12.01948361
143.518044,12.01953843
143.528125,12.01959326
143.538202,12.01964809
143.548284,12.01970292
143.558365,12.01975774
143.568445,12.01981257
143.578548,12.0198674
143.588629,12.01992223
143.59871,12.01997705
143.608791,12.02003188
143.618871,12.02008671
143.628952,12.02014153
143.639033,12.02019636
143.649114,12.02025119
143.659195,12.02030602
143.669276,12.02036084
143.679365,12.02041567
143.689446,12.0204705
143.699526,12.02052533
143.709606,12.02058015
143.719687,12.02063498
143.729769,12.02068981
143.739852,12.02074464
143.749934,12.02079946
143.760018,12.02085429
143.770099,12.02090912
143.78019,12.02096394
143.790271,12.02101877
143.800354,12.02107324
143.810436,12.02112771
143.820517,12.02118183
143.830598,12.02123594
143.84068,12.02129006
143.850762,12.02134418
143.860842,12.02139829
143.87095,12.02145241
143.881081,12.02150652
143.891163,12.02156064
143.901243,12.02161475
143.911326,12.02166887
143.921408,12.02172298
143.93149,12.02177745
143.941571,12.02183193
143.951652,12.02188675
143.961733,12.02194122
143.971815,12.02199605
143.981923,12.02205052
143.992004,12.02210535
144.002086,12.02215982
144.012167,12.02221465
144.022248,12.02226948
144.032329,12.0223243
144.04241,12.02237913
144.052488,12.02243396
144.062569,12.02248878
144.07265,12.02254361
144.082754,12.02259844
144.092836,12.02265327
144.102918,12.02270809
144.113,12.02276292
144.12308,12.02281775
144.133161,12.02287258
144.143243,12.0229274
144.153324,12.02298223
144.163405,12.02303706
144.173486,12.02309189
144.183587,12.02314671
144.193668,12.02320154
144.20375,12.02325637
144.213831,12.02331119
144.223912,12.02336602
144.233991,12.02342085
144.244072,12.02347568
144.254154,12.0235305
144.264235,12.02358533
144.274317,12.02364016
144.284406,12.02369463
144.2945,12.0237491
144.304584,12.02380357
144.314666,12.02385769
144.324747,12.0239118
144.334828,12.02396592
144.344909,12.02402003
144.35499,12.02407415
144.36507,12.02412826
144.375165,12.02418238
144.385283,12.02423649
144.395365,12.02429061
144.405447,12.02434473
144.415529,12.02439884
144.42561,12.02445296
144.435692,12.02450707
144.445772,12.02456119
144.455853,12.0246153
144.465935,12.02466942
144.476016,12.02472353
144.486121,12.02477765
144.496202,12.02483176
144.506284,12.02488588
144.516364,12.02493999
144.526446,12.02499411
144.536528,12.02504822
144.546609,12.02510234
144.556689,12.02515645
144.56677,12.02521057
144.576851,12.02526468
144.586952,12.0253188
144.59703,12.02537292
144.607111,12.02542703
144.617191,12.02548115
144.627271,12.02553526
144.637352,12.02558938
144.647433,12.02564349
144.657514,12.02569761
144.667609,12.02575172
144.677691,12.02580584
144.687803,12.02585995
144.697883,12.02591407
144.707964,12.02596818
144.718044,12.0260223
144.728126,12.02607641
144.738209,12.02613053
144.748287,12.02618464
144.758373,12.0262384
144.768454,12.02629216
144.778535,12.02634557
144.788642,12.02639897
144.798728,12.02645237
144.808809,12.02650578
144.81889,12.02655918
144.828971,12.02661258
144.839053,12.02666599
144.849134,12.02671939
144.859215,12.02677279
144.869327,12.0268262
144.879422,12.0268796
144.889513,12.026933
144.899592,12.02698641
144.909669,12.02703981
144.919751,12.02709321
144.929831,12.02714661
144.939908,12.02720002
144.949989,12.02725342
144.960071,12.02730682
144.970151,12.02736023
144.98023,12.02741363
144.990336,12.02746703
145.000418,12.02752044
145.010495,12.02757384
145.020576,12.02762724
145.030683,12.02768065
145.04077,12.02773405
145.050853,12.02778745
145.060934,12.02784086
145.071014,12.02789426
145.081094,12.02794766
145.091206,12.02800107
145.101287,12.02805447
145.111368,12.02810787
145.121449,12.02816163
145.13153,12.02821539
145.141611,12.02826951
145.151692,12.02832362
145.161773,12.02837774
145.171854,12.02843185
145.181935,12.02848597
145.192038,12.02854008
145.202118,12.0285942
145.2122,12.02864831
145.222282,12.02870243
145.232364,12.02875654
145.242445,12.02881066
145.252525,12.02886477
145.262606,12.02891889
145.272687,12.02897301
145.28277,12.02902712
145.292875,12.02908124
145.302956,12.02913535
145.313037,12.02918947
145.323117,12.02924358
145.333196,12.0292977
145.343278,12.02935181
145.353359,12.02940593
145.36344,12.02946004
145.373521,12.02951416
145.383602,12.02956827
145.393692,12.02962239
145.403773,12.0296765
145.413853,12.02973026
145.423935,12.02978402
145.434016,12.02983743
145.444096,12.02989083
145.454177,12.02994423
145.464257,12.02999764
145.474337,12.03005104
145.484418,12.03010444
145.494523,12.03015785
145.504604,12.03021125
145.514686,12.03026465
145.524763,12.03031806
145.534845,12.03037146
145.544926,12.03042486
145.555008,12.03047826
145.565089,12.03053167
145.57517,12.03058507
145.585251,12.03063847
145.595341,12.03069188
145.605422,12.03074528
145.615504,12.03079868
145.625584,12.03085209
145.635665,12.03090549
145.645747,12.03095889
145.655826,12.0310123
145.665906,12.0310657
145.675986,12.0311191
145.686067,12.03117251
145.696146,12.03122591
145.706228,12.03127931
145.716309,12.03133272
145.726399,12.03138612
145.736481,12.03143952
145.746562,12.03149293
145.756643,12.03154633
145.766727,12.03159973
145.776808,12.03165314
145.786891,12.03170654
145.796999,12.03175994
145.807081,12.03181335
145.817178,12.03186675
145.82726,12.03192015
145.837342,12.03197356
145.847423,12.03202696
145.857504,12.03208036
145.867607,12.03213376
145.877698,12.03218681
145.887782,12.03223986
145.897893,12.03229255
145.907976,12.03234524
145.918058,12.03239793
145.92814,12.03245062
145.938222,12.03250332
145.948303,12.03255601
145.958384,12.0326087
145.968466,12.03266139
145.978544,12.03271408
145.988626,12.03276677
145.998717,12.03281946
146.008799,12.03287215
146.018889,12.03292484
146.02897,12.03297754
146.039054,12.03303023
146.049133,12.03308292
146.059214,12.03313561
146.069295,12.0331883
146.079377,12.03324099
146.089457,12.03329368
146.099573,12.03334637
146.109655,12.03339907
146.119736,12.03345176
146.129818,12.03350445
146.1399,12.03355714
146.149981,12.03360983
146.160062,12.03366252
146.170143,12.03371521
146.180223,12.0337679
146.190305,12.0338206
146.200411,12.03387329
146.210491,12.03392598
146.220572,12.03397867
146.230652,12.03403136
146.240732,12.03408405
146.250813,12.03413674
146.260894,12.03418943
146.270973,12.03424212
146.281054,12.03429482
146.291134,12.03434751
146.301243,12.03439984
146.311323,12.03445218
146.321405,12.03450451
146.331487,12.0345572
146.341568,12.03460954
146.351648,12.03466223
146.36173,12.03471492
146.371811,12.03476761
146.381892,12.0348203
146.391974,12.03487299
146.402077,12.03492569
146.412158,12.03497838
146.422239,12.03503107
146.432319,12.03508376
146.442399,12.03513645
146.452479,12.03518914
146.462559,12.03524183
146.472641,12.03529452
146.482722,12.03534722
146.492802,12.03539991
146.502894,12.0354526
146.512974,12.03550529
146.523053,12.03555798
146.533133,12.03561067
146.543213,12.03566336
146.553295,12.03571605
146.563376,12.03576875
146.573455,12.03582144
146.583537,12.03587413
146.593617,12.03592682
146.603719,12.03597951
146.613797,12.0360322
146.623875,12.03608489
146.633956,12.03613758
146.644037,12.03619027
146.654118,12.03624297
146.664197,12.0362953
146.674277,12.03634728
146.684358,12.03639962
146.694439,12.03645159
146.70454,12.03650357
146.71462,12.03655555
146.724701,12.03660753
146.734785,12.03665951
146.744866,12.03671149
146.754947,12.03676347
146.765031,12.03681545
146.775113,12.03686743
146.785194,12.03691941
146.795272,12.03697139
146.805358,12.03702337
146.81544,12.03707534
146.825521,12.03712732
146.835602,12.0371793
146.845683,12.03723128
146.855764,12.03728326
146.865844,12.03733524
146.875937,12.03738722
146.886004,12.0374392
146.896081,12.03749118
146.906195,12.03754316
146.916277,12.03759514
146.926369,12.03764711
146.936452,12.03769909
146.946533,12.03775107
146.956614,12.03780305
146.966694,12.03785503
146.976774,12.03790701
146.986858,12.03795899
146.99694,12.03801097
147.007049,12.03806295
147.017131,12.03811493
147.027212,12.03816691
147.037292,12.03821889
147.047374,12.03827086
147.057455,12.03832284
147.067537,12.03837482
147.077618,12.0384268
147.087698,12.03847843
147.097776,12.03852969
147.107881,12.03858096
147.117983,12.03863223
147.128065,12.03868349
147.138145,12.03873476
147.148226,12.03878603
147.158307,12.0388373
147.168387,12.03888856
147.178469,12.03893983
147.188549,12.0389911
147.19863,12.03904236
147.208733,12.03909363
147.218814,12.0391449
147.228895,12.03919616
147.238976,12.03924743
147.249056,12.0392987
147.259138,12.03934997
147.269219,12.03940123
147.279299,12.0394525
147.28938,12.03950377
147.299461,12.03955503
147.309551,12.0396063
147.319631,12.03965757
147.32971,12.03970884
147.33979,12.0397601
147.34987,12.03981137
147.359951,12.03986264
147.370031,12.0399139
147.380108,12.03996517
147.39019,12.04001644
147.400271,12.04006735
147.410371,12.04011826
147.420452,12.04016882
147.430533,12.04021937
147.440613,12.04026993
147.450693,12.04032048
147.460773,12.04037104
147.470854,12.04042159
147.480934,12.04047215
147.491016,12.0405227
147.501099,12.04057326
147.511201,12.04062381
147.521281,12.04067437
147.531362,12.04072492
147.541444,12.04077548
147.551523,12.04082603
147.561604,12.04087659
147.571681,12.04092714
147.581759,12.0409777
147.591841,12.04102825
147.60192,12.04107881
147.612024,12.04112936
147.622105,12.04117992
147.632186,12.04123047
147.642267,12.04128103
147.652347,12.04133158
147.662427,12.04138214
147.672507,12.04143269
147.682587,12.04148325
147.692667,12.0415338
147.702753,12.04158436
147.712845,12.04163491
147.722926,12.04168547
147.733011,12.04173602
147.743092,12.04178658
147.753173,12.04183713
147.763263,12.04188769
147.773346,12.04193824
147.783429,12.0419888
147.793511,12.04203935
147.803593,12.04208991
147.813699,12.04214046
147.82378,12.04219102
147.83386,12.04224157
147.843941,12.04229213
147.854021,12.04234268
147.864103,12.04239324
147.874218,12.04244379
147.884298,12.04249399
147.894376,12.04254419
147.904458,12.04259403
147.914552,12.04264388
147.924633,12.04269408
147.934714,12.04274428
147.944795,12.04279483
147.954875,12.04284503
147.964956,12.04289558
147.975038,12.04294578
147.985119,12.04299634
147.995201,12.04304654
148.005281,12.04309709
148.015384,12.04314765
148.025466,12.0431982
148.035546,12.04324876
148.045628,12.04329931
148.055708,12.04334987
148.065787,12.04340042
148.075868,12.04345098
148.085945,12.04350118
148.096025,12.04355138
148.106106,12.04360122
148.116209,12.04365106
148.12629,12.04370091
148.13637,12.04375075
148.146451,12.04380059
148.156531,12.04385043
148.166611,12.04390028
148.176691,12.04395012
148.186771,12.04399996
148.196863,12.04404981
148.206947,12.04409965
148.217063,12.04414949
148.227145,12.04419934
148.237226,12.04424918
148.247306,12.04429902
148.257387,12.04434886
148.267468,12.04439871
148.277548,12.04444855
148.287629,12.04449839
148.297707,12.04454824
148.307787,12.04459808
148.317879,12.04464792
148.327959,12.04469777
148.33804,12.04474761
148.34812,12.0447971
148.3582,12.04484658
148.36828,12.04489571
148.37836,12.04494484
148.38844,12.04499398
148.39852,12.04504311
148.408601,12.04509224
148.418702,12.04514137
148.428783,12.0451905
148.438863,12.04523963
148.448943,12.04528876
148.459024,12.04533789
148.469104,12.04538702
148.479185,12.04543615
148.489265,12.04548529
148.499345,12.04553442
148.509425,12.04558355
148.519529,12.04563268
148.529609,12.04568181
148.539689,12.04573094
148.54977,12.04578007
148.55985,12.0458292
148.569931,12.04587833
148.580011,12.04592746
148.590092,12.0459766
148.600172,12.04602573
148.610252,12.04607486
148.620355,12.04612399
148.630435,12.04617312
148.640515,12.04622225
148.650596,12.04627138
148.660672,12.04632016
148.670752,12.04636893
148.680833,12.04641735
148.690913,12.04646577
148.700993,12.04651419
148.711074,12.04656261
148.721152,12.04661103
148.731239,12.04665944
148.741317,12.04670786
148.751396,12.04675628
148.761477,12.0468047
148.771561,12.04685312
148.781643,12.04690154
148.791724,12.04694996
148.801807,12.04699838
148.811888,12.0470468
148.822007,12.04709522
148.83209,12.04714363
148.842173,12.04719205
148.852252,12.04724047
148.862334,12.04728889
148.872442,12.04733731
148.882528,12.04738573
148.892607,12.04743415
148.902685,12.04748221
148.912763,12.04753027
148.922873,12.04757798
148.932953,12.04762604
148.943031,12.04767375
148.95311,12.04772146
148.963191,12.04776916
148.973273,12.04781687
148.983355,12.04786458
148.993438,12.04791228
149.003519,12.04795999
149.0136,12.0480077
149.023714,12.04805541
149.033796,12.04810276
149.043877,12.04815046
149.053982,12.04819781
149.064063,12.04824516
149.074145,12.04829216
149.084226,12.04833915
149.094307,12.04838615
149.104389,12.04843314
149.114471,12.04848014
149.124561,12.04852713
149.134642,12.04857413
149.144723,12.04862112
149.154803,12.04866812
149.164884,12.04871511
149.174965,12.04876211
149.185045,12.0488091
149.195126,12.0488561
149.205206,12.04890309
149.215287,12.04895009
149.225389,12.04899708
149.23547,12.04904408
149.245551,12.04909107
149.255631,12.04913771
149.265711,12.04918399
149.275792,12.04923028
149.285873,12.04927656
149.295954,12.04932284
149.306036,12.04936912
149.316117,12.04941541
149.326223,12.04946169
149.336305,12.04950797
149.346386,12.04955426
149.356467,12.04960054
149.366548,12.04964682
149.376629,12.0496931
149.38671,12.04973939
149.396791,12.04978567
149.406872,12.04983195
149.416953,12.04987824
149.427033,12.04992452
149.437114,12.0499708
149.447195,12.05001708
149.457276,12.05006337
149.467366,12.05010929
149.477447,12.05015486
149.487529,12.05020044
149.49761,12.05024601
149.507691,12.05029158
149.517772,12.05033715
149.527887,12.05038272
149.537988,12.05042829
149.548069,12.05047386
149.558149,12.05051943
149.56823,12.050565
149.578321,12.05061057
149.588404,12.05065614
149.598486,12.05070171
149.608567,12.05074728
149.618646,12.05079286
149.628757,12.05083807
149.638838,12.05088364
149.648919,12.05092886
149.659001,12.05097371
149.669081,12.05101857
149.679162,12.05106343
149.689244,12.05110829
149.699324,12.05115315
149.709405,12.05119801
149.719485,12.05124287
149.729598,12.05128773
149.739682,12.05133258
149.74976,12.05137744
149.759847,12.0514223
149.769931,12.05146716
149.780014,12.05151202
149.790096,12.05155688
149.800174,12.05160174
149.810256,12.05164659
149.820338,12.05169145
149.830445,12.05173631
149.840526,12.05178153
149.850609,12.05182639
149.86069,12.0518716
149.870803,12.05191646
149.880894,12.05196132
149.890975,12.05200618
149.901055,12.05205104
149.911133,12.05209589
149.921217,12.05214075
149.931308,12.05218597
149.941389,12.05223083
149.951471,12.05227604
149.961549,12.05232054
149.97163,12.05236576
149.981711,12.05241026
149.991792,12.05245512
150.001873,12.05249998
150.011955,12.05254484
150.022035,12.0525897
150.032138,12.0526342
150.042219,12.05267835
150.052297,12.05272249
150.062378,12.05276664
150.072458,12.05281079
150.082539,12.05285493
150.092619,12.05289908
150.1027,12.05294323
150.11278,12.05298737
150.122861,12.05303152
150.132961,12.05307567
150.143042,12.05311981
150.153123,12.05316396
150.163204,12.05320811
150.173284,12.05325225
150.183364,12.0532964
150.193445,12.05334055
150.203526,12.05338469
150.213607,12.05342884
150.223688,12.05347299
150.23379,12.05351713
150.243872,12.05356128
150.253953,12.05360543
150.264035,12.05364922
150.274116,12.05369265
150.284197,12.05373609
150.294277,12.05377952
150.30436,12.05382295
150.314441,12.05386639
150.324521,12.05390982
150.334624,12.05395326
150.344705,12.05399669
150.354787,12.05404013
150.364868,12.05408356
150.374948,12.054127
150.38503,12.05417043
150.395111,12.05421387
150.405192,12.0542573
150.415272,12.05430074
150.425352,12.05434417
150.43544,12.0543876
150.445521,12.05443104
150.455602,12.05447447
150.465683,12.05451791
150.475765,12.05456099
150.485845,12.05460371
150.495926,12.05464643
150.506006,12.05468916
150.516087,12.05473188
150.526167,12.0547746
150.53627,12.05481732
150.546351,12.05486005
150.556432,12.05490277
150.566513,12.05494549
150.576594,12.05498821
150.586674,12.05503094
150.596755,12.05507366
150.606835,12.05511638
150.616916,12.0551591
150.626997,12.05520183
150.637098,12.05524455
150.64718,12.05528727
150.657261,12.05532999
150.667341,12.05537272
150.677422,12.05541544
150.687505,12.05545816
150.697587,12.05550088
150.707664,12.05554361
150.717755,12.05558633
150.727843,12.0556287
150.737945,12.05567071
150.748027,12.05571272
150.75811,12.05575473
150.768192,12.05579674
150.778273,12.05583875
150.788355,12.05588076
150.798436,12.05592277
150.808518,12.05596478
150.818599,12.05600679
150.82868,12.0560488
150.838789,12.05609081
150.84887,12.05613282
150.858951,12.05617483
150.869058,12.05621684
150.87915,12.05625885
150.88923,12.05630086
150.899307,12.05634288
150.909386,12.05638489
150.919467,12.0564269
150.929545,12.05646891
150.939637,12.05651092
150.949718,12.05655293
150.959798,12.05659494
150.969877,12.05663659
150.979956,12.05667789
150.990037,12.05671919
151.000118,12.05676049
151.010199,12.05680179
151.02028,12.05684309
151.030362,12.05688438
151.040464,12.05692568
151.050545,12.05696698
151.060627,12.05700828
151.070708,12.05704958
151.080789,12.05709088
151.090873,12.05713218
151.100956,12.05717347
151.111038,12.05721477
151.121119,12.05725607
151.1312,12.05729737
151.141308,12.05733867
151.151389,12.05737997
151.16147,12.05742126
151.17155,12.05746221
151.181632,12.05750279
151.191713,12.05754338
151.201794,12.05758397
151.211876,12.05762455
151.221978,12.05766514
151.232059,12.05770573
151.242163,12.05774631
151.252244,12.0577869
151.262325,12.05782749
151.272406,12.05786807
151.282487,12.0579083
151.292568,12.05794818
151.302649,12.05798805
151.31273,12.05802793
151.322811,12.0580678
151.332892,12.05810767
151.342997,12.05814755
151.353077,12.05818742
151.363158,12.0582273
151.373239,12.05826717
151.38332,12.05830705
151.393401,12.05834692
151.403483,12.0583868
151.413564,12.05842667
151.423645,12.05846654
151.433726,12.05850606
151.443813,12.05854522
151.453894,12.05858439
151.463975,12.05862355
151.474054,12.05866271
151.484135,12.05870187
151.494217,12.05874104
151.504298,12.0587802
151.51438,12.05881936
151.524461,12.05885852
151.534542,12.05889769
151.544648,12.05893685
151.554729,12.05897601
151.56481,12.05901517
151.574908,12.05905434
151.584992,12.0590935
151.595075,12.05913266
151.605154,12.05917182
151.615235,12.05921098
151.625316,12.05925015
151.635397,12.05928895
151.645508,12.0593274
151.655589,12.05936585
151.66567,12.0594043
151.675752,12.05944276
151.685833,12.05948121
151.695914,12.05951966
151.705994,12.05955811
151.716075,12.05959656
151.726153,12.05963501
151.736235,12.05967346
151.746338,12.05971191
151.756419,12.05975036
151.766499,12.05978881
151.776579,12.05982726
151.786658,12.05986571
151.796738,12.05990416
151.806816,12.05994261
151.816899,12.05998106
151.82698,12.06001951
151.837061,12.0600576
151.847171,12.0600957
151.857253,12.06013344
151.867341,12.06017153
151.877445,12.06020927
151.88753,12.06024701
151.89761,12.06028475
151.907693,12.06032248
151.917774,12.06036022
151.927855,12.06039796
151.937936,12.0604357
151.948042,12.06047344
151.958124,12.06051153
151.968205,12.06054963
151.978283,12.06058808
151.988364,12.06062617
151.998457,12.06066462
152.008539,12.06070307
152.01862,12.06074152
152.028701,12.06077997
152.038787,12.06081842
152.048866,12.06085687
152.058947,12.06089532
152.069028,12.06093377
152.079109,12.06097187
152.089192,12.06100961
152.099273,12.06104734
152.109354,12.06108508
152.119435,12.06112282
152.129516,12.06116056
152.139597,12.0611983
152.149698,12.06123604
152.15978,12.06127377
152.169861,12.06131151
152.179939,12.06134925
152.190019,12.06138699
152.2001,12.06142473
152.21018,12.06146247
152.22026,12.0615002
152.230341,12.06153794
152.240422,12.06157568
152.250512,12.06161342
152.260591,12.06165116
152.270672,12.0616889
152.280752,12.06172663
152.290832,12.06176437
152.300922,12.06180211
152.311004,12.06183985
152.321085,12.06187759
152.331166,12.06191532
152.341247,12.06195306
152.351351,12.0619908
152.361433,12.06202818
152.371513,12.06206521
152.381594,12.06210224
152.391674,12.06213926
152.401755,12.06217629
152.411836,12.06221331
152.421917,12.06225034
152.431998,12.06228737
152.442078,12.06232439
152.452179,12.06236142
152.46226,12.06239845
152.472341,12.06243547
152.482421,12.0624725
152.492502,12.06250952
152.502585,12.06254655
152.512666,12.06258358
152.522747,12.0626206
152.532828,12.06265763
152.542909,12.06269466
152.553014,12.06273168
152.563096,12.06276835
152.573177,12.06280467
152.583258,12.06284098
152.593338,12.0628773
152.603419,12.06291361
152.6135,12.06294992
152.62358,12.06298624
152.633661,12.06302255
152.643743,12.06305887
152.653843,12.06309518
152.663924,12.06313149
152.674004,12.06316781
152.684084,12.06320412
152.694165,12.06324044
152.704247,12.06327675
152.714328,12.06331307
152.724409,12.06334938
152.734491,12.06338569
152.744572,12.06342201
152.75465,12.06345832
152.764733,12.06349428
152.774814,12.06352988
152.784894,12.06356548
152.794976,12.06360109
152.805067,12.06363669
152.815149,12.06367229
152.82523,12.06370789
152.835311,12.0637435
152.845391,12.0637791
152.855499,12.0638147
152.86558,12.0638503
152.875677,12.0638859
152.885758,12.06392151
152.895822,12.06395711
152.905904,12.06399271
152.915987,12.06402831
152.926069,12.06406391
152.936149,12.06409952
152.946226,12.06413512
152.956313,12.06417072
152.966392,12.06420632
152.976469,12.06424193
152.986548,12.06427753
152.996628,12.06431277
153.006707,12.06434766
153.016784,12.06438255
153.026861,12.06441744
153.036938,12.06445233
153.047016,12.06448722
153.057102,12.06452211
153.067184,12.064557
153.077264,12.06459189
153.087346,12.06462678
153.097426,12.06466168
153.107505,12.06469657
153.117585,12.06473146
153.127666,12.06476635
153.137746,12.06480124
153.147827,12.06483613
153.157918,12.06487102
153.167999,12.06490591
153.178079,12.0649408
153.18816,12.06497569
153.19824,12.06501058
153.208322,12.06504547
153.218403,12.06508036
153.228484,12.06511525
153.238565,12.06515014
153.248654,12.06518503
153.258772,12.06521992
153.268853,12.06525445
153.278933,12.06528899
153.289015,12.06532316
153.299096,12.06535734
153.309178,12.06539152
153.319259,12.0654257
153.32934,12.06545988
153.339422,12.06549405
153.349502,12.06552823
153.359607,12.06556241
153.369688,12.06559659
153.379768,12.06563077
153.389848,12.06566494
153.399928,12.06569912
153.410009,12.0657333
153.42009,12.06576748
153.43017,12.06580166
153.440251,12.06583583
153.450331,12.06587001
153.460433,12.06590419
153.470515,12.06593801
153.480672,12.06597183
153.490753,12.0660053
153.500834,12.06603877
153.510915,12.06607223
153.520996,12.0661057
153.531081,12.06613916
153.541162,12.06617263
153.551243,12.0662061
153.561348,12.06623956
153.571429,12.06627303
153.58151,12.06630649
153.591591,12.06633996
153.601672,12.06637343
153.611753,12.06640689
153.621834,12.06644036
153.631915,12.06647382
153.641995,12.06650729
153.652076,12.06654076
153.662178,12.06657422
153.672259,12.06660733
153.68234,12.06664044
153.69242,12.0666732
153.702501,12.06670595
153.712582,12.0667387
153.722663,12.06677146
153.732745,12.06680421
153.742827,12.06683697
153.752907,12.06686972
153.763014,12.06690247
153.773095,12.06693523
153.783176,12.06696798
153.793255,12.06700074
153.803333,12.06703349
153.813413,12.06706624
153.823495,12.067099
153.833576,12.06713175
153.843657,12.06716451
153.853738,12.06719726
153.86383,12.06723001
153.873937,12.06726277
153.884021,12.06729517
153.894101,12.06732721
153.90418,12.06735925
153.914263,12.06739129
153.924344,12.06742333
153.934426,12.06745538
153.944507,12.06748742
153.954589,12.06751946
153.9647,12.0675515
153.974784,12.06758354
153.984867,12.06761559
153.994949,12.06764763
154.00503,12.06767967
154.015111,12.06771171
154.025192,12.0677434
154.035274,12.06777508
154.045355,12.06780641
154.055436,12.06783774
154.065526,12.06786907
154.075607,12.0679004
154.085688,12.06793173
154.095769,12.06796306
154.105849,12.06799439
154.115931,12.06802572
154.126012,12.06805705
154.136093,12.06808838
154.146175,12.06811936
154.156255,12.06814997
154.166359,12.06818059
154.176441,12.06821121
154.186522,12.06824183
154.196603,12.06827245
154.206685,12.06830306
154.216766,12.06833368
154.226843,12.0683643
154.236924,12.06839492
154.247005,12.06842554
154.257086,12.06845615
154.267189,12.06848677
154.277271,12.06851739
154.287351,12.06854801
154.297432,12.06857862
154.307518,12.06860924
154.3176,12.06863986
154.327682,12.06867048
154.337763,12.0687011
154.347844,12.06873171
154.357926,12.06876233
154.368032,12.06879259
154.378113,12.0688225
154.388195,12.0688524
154.398275,12.06888231
154.408357,12.06891222
154.418438,12.06894212
154.428519,12.06897203
154.438597,12.06900193
154.448678,12.06903184
154.458759,12.06906175
154.468862,12.06909165
154.478943,12.06912156
154.489024,12.06915146
154.499104,12.06918137
154.509194,12.06921127
154.519275,12.06924118
154.529357,12.06927109
154.539439,12.06930099
154.549517,12.0693309
154.5596,12.0693608
154.569693,12.06939035
154.579774,12.06941955
154.589855,12.06944874
154.599936,12.06947793
154.610017,12.06950713
154.620097,12.06953632
154.630178,12.06956552
154.640259,12.06959471
154.65034,12.0696239
154.660421,12.0696531
154.670524,12.06968229
154.680605,12.06971148
154.690687,12.06974068
154.700768,12.06976987
154.710849,12.06979907
154.72093,12.06982826
154.731009,12.06985745
154.741089,12.06988665
154.751171,12.06991584
154.761253,12.06994504
154.771359,12.06997423
154.78144,12.07000342
154.791522,12.07003262
154.801603,12.07006145
154.811687,12.07008994
154.82177,12.07011842
154.831849,12.0701469
154.841929,12.07017538
154.852007,12.07020386
154.862089,12.07023234
154.872211,12.07026083
154.882293,12.07028931
154.892373,12.07031779
154.902458,12.07034592
154.912539,12.07037369
154.922622,12.07040145
154.932704,12.07042922
154.942785,12.07045699
154.952867,12.07048476
154.962947,12.07051253
154.973059,12.0705403
154.983138,12.07056807
154.99322,12.07059584
155.003302,12.07062361
155.013383,12.07065138
155.023465,12.07067915
155.033546,12.07070692
155.043627,12.07073469
155.053708,12.07076246
155.063789,12.07079023
155.073899,12.070818
155.08398,12.07084577
155.094061,12.07087354
155.104141,12.07090131
155.114223,12.07092908
155.124303,12.07095685
155.134385,12.07098462
155.144466,12.07101203
155.154547,12.07103909
155.164628,12.07106615
155.174718,12.0710932
155.1848,12.07112026
155.194881,12.07114732
155.204962,12.07117438
155.215043,12.07120144
155.225126,12.07122849
155.235208,12.07125555
155.245289,12.07128261
155.255372,12.07130967
155.265453,12.07133672
155.275555,12.07136378
155.285636,12.07139084
155.295717,12.0714179
155.305796,12.07144495
155.315877,12.07147201
155.325978,12.07149907
155.336059,12.07152613
155.34614,12.07155318
155.356221,12.07158024
155.366302,12.0716073
155.376405,12.07163436
155.386486,12.07166142
155.396567,12.07168847
155.406649,12.07171553
155.416729,12.07174259
155.42681,12.07176965
155.436891,12.0717967
155.446972,12.07182376
155.457053,12.07185082
155.467134,12.07187788
155.477234,12.07190493
155.487315,12.07193199
155.497394,12.07195905
155.507475,12.07198611
155.517557,12.07201316
155.527638,12.07204022
155.537719,12.07206728
155.5478,12.07209398
155.55788,12.07212068
155.567961,12.07214703
155.578066,12.07217337
155.588149,12.07219972
155.59823,12.07222607
155.608311,12.07225241
155.618393,12.07227876
155.628473,12.0723051
155.638555,12.07233145
155.648636,12.07235779
155.658717,12.07238414
155.668797,12.07241048
155.678887,12.07243683
155.688967,12.07246318
155.699048,12.07248952
155.709129,12.07251587
155.719209,12.07254221
155.729289,12.07256856
155.739372,12.0725949
155.749453,12.07262125
155.759535,12.07264759
155.769623,12.07267394
155.779744,12.07270029
155.789825,12.07272663
155.799905,12.07275298
155.809988,12.07277932
155.820069,12.07280567
155.83015,12.07283201
155.84023,12.07285836
155.850311,12.07288471
155.860392,12.07291069
155.870504,12.07293633
155.880606,12.07296196
155.890686,12.0729876
155.900765,12.07301323
155.910843,12.07303886
155.920926,12.0730645
155.931005,12.07309013
155.941087,12.07311576
155.95117,12.0731414
155.961251,12.07316703
155.971332,12.07319266
155.981441,12.0732183
155.991523,12.07324393
156.001604,12.07326956
156.011686,12.0732952
156.021763,12.07332083
156.031845,12.07334647
156.041926,12.0733721
156.052004,12.07339773
156.062085,12.07342337
156.072167,12.073449
156.082256,12.07347463
156.092342,12.07350027
156.102423,12.07352554
156.112504,12.07355082
156.122584,12.07357574
156.132665,12.07360066
156.142747,12.07362559
156.152827,12.07365051
156.162909,12.07367543
156.172989,12.07370035
156.183097,12.07372527
156.193178,12.07375019
156.203258,12.07377512
156.213338,12.07380004
156.223418,12.07382496
156.233499,12.07384988
156.24358,12.0738748
156.253661,12.07389937
156.263741,12.07392393
156.273822,12.07394814
156.283927,12.07397235
156.294008,12.07399656
156.304088,12.07402077
156.314169,12.07404498
156.324249,12.07406919
156.33433,12.0740934
156.344411,12.07411761
156.354491,12.07414217
156.364572,12.07416674
156.374653,12.07419166
156.38476,12.07421623
156.39484,12.07424115
156.404921,12.07426571
156.415002,12.07429063
156.425083,12.0743152
156.435164,12.07434012
156.445244,12.07436504
156.455324,12.07438961
156.465405,12.07441382
156.475485,12.07443767
156.485587,12.07446188
156.495667,12.07448573
156.505748,12.07450994
156.515829,12.0745338
156.525909,12.07455801
156.53599,12.07458186
156.546071,12.07460607
156.556152,12.07462992
156.566232,12.07465378
156.576313,12.07467763
156.586403,12.07470148
156.596481,12.07472569
156.606563,12.07474955
156.616643,12.07477376
156.626723,12.07479761
156.636804,12.07482182
156.646885,12.07484567
156.656966,12.07486988
156.667046,12.07489373
156.677127,12.07491759
156.687229,12.07494144
156.697308,12.0749653
156.707389,12.0749895
156.717469,12.07501336
156.727547,12.07503757
156.737628,12.07506142
156.747709,12.07508563
156.757796,12.07510913
156.76788,12.07513263
156.777977,12.07515577
156.788077,12.07517891
156.798157,12.07520205
156.808239,12.07522519
156.818321,12.07524869
156.828402,12.07527183
156.838483,12.07529533
156.848563,12.07531847
156.858645,12.07534197
156.868751,12.07536511
156.878853,12.0753886
156.888942,12.07541175
156.899022,12.07543489
156.909101,12.07545803
156.919183,12.07548117
156.92926,12.07550467
156.939339,12.07552781
156.949416,12.07555131
156.959494,12.07557445
156.969572,12.07559795
156.979651,12.07562109
156.989756,12.07564458
156.999837,12.07566773
157.009917,12.07569087
157.019998,12.07571401
157.030077,12.07573679
157.04017,12.07575994
157.050253,12.07578272
157.060334,12.07580586
157.070414,12.07582865
157.080495,12.07585179
157.090586,12.07587457
157.100667,12.07589736
157.110747,12.07591943
157.120828,12.07594186
157.130908,12.07596429
157.140989,12.07598672
157.151069,12.07600951
157.161149,12.07603194
157.171229,12.07605472
157.181309,12.07607715
157.191413,12.07609994
157.201496,12.07612237
157.211574,12.07614515
157.221657,12.07616758
157.231738,12.07619037
157.241818,12.07621279
157.251898,12.07623522
157.261979,12.07625765
157.27206,12.07628008
157.282141,12.07630287
157.29225,12.0763253
157.302332,12.07634808
157.312413,12.07637051
157.322494,12.0763933
157.332574,12.07641537
157.342655,12.0764378
157.352736,12.07645952
157.362816,12.07648159
157.372897,12.07650331
157.382979,12.07652503
157.393086,12.0765471
157.403167,12.07656917
157.413248,12.07659125
157.42333,12.07661332
157.43341,12.07663539
157.44349,12.07665747
157.45357,12.07667954
157.463651,12.07670161
157.473731,12.07672369
157.483811,12.07674576
157.493914,12.07676783
157.503996,12.07678991
157.514076,12.07681198
157.524156,12.07683405
157.534237,12.07685613
157.544317,12.0768782
157.554399,12.07690027
157.56448,12.07692235
157.57456,12.07694442
157.58464,12.07696649
157.594729,12.07698857
157.60481,12.07701064
157.61489,12.07703236
157.624973,12.07705372
157.635054,12.07707508
157.645136,12.07709644
157.655216,12.0771178
157.665297,12.07713916
157.675379,12.07716052
157.68546,12.07718189
157.695562,12.07720325
157.70564,12.07722461
157.715721,12.07724597
157.725801,12.07726733
157.735883,12.07728869
157.746026,12.07731005
157.756108,12.07733141
157.76619,12.07735278
157.776271,12.07737414
157.786353,12.0773955
157.796459,12.07741686
157.806539,12.07743822
157.816621,12.07745958
157.826704,12.07748094
157.836786,12.0775023
157.846867,12.07752367
157.856948,12.07754503
157.867031,12.07756639
157.877135,12.07758775
157.887216,12.07760911
157.897296,12.07763047
157.907375,12.07765183
157.917454,12.0776732
157.927536,12.07769456
157.937618,12.07771592
157.9477,12.07773692
157.957781,12.07775757
157.967862,12.07777822
157.977942,12.07779887
157.988025,12.07781952
157.998134,12.07784017
158.008214,12.07786082
158.018298,12.07788147
158.02838,12.07790212
158.038461,12.07792277
158.04854,12.07794342
158.058621,12.07796406
158.068699,12.07798471
158.078782,12.07800536
158.088863,12.07802601
158.098968,12.07804666
158.109049,12.07806731
158.119131,12.07808796
158.129211,12.07810861
158.139292,12.07812926
158.149373,12.07814991
158.159453,12.07817056
158.169534,12.07819121
158.179615,12.07821186
158.189696,12.07823215
158.199786,12.07825209
158.209867,12.07827202
158.219949,12.07829196
158.230029,12.0783119
158.24011,12.07833184
158.250191,12.07835177
158.260272,12.07837171
158.270353,12.07839165
158.280433,12.07841158
158.290513,12.07843152
158.300616,12.07845146
158.310718,12.0784714
158.320802,12.07849133
158.330885,12.07851127
158.340966,12.07853121
158.351048,12.07855114
158.361129,12.07857108
158.371209,12.07859102
158.381291,12.07861096
158.391372,12.07863089
158.401491,12.07865083
158.411573,12.07867077
158.421653,12.0786907
158.431735,12.07871064
158.441815,12.07873058
158.451896,12.07875052
158.461978,12.0787701
158.472059,12.07878968
158.48214,12.0788089
158.49222,12.07882813
158.502326,12.07884735
158.512407,12.07886658
158.522488,12.0788858
158.532568,12.07890503
158.542649,12.07892425
158.552729,12.07894348
158.56281,12.07896271
158.57289,12.07898193
158.582971,12.07900116
158.593051,12.07902038
158.603155,12.07903961
158.613235,12.07905883
158.623316,12.07907806
158.633396,12.07909728
158.643475,12.07911651
158.653557,12.07913573
158.663637,12.07915496
158.673718,12.07917418
158.683798,12.07919341
158.693879,12.07921263
158.703968,12.07923186
158.714049,12.07925108
158.72413,12.07927031
158.734212,12.07928953
158.744293,12.07930876
158.754374,12.07932798
158.764456,12.07934721
158.774537,12.07936643
158.784619,12.07938566
158.794699,12.07940453
158.804804,12.07942304
158.814889,12.07944155
158.824971,12.07946007
158.835052,12.07947858
158.845133,12.07949709
158.855215,12.07951561
158.865295,12.07953412
158.875393,12.07955263
158.885479,12.07957115
158.895559,12.07958966
158.905648,12.07960817
158.915731,12.07962669
158.925813,12.0796452
158.935894,12.07966371
158.945974,12.07968222
158.956057,12.07970074
158.966139,12.07971925
158.97622,12.07973776
158.986302,12.07975628
158.99638,12.07977479
159.006485,12.0797933
159.016567,12.07981182
159.026648,12.07983033
159.03673,12.07984884
159.046811,12.07986736
159.056892,12.07988587
159.066977,12.07990438
159.077059,12.0799229
159.087141,12.07994141
159.097222,12.07995957
159.107326,12.07997737
159.117407,12.07999517
159.127488,12.08001297
159.137568,12.08003077
159.147649,12.08004822
159.157729,12.08006602
159.16781,12.08008346
159.177891,12.08010126
159.187972,12.08011871
159.198052,12.08013651
159.208142,12.08015395
159.218223,12.08017175
159.228304,12.0801892
159.238385,12.080207
159.248466,12.0802248
159.258547,12.0802426
159.268628,12.0802604
159.27871,12.08027785
159.28879,12.08029565
159.298871,12.0803131
159.308958,12.0803309
159.319041,12.08034834
159.329123,12.08036614
159.339204,12.08038359
159.349281,12.08040139
159.359363,12.08041883
159.369444,12.08043628
159.379526,12.08045372
159.389606,12.08047117
159.399688,12.08048897
159.40979,12.08050641
159.419871,12.08052386
159.429953,12.08054059
159.440035,12.08055768
159.450116,12.08057441
159.460197,12.0805915
159.470278,12.08060824
159.480359,12.08062497
159.490439,12.0806417
159.50052,12.08065844
159.510624,12.08067553
159.520705,12.08069226
159.530787,12.08070935
159.540868,12.08072608
159.550949,12.08074317
159.561029,12.0807599
159.571127,12.08077699
159.581211,12.08079372
159.591292,12.08081081
159.601374,12.0808279
159.611492,12.08084499
159.621573,12.08086208
159.631653,12.08087881
159.641734,12.0808959
159.651814,12.08091264
159.661895,12.08092972
159.671978,12.08094646
159.682059,12.08096355
159.69214,12.08098028
159.702221,12.08099737
159.71231,12.0810141
159.722391,12.08103083
159.732471,12.08104757
159.742554,12.08106394
159.752634,12.08108068
159.762715,12.08109705
159.772797,12.08111379
159.782879,12.08113016
159.792959,12.0811469
159.80304,12.08116327
159.813159,12.08118001
159.823243,12.08119638
159.833324,12.08121276
159.843406,12.08122878
159.853487,12.08124445
159.863568,12.08126047
159.873682,12.08127613
159.883765,12.08129215
159.893843,12.08130782
159.90393,12.08132384
159.914039,12.08133951
159.924117,12.08135553
159.934198,12.08137119
159.944279,12.08138721
159.954359,12.08140288
159.964441,12.08141854
159.974522,12.08143421
159.984601,12.08144987
159.994683,12.08146554
160.004764,12.0814812
160.014854,12.08149687
160.024936,12.08151253
160.035018,12.0815282
160.045098,12.08154386
160.05518,12.08155953
160.065261,12.08157519
160.075342,12.08159086
160.085424,12.08160688
160.095505,12.08162254
160.105585,12.08163856
160.11567,12.08165423
160.125751,12.08167025
160.135832,12.08168591
160.145913,12.08170194
160.155994,12.08171724
160.166075,12.08173255
160.176157,12.08174751
160.186237,12.08176281
160.196318,12.08177777
160.206398,12.08179272
160.216499,12.08180803
160.22658,12.08182298
160.236661,12.08183829
160.246742,12.08185324
160.256823,12.08186855
160.266904,12.08188351
160.276985,12.08189882
160.287066,12.08191377
160.297146,12.08192908
160.307227,12.08194403
160.31733,12.08195898
160.327411,12.08197394
160.337491,12.08198889
160.347572,12.0820042
160.357654,12.08201915
160.367735,12.08203446
160.377817,12.08204941
160.387898,12.08206472
160.397979,12.08207967
160.40806,12.08209498
160.418162,12.08211029
160.428243,12.0821256
160.438324,12.08214091
160.448405,12.08215622
160.458485,12.08217153
160.468566,12.08218684
160.478647,12.0822025
160.488728,12.08221781
160.498809,12.08223348
160.508889,12.08224878
160.51899,12.08226445
160.529071,12.08228011
160.539152,12.08229578
160.549233,12.08231144
160.559314,12.08232711
160.569394,12.08234277
160.579475,12.08235844
160.589556,12.0823741
160.599636,12.08238977
160.609716,12.08240543
160.619805,12.0824211
160.629886,12.08243676
160.639966,12.08245243
160.650047,12.08246809
160.660128,12.08248376
160.67021,12.08249942
160.68029,12.08251509
160.690367,12.08253075
160.700448,12.08254606
160.71053,12.08256102
160.720618,12.08257597
160.7307,12.08259092
160.740781,12.08260587
160.750862,12.08262083
160.760943,12.08263578
160.771022,12.08265073
160.781104,12.08266569
160.791184,12.08268064
160.801265,12.08269559
160.811343,12.08271054
160.821454,12.0827255
160.831547,12.08274045
160.84163,12.0827554
160.851712,12.08277036
160.861793,12.08278531
160.871908,12.08280026
160.882022,12.08281521
160.892099,12.08283017
160.902178,12.08284512
160.912257,12.08286007
160.922367,12.08287503
160.932447,12.08288998
160.942521,12.08290493
160.952597,12.08291988
160.962676,12.08293484
160.972753,12.08294979
160.982832,12.08296474
160.992916,12.0829797
161.002997,12.08299465
161.013081,12.0830096
161.02319,12.08302456
161.033271,12.08303951
161.04335,12.08305446
161.053431,12.08306941
161.063511,12.08308437
161.073593,12.08309932
161.083673,12.08311427
161.093758,12.08312923
161.10384,12.08314418
161.113922,12.08315913
161.124031,12.08317408
161.134113,12.08318904
161.144194,12.08320399
161.154274,12.08321894
161.164354,12.0832339
161.174435,12.08324885
161.184514,12.0832638
161.194595,12.08327875
161.204676,12.08329371
161.214756,12.08330866
161.224845,12.08332361
161.234926,12.08333857
161.245006,12.08335352
161.255086,12.08336812
161.265167,12.08338236
161.275247,12.0833966
161.285329,12.08341084
161.295409,12.08342508
161.305491,12.08343932
161.315573,12.08345356
161.325676,12.0834678
161.33576,12.08348204
161.34584,12.08349628
161.355921,12.08351052
161.366031,12.08352477
161.376112,12.08353901
161.386193,12.08355325
161.396271,12.08356749
161.406354,12.08358173
161.416435,12.08359597
161.426541,12.08361021
161.436622,12.08362445
161.446703,12.08363869
161.456784,12.08365293
161.466865,12.08366717
161.476946,12.08368142
161.487027,12.08369566
161.497107,12.0837099
161.507189,12.08372414
161.517279,12.08373838
161.527387,12.08375262
161.537469,12.08376686
161.547551,12.0837811
161.557633,12.08379534
161.567714,12.08380958
161.577794,12.08382382
161.587874,12.08383806
161.597955,12.08385231
161.608036,12.08386655
161.618117,12.08388079
161.62822,12.08389503
161.638301,12.08390927
161.648382,12.08392351
161.658463,12.08393775
161.668544,12.08395199
161.678626,12.08396623
161.688707,12.08398047
161.698788,12.08399471
161.708868,12.08400895
161.71895,12.0840232
161.729036,12.08403744
161.739118,12.08405168
161.749199,12.08406592
161.75928,12.08408016
161.769358,12.08409404
161.77944,12.08410793
161.789521,12.08412146
161.799602,12.08413499
161.809683,12.08414852
161.819764,12.08416204
161.829869,12.08417557
161.83995,12.0841891
161.85003,12.08420263
161.860111,12.08421616
161.870222,12.08422969
161.880313,12.08424322
161.890392,12.08425675
161.900472,12.08427027
161.910554,12.0842838
161.920635,12.08429733
161.930745,12.08431086
161.940827,12.08432439
161.950907,12.08433792
161.960988,12.08435145
161.971065,12.08436498
161.981145,12.08437851
161.991226,12.08439203
162.001307,12.08440556
162.011388,12.08441909
162.021468,12.08443262
162.031558,12.08444615
162.041639,12.08445968
162.051716,12.08447321
162.061798,12.08448674
162.071879,12.08450026
162.081978,12.08451379
162.092068,12.08452697
162.102156,12.08454014
162.112237,12.08455296
162.122318,12.08456577
162.132437,12.08457859
162.142518,12.08459141
162.152599,12.08460422
162.162676,12.08461704
162.172757,12.08462986
162.182837,12.08464267
162.192919,12.08465549
162.203,12.08466831
162.21308,12.08468112
162.223162,12.08469394
162.233252,12.08470676
162.243333,12.08471957
162.253414,12.08473239
162.263494,12.08474521
162.273575,12.08475802
162.283655,12.08477084
162.293735,12.08478366
162.303815,12.08479647
162.313894,12.08480929
162.323975,12.08482211
162.334081,12.08483492
162.344161,12.08484774
162.354241,12.08486056
162.364322,12.08487338
162.374402,12.08488619
162.384482,12.08489901
162.394562,12.08491183
162.404642,12.08492464
162.414722,12.08493746
162.424802,12.08494992
162.434905,12.08496238
162.444986,12.08497449
162.455066,12.08498659
162.465147,12.08499869
162.475228,12.0850108
162.485308,12.0850229
162.495388,12.08503501
162.505467,12.08504711
162.515548,12.08505922
162.525628,12.08507132
162.535731,12.08508343
162.545812,12.08509553
162.555893,12.08510764
162.565974,12.08511974
162.576055,12.08513185
162.586136,12.08514395
162.596217,12.08515606
162.606298,12.08516816
162.61638,12.08518027
162.626461,12.08519237
162.636565,12.08520448
162.646646,12.08521658
162.656728,12.08522868
162.666809,12.08524079
162.676889,12.08525289
162.68697,12.085265
162.697051,12.0852771
162.707131,12.08528921
162.717212,12.08530131
162.72729,12.08531342
162.737398,12.08532552
162.74748,12.08533763
162.757562,12.08534973
162.767643,12.08536184
162.777725,12.08537394
162.787806,12.08538605
162.797888,12.08539815
162.807969,12.08541026
162.818049,12.08542236
162.828129,12.08543447
162.838236,12.08544657
162.848317,12.08545867
162.858399,12.08547078
162.868515,12.08548288
162.878618,12.08549499
162.8887,12.08550709
162.898783,12.0855192
162.908866,12.0855313
162.918947,12.08554341
162.929025,12.08555551
162.939116,12.08556762
162.949204,12.08557972
162.959283,12.08559183
162.969366,12.08560393
162.979444,12.08561604
162.989523,12.08562814
162.999605,12.08564025
163.009686,12.08565199
163.019767,12.08566339
163.029848,12.08567478
163.039957,12.08568617
163.050037,12.08569757
163.060126,12.08570896
163.070215,12.08572035
163.080306,12.08573174
163.09039,12.08574314
163.100478,12.08575453
163.11056,12.08576592
163.120641,12.08577731
163.130727,12.08578871
163.14084,12.0858001
163.150926,12.08581149
163.161008,12.08582288
163.17109,12.08583428
163.181171,12.08584567
163.191254,12.08585706
163.201403,12.08586846
163.211481,12.08587985
163.221564,12.08589124
163.231645,12.08590263
163.241762,12.08591403
163.251842,12.08592542
163.261922,12.08593681
163.272002,12.0859482
163.282083,12.0859596
163.292163,12.08597099
163.302242,12.08598238
163.312323,12.08599378
163.322403,12.08600517
163.332482,12.08601656
163.342587,12.08602795
163.352667,12.08603935
163.362748,12.08605074
163.372833,12.08606213
163.382915,12.08607352
163.392996,12.08608492
163.403076,12.08609631
163.413156,12.0861077
163.423236,12.08611909
163.433316,12.08613049
163.443406,12.08614188
163.453486,12.08615327
163.463566,12.08616467
163.473645,12.08617606
163.483725,12.08618745
163.493803,12.08619884
163.503882,12.08621024
163.513989,12.08622163
163.52407,12.08623302
163.534149,12.08624441
163.544257,12.08625545
163.554337,12.08626613
163.564416,12.08627681
163.574496,12.08628749
163.584576,12.08629817
163.594656,12.08630885
163.604735,12.08631953
163.614815,12.08633022
163.624895,12.0863409
163.634974,12.08635158
163.645076,12.08636226
163.655156,12.08637294
163.665236,12.08638362
163.675316,12.0863943
163.685396,12.08640498
163.695476,12.08641566
163.705556,12.08642634
163.715636,12.08643702
163.725716,12.0864477
163.735796,12.08645838
163.745901,12.08646906
163.75598,12.08647974
163.766065,12.08649043
163.776148,12.08650111
163.786228,12.08651179
163.796308,12.08652247
163.806387,12.08653315
163.816468,12.08654383
163.826552,12.08655451
163.836631,12.08656519
163.846741,12.08657587
163.856821,12.08658655
163.866902,12.08659723
163.877003,12.08660756
163.887081,12.08661788
163.897161,12.08662821
163.907243,12.08663817
163.917324,12.08664814
163.927404,12.08665776
163.937484,12.08666737
163.947595,12.08667698
163.957673,12.08668659
163.967754,12.08669621
163.977834,12.08670582
163.987918,12.08671579
163.998031,12.08672576
164.008109,12.08673572
164.018186,12.08674569
164.028264,12.08675566
164.038349,12.08676563
164.048506,12.0867756
164.058584,12.08678557
164.068661,12.08679554
164.078738,12.0868055
164.088814,12.08681547
164.098891,12.08682544
164.108968,12.08683541
164.119044,12.08684538
164.12912,12.08685535
164.139196,12.08686532
164.149316,12.08687528
164.159396,12.08688525
164.169476,12.08689522
164.179557,12.08690519
164.189637,12.08691516
164.199716,12.08692513
164.209796,12.0869351
164.219875,12.08694506
164.229955,12.08695503
164.240035,12.086965
164.250135,12.08697497
164.260215,12.08698494
164.270295,12.08699491
164.280375,12.08700488
164.290455,12.08701449
164.300534,12.08702375
164.310614,12.087033
164.320697,12.08704226
164.330777,12.08705152
164.340856,12.08706077
164.350947,12.08707003
164.361027,12.08707928
164.37111,12.08708854
164.381191,12.0870978
164.391271,12.08710705
164.40135,12.08711631
164.411431,12.08712557
164.421511,12.08713482
164.431591,12.08714408
164.441671,12.08715334
164.451776,12.08716259
164.461856,12.08717185
164.471936,12.08718111
164.482017,12.08719036
164.492097,12.08719962
164.502177,12.08720888
164.512258,12.08721813
164.522337,12.08722739
164.532417,12.08723665
164.542497,12.0872459
164.5526,12.08725516
164.56268,12.08726442
164.57276,12.08727332
164.582839,12.08728222
164.592919,12.08729112
164.602998,12.08730002
164.613078,12.08730892
164.623158,12.08731782
164.633238,12.08732672
164.643325,12.08733562
164.653443,12.08734452
164.663524,12.08735342
164.673605,12.08736232
164.683686,12.08737122
164.693766,12.08738012
164.703846,12.08738902
164.713925,12.08739792
164.724005,12.08740682
164.734085,12.08741573
164.744165,12.08742463
164.754244,12.08743353
164.764324,12.08744243
164.774405,12.08745133
164.784486,12.08746023
164.794566,12.08746913
164.804645,12.08747839
164.814735,12.08748764
164.824817,12.0874969
164.834898,12.08750615
164.844977,12.08751541
164.855068,12.08752467
164.865148,12.08753392
164.875236,12.08754318
164.885318,12.08755244
164.895393,12.08756169
164.905475,12.08757095
164.915557,12.08757985
164.925638,12.08758875
164.935714,12.08759765
164.945789,12.0876062
164.955902,12.08761474
164.965982,12.08762329
164.976063,12.08763183
164.986143,12.08764037
164.996225,12.08764892
165.006305,12.08765746
165.016385,12.08766601
165.026466,12.08767455
165.036545,12.0876831
165.046626,12.08769164
165.056715,12.08770019
165.066794,12.08770873
165.076874,12.08771728
165.086954,12.08772582
165.097034,12.08773436
165.107113,12.08774291
165.117193,12.08775145
165.127272,12.08776
165.137353,12.08776854
165.147433,12.08777709
165.157535,12.08778563
165.167615,12.08779418
165.177695,12.08780272
165.187775,12.08781127
165.197875,12.08781981
165.207958,12.08782835
165.218039,12.0878369
165.22812,12.08784544
165.238202,12.08785399
165.248281,12.08786253
165.258388,12.08787108
165.268468,12.08787962
165.278547,12.08788817
165.288627,12.08789671
165.298706,12.08790525
165.308785,12.0879138
165.318877,12.08792234
165.328959,12.08793089
165.33904,12.08793943
165.34912,12.08794798
165.359212,12.08795652
165.369292,12.08796507
165.379372,12.08797361
165.389452,12.08798216
165.399532,12.0879907
165.409612,12.08799924
165.419693,12.08800779
165.429773,12.08801633
165.439853,12.08802488
165.449932,12.08803342
165.460036,12.08804197
165.470116,12.08805051
165.480195,12.08805906
165.490272,12.0880676
165.500352,12.08807615
165.51044,12.08808469
165.520521,12.08809323
165.530601,12.08810178
165.540681,12.08811032
165.550761,12.08811887
165.560874,12.08812706
165.570956,12.08813489
165.581036,12.08814272
165.591116,12.08815055
165.601195,12.08815839
165.611277,12.08816622
165.621357,12.08817405
165.631438,12.08818188
165.641519,12.08818972
165.651599,12.08819755
165.661701,12.08820538
165.671781,12.08821321
165.681861,12.08822105
165.691941,12.08822888
165.702021,12.08823671
165.7121,12.08824454
165.72218,12.08825238
165.732265,12.08826021
165.742345,12.08826804
165.752425,12.08827587
165.762532,12.08828371
165.77261,12.08829154
165.782692,12.08829937
165.792773,12.0883072
165.802854,12.08831504
165.812931,12.08832287
165.823014,12.0883307
165.833095,12.08833853
165.843174,12.08834637
165.853255,12.0883542
165.863344,12.08836203
165.873449,12.08836986
165.883528,12.0883777
165.893601,12.08838553
165.903701,12.08839336
165.91378,12.08840119
165.923861,12.08840903
165.933943,12.08841686
165.944023,12.08842469
165.954103,12.08843252
165.964262,12.08844036
165.974339,12.08844819
165.984414,12.08845602
165.994493,12.08846385
166.004566,12.08847169
166.014643,12.08847952
166.02472,12.08848735
166.034796,12.08849518
166.044873,12.08850302
166.054949,12.08851085
166.065035,12.08851868
166.075116,12.08852651
166.085196,12.08853435
166.09528,12.08854218
166.10536,12.08855001
166.115441,12.08855784
166.125521,12.08856567
166.1356,12.08857315
166.145681,12.08858027
166.155761,12.08858739
166.165854,12.08859451
166.175934,12.08860163
166.186015,12.08860875
166.196095,12.08861587
166.206175,12.08862299
166.216255,12.08863011
166.226336,12.08863724
166.236416,12.08864436
166.246496,12.08865148
166.256576,12.0886586
166.266663,12.08866572
166.276742,12.08867284
166.286823,12.08867996
166.296902,12.08868708
166.306981,12.0886942
166.317059,12.08870132
166.327138,12.08870844
166.337217,12.08871556
166.347296,12.08872268
166.357376,12.0887298
166.36748,12.08873692
166.377559,12.08874404
166.387638,12.08875116
166.397718,12.08875828
166.407797,12.0887654
166.417876,12.08877252
166.427955,12.08877964
166.438036,12.08878676
166.448116,12.08879388
166.458195,12.08880101
166.468294,12.08880813
166.478373,12.08881525
166.488453,12.08882237
166.498532,12.08882949
166.508618,12.08883661
166.518698,12.08884373
166.528778,12.08885085
166.538858,12.08885797
166.548938,12.08886509
166.559018,12.08887221
166.569122,12.08887933
166.579202,12.08888645
166.589282,12.08889357
166.599362,12.08890069
166.609442,12.08890781
166.619521,12.08891493
166.629601,12.08892205
166.63968,12.08892917
166.64976,12.08893629
166.659841,12.08894341
166.669942,12.08895053
166.680022,12.08895765
166.690101,12.08896478
166.700182,12.0889719
166.710262,12.08897902
166.720342,12.08898614
166.730434,12.08899326
166.74051,12.08900038
166.75059,12.08900714
166.760671,12.08901426
166.770748,12.08902067
166.78083,12.08902743
166.79091,12.08903384
166.80099,12.08904025
166.811072,12.08904666
166.821162,12.08905307
166.831246,12.08905948
166.841327,12.08906589
166.851407,12.08907229
166.861488,12.08907835
166.87158,12.08908475
166.881661,12.08909081
166.891733,12.08909722
166.901816,12.08910327
166.911894,12.08910932
166.921978,12.08911537
166.932059,12.08912142
166.942139,12.08912748
166.952221,12.08913353
166.962302,12.08913958
166.972394,12.08914528
166.982474,12.08915133
166.992555,12.08915703
167.002635,12.08916308
167.012715,12.08916913
167.022795,12.08917518
167.032875,12.08918124
167.042955,12.08918729
167.053034,12.08919334
167.063113,12.08919939
167.073204,12.08920545
167.083285,12.0892115
167.093364,12.08921791
167.103445,12.08922396
167.113526,12.08923037
167.123606,12.08923678
167.133686,12.08924318
167.143766,12.08924959
167.153845,12.089256
167.163927,12.08926241
167.174052,12.08926882
167.184133,12.08927523
167.194214,12.08928163
167.204294,12.08928804
167.214375,12.08929445
167.224456,12.08930086
167.234536,12.08930727
167.244616,12.08931368
167.254696,12.08932008
167.264776,12.08932649
167.27488,12.0893329
167.284957,12.08933931
167.295037,12.08934572
167.305117,12.08935213
167.315197,12.08935853
167.325277,12.08936459
167.335356,12.089371
167.345436,12.08937705
167.355516,12.0893831
167.365595,12.08938915
167.375685,12.08939521
167.385765,12.08940126
167.395846,12.08940731
167.405925,12.08941336
167.416005,12.08941941
167.426084,12.08942547
167.436165,12.08943152
167.446245,12.08943793
167.456324,12.08944398
167.466404,12.08945039
167.476507,12.0894568
167.486586,12.08946321
167.496666,12.08946961
167.506745,12.08947602
167.516826,12.08948243
167.526905,12.08948884
167.536986,12.08949525
167.547069,12.0895013
167.557149,12.08950771
167.567228,12.0895134
167.57733,12.08951946
167.58741,12.0895248
167.59749,12.08953049
167.607569,12.08953619
167.617648,12.08954189
167.627728,12.08954758
167.637807,12.08955328
167.647886,12.08955898
167.657988,12.08956467
167.668068,12.08957037
167.678171,12.08957606
167.688252,12.08958176
167.698331,12.0895871
167.70841,12.0895928
167.71849,12.08959814
167.728569,12.08960383
167.73865,12.08960953
167.74873,12.08961523
167.75881,12.08962092
167.768889,12.08962662
167.778982,12.08963232
167.789065,12.08963801
167.799145,12.08964371
167.809225,12.08964905
167.819303,12.08965439
167.829383,12.08965937
167.839463,12.08966471
167.849543,12.08967005
167.859621,12.08967539
167.869714,12.08968073
167.879811,12.08968607
167.889886,12.08969142
167.899965,12.08969676
167.910046,12.0897021
167.920127,12.08970708
167.930206,12.08971242
167.940286,12.0897174
167.950365,12.08972239
167.960446,12.08972737
167.970527,12.08973236
167.980632,12.08973734
167.990711,12.08974233
168.000792,12.08974731
168.010872,12.08975229
168.020952,12.08975728
168.031033,12.08976226
168.041113,12.08976725
168.051191,12.08977223
168.061272,12.08977722
168.071352,12.0897822
168.081442,12.08978718
168.091522,12.08979217
168.101602,12.0897968
168.111677,12.08980143
168.121758,12.0898057
168.131838,12.08981033
168.141917,12.0898146
168.151997,12.08981923
168.162077,12.0898235
168.172158,12.08982777
168.182247,12.08983204
168.192327,12.08983632
168.202407,12.08984059
168.212485,12.08984486
168.222565,12.08984913
168.232645,12.0898534
168.242724,12.08985768
168.252804,12.08986195
168.262884,12.08986622
168.272964,12.08987049
168.283065,12.08987477
168.293144,12.08987904
168.303224,12.08988331
168.313304,12.08988758
168.323385,12.08989186
168.333464,12.08989613
168.343543,12.0899004
168.353623,12.08990467
168.363703,12.08990894
168.373783,12.08991322
168.383871,12.08991749
168.393951,12.08992176
168.404032,12.08992603
168.414112,12.08993031
168.424192,12.08993458
168.434271,12.08993885
168.444358,12.08994312
168.454438,12.08994739
168.464519,12.08995167
168.474599,12.08995594
168.484714,12.08996021
168.494794,12.08996448
168.504874,12.08996876
168.514957,12.08997303
168.525037,12.0899773
168.535117,12.08998157
168.545197,12.08998584
168.555278,12.08999012
168.565355,12.08999439
168.575436,12.08999866
168.585544,12.09000293
168.595624,12.09000721
168.605705,12.09001148
168.615785,12.09001575
168.625865,12.09002002
168.635945,12.0900243
168.646026,12.09002857
168.656106,12.09003284
168.666186,12.09003711
168.676266,12.09004138
168.68637,12.09004566
168.69645,12.09004993
168.70653,12.0900542
168.71661,12.09005847
168.726771,12.09006275
168.736854,12.09006702
168.746935,12.09007129
168.757015,12.09007556
168.767097,12.09007983
168.777179,12.09008411
168.787283,12.09008838
168.797365,12.09009265
168.807445,12.09009692
168.817525,12.0901012
168.827606,12.09010547
168.837686,12.09010974
168.847765,12.09011401
168.857845,12.09011828
168.867949,12.09012256
168.878011,12.09012683
168.888099,12.0901311
168.89818,12.09013537
168.908261,12.09013965
168.918341,12.09014392
168.928423,12.09014819
168.938499,12.09015246
168.948578,12.09015674
168.958657,12.09016101
168.968737,12.09016528
168.978815,12.09016955
168.98891,12.09017382
168.998994,12.0901781
169.009074,12.09018237
169.019154,12.09018664
169.029233,12.09019091
169.039314,12.09019519
169.049393,12.09019946
169.059473,12.09020373
169.069553,12.090208
169.079634,12.09021227
169.08974,12.09021655
169.09982,12.09022082
169.1099,12.09022509
169.119978,12.09022936
169.130058,12.09023364
169.140135,12.09023755
169.150215,12.09024147
169.160295,12.09024503
169.170375,12.09024894
169.180455,12.09025251
169.190544,12.09025642
169.200619,12.09025998
169.2107,12.0902639
169.220781,12.09026746
169.23086,12.09027102
169.24094,12.09027458
169.25102,12.09027814
169.2611,12.0902817
169.27118,12.09028526
169.281261,12.09028882
169.291351,12.09029238
169.301433,12.09029594
169.311512,12.0902995
169.32159,12.09030306
169.331667,12.09030662
169.341746,12.09031018
169.351826,12.09031374
169.361905,12.0903173
169.371985,12.09032086
169.382064,12.09032442
169.392153,12.09032798
169.402232,12.09033154
169.412311,12.0903351
169.422391,12.09033866
169.43247,12.09034222
169.442549,12.09034578
169.452628,12.09034934
169.462706,12.0903529
169.472786,12.09035646
169.482865,12.09036002
169.492966,12.09036358
169.503045,12.09036714
169.513132,12.0903707
169.523213,12.09037426
169.533292,12.09037782
169.543372,12.09038138
169.553451,12.09038495
169.56353,12.09038851
169.573611,12.09039207
169.58369,12.09039563
169.593796,12.09039919
169.603876,12.09040275
169.613955,12.09040631
169.624035,12.09040987
169.634114,12.09041343
169.644193,12.09041699
169.654273,12.09042055
169.664352,12.09042411
169.674431,12.09042767
169.684511,12.09043123
169.69461,12.09043479
169.704697,12.09043835
169.714777,12.09044191
169.724856,12.09044547
169.73494,12.09044903
169.74502,12.09045259
169.755101,12.09045615
169.765181,12.09045971
169.775261,12.09046327
169.785342,12.09046683
169.795432,12.09047039
169.805513,12.09047395
169.815592,12.09047751
169.825684,12.09048107
169.835765,12.09048463
169.845846,12.09048819
169.855926,12.09049175
169.866007,12.09049531
169.876095,12.09049887
169.886173,12.09050243
169.896289,12.09050599
169.90637,12.09050955
169.916452,12.09051311
169.926533,12.09051667
169.936614,12.09052023
169.946694,12.09052379
169.956774,12.09052735
169.966853,12.09053091
169.976938,12.09053447
169.987021,12.09053803
169.997128,12.09054159
170.007208,12.09054515
170.017298,12.09054872
170.027383,12.09055228
170.037463,12.09055584
170.047543,12.0905594
170.057623,12.09056296
170.067704,12.09056652
170.077785,12.09057008
170.087865,12.09057364
170.098036,12.0905772
170.108119,12.09058076
170.1182,12.09058432
170.128279,12.09058788
170.138368,12.09059144
170.148447,12.090595
170.158526,12.09059856
170.168609,12.09060212
170.17869,12.09060568
170.18877,12.09060924
170.198882,12.0906128
170.208963,12.09061636
170.219046,12.09061992
170.229127,12.09062348
170.239207,12.09062704
170.249289,12.0906306
170.259369,12.09063416
170.26945,12.09063772
170.27953,12.09064128
170.289611,12.09064484
170.299717,12.0906484
170.309797,12.09065196
170.319877,12.09065552
170.329985,12.09065873
170.340065,12.09066193
170.350146,12.09066478
170.360228,12.09066763
170.370309,12.09067047
170.380389,12.09067332
170.39047,12.09067617
170.40056,12.09067902
170.410641,12.09068187
170.420722,12.09068472
170.430803,12.09068756
170.440882,12.09069041
170.450963,12.09069326
170.461044,12.09069611
170.471123,12.09069896
170.481204,12.0907018
170.491285,12.09070465
170.501388,12.0907075
170.511469,12.09071035
170.521549,12.0907132
170.531629,12.09071605
170.541709,12.09071889
170.551789,12.09072174
170.561869,12.09072459
170.571949,12.09072744
170.582029,12.09073029
170.59211,12.09073313
170.602213,12.09073598
170.612291,12.09073883
170.622371,12.09074168
170.632453,12.09074453
170.642535,12.09074738
170.652615,12.09075022
170.662696,12.09075307
170.672776,12.09075592
170.682857,12.09075877
170.692937,12.09076162
170.703041,12.09076446
170.713122,12.09076731
170.723202,12.09077016
170.733288,12.09077301
170.743369,12.09077586
170.753451,12.0907787
170.763532,12.09078155
170.773612,12.0907844
170.783696,12.09078725
170.793778,12.0907901
170.803857,12.09079295
170.813938,12.09079579
170.824031,12.09079864
170.834113,12.09080149
170.844195,12.09080434
170.854275,12.09080719
170.864356,12.09081003
170.874447,12.09081288
170.884533,12.09081573
170.894611,12.09081858
170.904725,12.09082143
170.914807,12.09082428
170.924888,12.09082712
170.934969,12.09082997
170.945048,12.09083282
170.95513,12.09083567
170.965211,12.09083852
170.975292,12.09084101
170.98538,12.09084386
170.995463,12.09084635
171.00558,12.0908492
171.015662,12.09085169
171.025743,12.09085454
171.035826,12.09085703
171.045907,12.09085988
171.055989,12.09086273
171.06607,12.09086557
171.076151,12.09086842
171.086232,12.09087091
171.096313,12.09087376
171.106424,12.09087625
171.116505,12.0908791
171.126588,12.0908816
171.136669,12.09088444
171.14675,12.09088694
171.156831,12.09088978
171.166911,12.09089228
171.176992,12.09089477
171.18707,12.09089726
171.197151,12.09089975
171.207242,12.0909026
171.217323,12.09090509
171.227404,12.09090794
171.237485,12.09091043
171.247565,12.09091328
171.257645,12.09091577
171.267725,12.09091862
171.277805,12.09092111
171.287886,12.09092361
171.297988,12.0909261
171.30809,12.09092859
171.31817,12.09093108
171.328255,12.09093322
171.338338,12.09093571
171.348419,12.09093785
171.358501,12.09094034
171.36858,12.09094247
171.378659,12.09094497
171.38874,12.0909471
171.39882,12.09094924
171.408926,12.09095138
171.419007,12.09095351
171.429088,12.09095565
171.439169,12.09095778
171.449251,12.09095992
171.459331,12.09096206
171.469412,12.09096419
171.479492,12.09096633
171.489572,12.09096846
171.499653,12.0909706
171.509755,12.09097274
171.519836,12.09097452
171.529916,12.0909763
171.539997,12.09097772
171.550078,12.0909795
171.560158,12.09098093
171.570239,12.09098235
171.580319,12.09098377
171.590401,12.0909852
171.600482,12.09098662
171.610586,12.09098805
171.620667,12.09098947
171.630748,12.09099089
171.640829,12.09099232
171.65091,12.09099374
171.660991,12.09099517
171.67107,12.09099659
171.681151,12.09099801
171.691231,12.09099944
171.701312,12.09100086
171.711402,12.09100229
171.721482,12.09100371
171.731568,12.09100513
171.741649,12.09100656
171.75173,12.09100798
171.76181,12.09100941
171.771889,12.09101083
171.781973,12.09101226
171.792053,12.09101368
171.802134,12.0910151
171.812241,12.09101653
171.822332,12.09101795
171.832417,12.09101938
171.842498,12.0910208
171.852578,12.09102222
171.862658,12.09102365
171.872746,12.09102507
171.88283,12.0910265
171.892907,12.09102792
171.902994,12.09102934
171.913103,12.09103077
171.923184,12.09103219
171.933266,12.09103362
171.943347,12.09103504
171.953427,12.09103646
171.96351,12.09103789
171.973591,12.09103931
171.983672,12.09104074
171.993755,12.09104216
172.003836,12.09104358
172.013939,12.09104501
172.02402,12.09104643
172.034102,12.09104786
172.044183,12.09104928
172.054264,12.09105071
172.064345,12.09105213
172.074427,12.09105355
172.084508,12.09105498
172.094591,12.0910564
172.104673,12.09105783
172.114762,12.09105925
172.124843,12.09106067
172.134924,12.0910621
172.145004,12.09106352
172.155085,12.09106495
172.165166,12.09106637
172.175246,12.09106779
172.185326,12.09106922
172.195407,12.09107064
172.205488,12.09107207
172.215576,12.09107349
172.225658,12.09107491
172.23574,12.09107634
172.245828,12.09107776
172.255915,12.09107919
172.265999,12.09108061
172.276081,12.09108204
172.286162,12.09108346
172.296241,12.09108488
172.306321,12.09108631
172.31643,12.09108773
172.326523,12.09108916
172.336607,12.09109058
172.346688,12.091092
172.35677,12.09109343
172.366851,12.09109485
172.376932,12.09109628
172.387014,12.0910977
172.397092,12.09109912
172.407176,12.09110055
172.417282,12.09110197
172.427363,12.0911034
172.437444,12.09110482
172.447523,12.09110624
172.457605,12.09110767
172.467686,12.09110909
172.477765,12.09111052
172.487846,12.09111194
172.497924,12.09111337
172.508006,12.09111479
172.51811,12.09111621
172.528191,12.09111764
172.538273,12.09111906
172.548352,12.09112049
172.558432,12.09112191
172.568509,12.09112333
172.578588,12.09112476
172.588669,12.09112618
172.598749,12.09112761
172.60883,12.09112903
172.618937,12.09113045
172.629018,12.09113188
172.6391,12.0911333
172.649179,12.09113473
172.659257,12.09113615
172.669338,12.09113757
172.679419,12.091139
172.689499,12.09114042
172.699579,12.09114185
172.709659,12.09114327
172.719749,12.0911447
172.729839,12.09114612
172.739922,12.09114754
172.750002,12.09114897
172.760083,12.09115039
172.770165,12.09115182
172.780255,12.09115324
172.790339,12.09115466
172.800419,12.09115609
172.810501,12.09115751
172.820625,12.09115894
172.830711,12.09116036
172.840793,12.09116178
172.850873,12.09116321
172.860955,12.09116463
172.87109,12.09116606
172.881178,12.09116748
172.891257,12.0911689
172.901341,12.09117033
172.91142,12.09117175
172.921532,12.09117318
172.93162,12.0911746
172.941699,12.09117603
172.951777,12.09117745
172.961858,12.09117887
172.97194,12.0911803
172.982022,12.09118172
172.992103,12.09118315
173.002184,12.09118457
173.012271,12.09118599
173.022387,12.09118742
173.032469,12.09118884
173.042551,12.09119027
173.052632,12.09119169
173.062713,12.09119311
173.072794,12.09119454
173.082876,12.09119596
173.092956,12.09119739
173.103037,12.09119881
173.113117,12.09120023
173.12322,12.09120166
173.133302,12.09120273
173.143383,12.09120379
173.153464,12.09120451
173.163545,12.09120557
173.173623,12.09120629
173.183702,12.09120735
173.193782,12.09120807
173.20386,12.09120914
173.213939,12.09120985
173.224018,12.09121056
173.234098,12.09121127
173.24418,12.09121198
173.254261,12.0912127
173.264342,12.09121341
173.274423,12.09121412
173.284503,12.09121483
173.294584,12.09121554
173.304665,12.09121626
173.314745,12.09121697
173.324824,12.09121768
173.334905,12.09121839
173.344986,12.0912191
173.355067,12.09121982
173.365148,12.09122053
173.375228,12.09122124
173.385309,12.09122195
173.395389,12.09122266
173.40547,12.09122338
173.415551,12.09122409
173.425657,12.0912248
173.435739,12.09122551
173.445819,12.09122622
173.4559,12.09122694
173.465981,12.09122765
173.476062,12.09122836
173.486143,12.09122907
173.496223,12.09122978
173.506304,12.0912305
173.516382,12.09123121
173.526493,12.09123192
173.536576,12.09123263
173.546658,12.09123334
173.556739,12.09123406
173.56682,12.09123477
173.576901,12.09123548
173.586984,12.09123619
173.597065,12.0912369
173.607146,12.09123762
173.617227,12.09123833
173.627332,12.09123904
173.637414,12.09123975
173.647495,12.09124046
173.657575,12.09124118
173.667656,12.09124189
173.677736,12.0912426
173.687818,12.09124331
173.697899,12.09124403
173.707979,12.09124474
173.71806,12.09124545
173.728163,12.09124616
173.738246,12.09124687
173.748327,12.09124759
173.758408,12.0912483
173.76849,12.09124901
173.778573,12.09124972
173.788653,12.09125043
173.798734,12.09125115
173.808815,12.09125186
173.818896,12.09125257
173.829004,12.09125328
173.839086,12.09125399
173.849165,12.09125471
173.859246,12.09125542
173.869355,12.09125613
173.879445,12.09125684
173.889526,12.09125755
173.899605,12.09125827
173.909687,12.09125898
173.919769,12.09125969
173.929875,12.0912604
173.939959,12.09126111
173.95004,12.09126183
173.960121,12.09126254
173.970202,12.09126325
173.980282,12.09126396
173.990363,12.09126467
174.000443,12.09126539
174.010524,12.0912661
174.020605,12.09126681
174.030708,12.09126752
174.040789,12.09126823
174.05087,12.09126895
174.060951,12.09126966
174.071032,12.09127037
174.081113,12.09127108
174.091193,12.09127179
174.10127,12.09127251
174.111351,12.09127322
174.121432,12.09127393
174.131521,12.09127464
174.141603,12.09127536
174.151683,12.09127607
174.161764,12.09127678
174.171844,12.09127749
174.181924,12.0912782
174.192005,12.09127892
174.202086,12.09127963
174.212166,12.09128034
174.222246,12.09128105
174.232348,12.09128176
174.242429,12.09128248
174.25251,12.09128319
174.26259,12.0912839
174.272671,12.09128461
174.282752,12.09128532
174.292832,12.09128604
174.302914,12.09128675
174.312994,12.09128746
174.323075,12.09128817
174.333182,12.09128888
174.343263,12.0912896
174.353344,12.09129031
174.363425,12.09129102
174.373502,12.09129173
174.383583,12.09129244
174.393664,12.09129316
174.403745,12.09129387
174.413825,12.09129458
174.423905,12.09129529
174.434011,12.091296
174.444092,12.09129672
174.454173,12.09129743
174.464253,12.09129814
174.474333,12.09129885
174.484413,12.09129956
174.494493,12.09130028
174.504574,12.09130099
174.514654,12.0913017
174.524735,12.09130241
174.534839,12.09130312
174.544921,12.09130384
174.555001,12.09130455
174.565082,12.09130526
174.575162,12.09130597
174.585241,12.09130668
174.595322,12.0913074
174.605403,12.09130811
174.615484,12.09130882
174.625565,12.09130953
174.635655,12.09131025
174.645736,12.09131096
174.655817,12.09131167
174.665897,12.09131238
174.675977,12.09131309
174.686058,12.09131381
174.696137,12.09131452
174.706214,12.09131523
174.716294,12.09131594
174.726372,12.09131665
174.736477,12.09131737
174.746559,12.09131808
174.756638,12.09131879
174.766718,12.0913195
174.776798,12.09132021
174.786893,12.09132093
174.796975,12.09132164
174.807057,12.09132235
174.817138,12.09132306
174.82722,12.09132377
174.837329,12.09132449
174.84741,12.0913252
174.857488,12.09132591
174.867584,12.09132662
174.877676,12.09132733
174.887756,12.09132805
174.897833,12.09132876
174.907914,12.09132947
174.917995,12.09133018
174.928072,12.09133089
174.938181,12.09133161
174.948263,12.09133232
174.958344,12.09133267
174.968425,12.09133339
174.978503,12.0913341
174.988583,12.09133481
174.998664,12.09133552
175.008745,12.09133623
175.018825,12.09133695
175.028904,12.09133766
175.039008,12.09133837
175.049089,12.09133873
175.05917,12.09133944
175.069251,12.09133944
175.079332,12.09134015
175.089412,12.09134086
175.099492,12.09134158
175.109573,12.09134229
175.119654,12.091343
175.129735,12.09134371
175.139824,12.09134407
175.149905,12.09134442
175.159986,12.09134442
175.170067,12.09134478
175.180148,12.09134442
175.190229,12.09134478
175.20031,12.09134442
175.21039,12.09134407
175.220468,12.09134371
175.230549,12.09134336
175.240652,12.091343
175.250733,12.09134264
175.260816,12.09134229
175.270897,12.09134193
175.280977,12.09134158
175.291057,12.09134086
175.301138,12.09134051
175.311218,12.09133979
175.321299,12.09133944
175.33138,12.09133908
175.341485,12.09133873
175.351567,12.09133837
175.361647,12.09133801
175.371727,12.09133766
175.381808,12.0913373
175.391888,12.09133695
175.401988,12.09133659
175.412069,12.09133659
175.42215,12.09133623
175.43223,12.09133623
175.442333,12.09133588
175.452414,12.09133552
175.462494,12.09133517
175.472575,12.09133481
175.482656,12.09133445
175.492736,12.0913341
175.502817,12.09133374
175.512898,12.09133339
175.522979,12.09133303
175.53306,12.09133232
175.543163,12.09133196
175.553243,12.09133125
175.563324,12.09133089
175.573404,12.09133054
175.583485,12.09133018
175.593565,12.09132983
175.603646,12.09132947
175.613726,12.09132911
175.623806,12.09132876
175.633886,12.0913284
175.643975,12.09132769
175.654056,12.09132733
175.664136,12.09132662
175.674216,12.09132627
175.684296,12.09132591
175.694376,12.09132555
175.704457,12.0913252
175.714537,12.09132484
175.724617,12.09132449
175.734699,12.09132413
175.744804,12.09132377
175.754886,12.09132342
175.764967,12.09132342
175.775048,12.09132306
175.785129,12.09132306
175.795211,12.09132271
175.805293,12.09132235
175.815374,12.09132199
175.825462,12.09132164
175.835545,12.09132128
175.845654,12.09132093
175.855736,12.09132057
175.865816,12.09132021
175.875909,12.09131986
175.885992,12.09131915
175.896072,12.09131879
175.906156,12.09131808
175.916239,12.09131737
175.926321,12.09131665
175.936401,12.09131594
175.946511,12.09131523
175.956592,12.09131452
175.966673,12.09131381
175.976753,12.09131309
175.986835,12.09131238
175.996918,12.09131167
176.006998,12.09131096
176.017086,12.09131025
176.027167,12.09130953
176.037247,12.09130882
176.047369,12.09130811
176.057452,12.0913074
176.067533,12.09130668
176.077614,12.09130597
176.087696,12.09130526
176.09778,12.09130455
176.107861,12.09130384
176.117942,12.09130312
176.128023,12.09130241
176.138106,12.0913017
176.148214,12.09130099
176.158295,12.09130028
176.168377,12.09129956
176.178457,12.09129885
176.188538,12.09129814
176.19862,12.09129743
176.208701,12.09129672
176.218783,12.091296
176.228863,12.09129529
176.238942,12.09129458
176.249022,12.09129387
176.2591,12.09129316
176.269179,12.09129244
176.279257,12.09129173
176.28934,12.09129102
176.299423,12.09129031
176.309502,12.0912896
176.319581,12.09128888
176.32966,12.09128817
176.339742,12.09128746
176.349854,12.09128675
176.359934,12.09128604
176.370015,12.09128532
176.380095,12.09128461
176.390176,12.0912839
176.400257,12.09128319
176.410336,12.09128248
176.420415,12.09128176
176.430496,12.09128105
176.440577,12.09128034
176.450679,12.09127963
176.46076,12.09127892
176.47084,12.0912782
176.48092,12.09127749
176.491001,12.09127678
176.50108,12.09127607
176.511161,12.09127536
176.521239,12.09127464
176.53132,12.09127393
176.541402,12.09127322
176.551493,12.09127251
176.561574,12.09127179
176.571656,12.09127108
176.581737,12.09127037
176.591817,12.09126966
176.601897,12.09126895
176.611978,12.09126823
176.62206,12.09126752
176.63214,12.09126681
176.642221,12.0912661
176.652325,12.09126539
176.662406,12.09126467
176.672487,12.09126396
176.682567,12.09126325
176.692648,12.09126254
176.702729,12.09126183
176.712809,12.09126111
176.722891,12.0912604
176.732973,12.09125969
176.743054,12.09125898
176.753158,12.09125827
176.763239,12.09125755
176.773321,12.09125684
176.783399,12.09125613
176.793482,12.09125542
176.803562,12.09125471
176.813643,12.09125399
176.823725,12.09125328
176.833806,12.09125257
176.843887,12.09125186
176.853978,12.09125115
176.864058,12.09125043
176.874153,12.09124972
176.884238,12.09124901
176.894318,12.0912483
176.904397,12.09124759
176.914479,12.09124687
176.92456,12.09124616
176.934645,12.09124545
176.944723,12.09124474
176.954839,12.09124403
176.964921,12.09124331
176.975003,12.0912426
176.985081,12.09124189
176.995164,12.09124118
177.005245,12.09124046
177.015327,12.09123975
177.025408,12.09123904
177.035489,12.09123833
177.04557,12.09123762
177.055676,12.09123655
177.065757,12.09123584
177.075835,12.09123477
177.085917,12.09123406
177.095998,12.09123334
177.106079,12.09123263
177.11616,12.09123192
177.126241,12.09123121
177.136323,12.0912305
177.146403,12.09122978
177.156507,12.09122907
177.166589,12.091228
177.17667,12.09122694
177.186751,12.09122551
177.196831,12.09122444
177.206912,12.09122302
177.216993,12.0912216
177.227075,12.09122017
177.237154,12.09121875
177.247234,12.09121732
177.257337,12.0912159
177.267414,12.09121448
177.277496,12.09121305
177.287577,12.09121163
177.297658,12.0912102
177.307739,12.09120878
177.317827,12.09120735
177.327912,12.09120593
177.337997,12.09120451
177.34808,12.09120308
177.358175,12.09120166
177.368258,12.09120023
177.378339,12.09119881
177.388422,12.09119739
177.398504,12.09119596
177.408585,12.09119454
177.418667,12.09119311
177.428746,12.09119169
177.438829,12.09119027
177.44891,12.09118884
177.459015,12.09118742
177.469096,12.09118599
177.479177,12.09118457
177.489259,12.09118315
177.49934,12.09118172
177.509421,12.0911803
177.519499,12.09117887
177.52958,12.09117745
177.539661,12.09117603
177.549742,12.0911746
177.559845,12.09117318
177.569926,12.09117175
177.580008,12.09117033
177.590089,12.0911689
177.600171,12.09116748
177.610251,12.09116606
177.620332,12.09116463
177.630413,12.09116321
177.640494,12.09116178
177.650575,12.09116036
177.660676,12.09115894
177.670757,12.09115751
177.680838,12.09115609
177.690917,12.09115466
177.700996,12.09115324
177.711078,12.09115182
177.72116,12.09115039
177.731242,12.09114897
177.741323,12.09114754
177.751405,12.09114612
177.761514,12.0911447
177.771596,12.09114327
177.781682,12.09114185
177.791767,12.09114042
177.801845,12.091139
177.811926,12.09113757
177.822007,12.09113615
177.832099,12.09113473
177.842183,12.0911333
177.852264,12.09113188
177.862357,12.09113045
177.87245,12.09112903
177.882533,12.09112761
177.892613,12.09112618
177.902699,12.09112476
177.912779,12.09112333
177.92286,12.09112191
177.932941,12.09112049
177.943023,12.09111906
177.953106,12.09111764
177.963217,12.09111621
177.973299,12.09111479
177.983381,12.09111337
177.993463,12.09111194
178.003544,12.09111052
178.013625,12.09110909
178.023706,12.09110767
178.033787,12.09110624
178.043868,12.09110482
178.05395,12.0911034
178.064053,12.09110197
178.074134,12.09110055
178.084215,12.09109912
178.094296,12.0910977
178.104377,12.09109628
178.114457,12.09109485
178.124538,12.09109343
178.134619,12.091092
178.1447,12.09109058
178.15478,12.09108916
178.164884,12.09108773
178.174966,12.09108631
178.185047,12.09108488
178.195128,12.09108346
178.205209,12.09108204
178.21529,12.09108061
178.225371,12.09107919
178.235451,12.09107776
178.245532,12.09107634
178.255613,12.09107491
178.265715,12.09107349
178.275796,12.09107207
178.285877,12.09107064
178.295959,12.09106922
178.306039,12.09106779
178.31612,12.09106637
178.326201,12.09106495
178.336282,12.09106352
178.346362,12.0910621
178.35644,12.09106067
178.36653,12.09105925
178.376611,12.09105783
178.386692,12.0910564
178.396773,12.09105498
178.406854,12.09105355
178.416934,12.09105213
178.427015,12.09105071
178.437095,12.09104928
178.447176,12.09104786
178.457257,12.09104643
178.467356,12.09104501
178.477437,12.09104358
178.487518,12.09104216
178.497598,12.09104074
178.507679,12.09103931
178.517759,12.09103789
178.52784,12.09103646
178.537921,12.09103504
178.547999,12.09103362
178.55808,12.09103219
178.568206,12.09103077
178.578294,12.09102934
178.588376,12.09102792
178.598458,12.0910265
178.608539,12.09102507
178.61862,12.09102365
178.628701,12.09102222
178.638782,12.0910208
178.648863,12.09101938
178.658943,12.09101795
178.669046,12.09101653
178.679126,12.0910151
178.689207,12.09101368
178.699288,12.09101226
178.709369,12.09101083
178.71945,12.09100941
178.729529,12.09100798
178.73961,12.09100656
178.749691,12.09100513
178.759773,12.09100371
178.769879,12.09100229
178.779959,12.09100086
178.79004,12.09099944
178.800121,12.09099801
178.810203,12.09099659
178.820281,12.09099517
178.830367,12.09099374
178.840449,12.09099232
178.850531,12.09099089
178.860612,12.09098947
178.870765,12.09098805
178.880851,12.09098662
178.890929,12.0909852
178.901014,12.09098377
178.911093,12.09098235
178.921175,12.09098093
178.931255,12.0909795
178.941335,12.09097808
178.951416,12.09097665
178.961497,12.09097523
178.971592,12.0909738
178.98167,12.09097238
178.991753,12.09097096
179.001832,12.09096953
179.01192,12.09096811
179.022004,12.09096668
179.032086,12.09096526
179.042167,12.09096384
179.052247,12.09096241
179.062328,12.09096099
179.072436,12.09095956
179.082516,12.09095814
179.092597,12.09095672
179.102679,12.09095529
179.112759,12.09095387
179.122837,12.09095244
179.132918,12.09095102
179.142999,12.0909496
179.15308,12.09094817
179.163161,12.09094675
179.173265,12.09094532
179.183346,12.0909439
179.193427,12.09094247
179.203507,12.09094105
179.213587,12.09093963
179.223668,12.0909382
179.233747,12.09093678
179.243828,12.09093535
179.25391,12.09093393
179.263991,12.09093251
179.27409,12.09093108
179.284171,12.09092966
179.294254,12.09092823
179.304331,12.09092681
179.314409,12.09092539
179.324488,12.09092396
179.334566,12.09092254
179.344645,12.09092111
179.354727,12.09091969
179.364808,12.09091827
179.374921,12.09091684
179.385003,12.09091542
179.395084,12.09091399
179.405166,12.09091257
179.415247,12.09091114
179.425328,12.09090972
179.435409,12.0909083
179.445489,12.09090687
179.45557,12.09090545
179.465651,12.09090402
179.475753,12.0909026
179.485832,12.09090118
179.495913,12.09089975
179.505993,12.09089833
179.516074,12.0908969
179.526156,12.09089548
179.536236,12.09089406
179.546317,12.09089263
179.556398,12.09089121
179.566478,12.09088978
179.576567,12.09088836
179.586649,12.09088694
179.596729,12.09088551
179.60681,12.09088409
179.61689,12.09088266
179.626971,12.09088124
179.637051,12.09087982
179.647132,12.09087839
179.657212,12.09087697
179.667293,12.09087554
179.677395,12.09087412
179.687476,12.09087269
179.697556,12.09087127
179.707637,12.09086985
179.717718,12.09086842
179.727797,12.090867
179.737878,12.09086557
179.747958,12.09086415
179.758039,12.09086273
179.76812,12.0908613
179.778223,12.09085988
179.788303,12.09085845
179.798384,12.09085703
179.808464,12.09085561
179.818545,12.09085418
179.828622,12.09085276
179.838718,12.09085133
179.848801,12.09084991
179.858883,12.09084849
179.868993,12.09084706
179.879098,12.09084564
179.889181,12.09084421
179.899262,12.09084279
179.909345,12.09084136
179.919427,12.09083994
179.929506,12.09083852
179.939588,12.09083709
179.949669,12.09083567
179.959751,12.09083424
179.969833,12.09083282
179.979943,12.0908314
